gap_id,message,requirement,source,required_engine_capability,before_status,after_status,implementation,test_name,test_result,notes
OP22_GAPS_REVIEWED.csv:4,P.SP.02.MSG.001,REQ 13,"Table 34, п.13",conditional filtering of repeated instances,FIX_NOW_CODE,STILL_UNSUPPORTED,No unconfirmed normative approximation added.,,NOT_CLOSED: source/external blocker,AMBIGUOUS: blanket AP literal conflicts with separately defined PA/RE roles; resolving normative semantics is excluded.
OP22_GAPS_REVIEWED.csv:5,P.SP.02.MSG.001,REQ 14,"Table 34, п.14",cardinality after predicate,FIX_NOW_CODE,IMPLEMENTED_AND_TESTED,P.SP.02_OP_22/message_rules/P.SP.02.MSG.001.yaml: P.SP.02.MSG.001.REQ.014,P.SP.02_OP_22/tests/test_fix_now_code_msg012_xml.py::test_msg001_cardinality_counts_ap_after_filter[0]; P.SP.02_OP_22/tests/test_fix_now_code_msg012_xml.py::test_msg001_cardinality_counts_ap_after_filter[1]; P.SP.02_OP_22/tests/test_fix_now_code_msg012_xml.py::test_msg001_cardinality_counts_ap_after_filter[2],PASS,Confirmed source_refs retained. Generic DSL executes the actual owner; positive and violating production-shape XML proved. Full regression certification is recorded in FIX_NOW_CODE_FINAL_AUDIT.md.
OP22_GAPS_REVIEWED.csv:6,P.SP.02.MSG.001,REQ 15,"Table 34, п.15",conditional filtering of repeated instances,FIX_NOW_CODE,IMPLEMENTED_AND_TESTED,P.SP.02_OP_22/message_rules/P.SP.02.MSG.001.yaml: P.SP.02.MSG.001.REQ.015,P.SP.02_OP_22/tests/test_fix_now_code_msg012_xml.py::test_msg001_filtered_fields_cannot_be_borrowed[positive-15-AP]; P.SP.02_OP_22/tests/test_fix_now_code_msg012_xml.py::test_msg001_filtered_fields_cannot_be_borrowed[negative-15-AP],PASS,Confirmed source_refs retained. Generic DSL executes the actual owner; positive and violating production-shape XML proved. Full regression certification is recorded in FIX_NOW_CODE_FINAL_AUDIT.md.
OP22_GAPS_REVIEWED.csv:7,P.SP.02.MSG.001,REQ 16,"Table 34, п.16",conditional filtering of repeated instances,FIX_NOW_CODE,IMPLEMENTED_AND_TESTED,P.SP.02_OP_22/message_rules/P.SP.02.MSG.001.yaml: P.SP.02.MSG.001.REQ.016,P.SP.02_OP_22/tests/test_fix_now_code_msg012_xml.py::test_production_requirement_per_owner[OLD_NEW-positive-16-P.SP.02.MSG.001-34]; P.SP.02_OP_22/tests/test_fix_now_code_msg012_xml.py::test_production_requirement_per_owner[OLD_NEW-negative-16-P.SP.02.MSG.001-34]; P.SP.02_OP_22/tests/test_fix_now_code_msg012_xml.py::test_production_requirement_per_owner[NEW_OLD-positive-16-P.SP.02.MSG.001-34]; P.SP.02_OP_22/tests/test_fix_now_code_msg012_xml.py::test_production_requirement_per_owner[NEW_OLD-negative-16-P.SP.02.MSG.001-34],PASS,Confirmed source_refs retained. Generic DSL executes the actual owner; positive and violating production-shape XML proved. Full regression certification is recorded in FIX_NOW_CODE_FINAL_AUDIT.md.
OP22_GAPS_REVIEWED.csv:8,P.SP.02.MSG.001,REQ 17,"Table 34, п.17",conditional filtering of repeated instances,FIX_NOW_CODE,IMPLEMENTED_AND_TESTED,"P.SP.02_OP_22/message_rules/P.SP.02.MSG.001.yaml: P.SP.02.MSG.001.REQ.017, P.SP.02.MSG.001.REQ.017.LANGUAGE",P.SP.02_OP_22/tests/test_fix_now_code_msg012_xml.py::test_production_requirement_per_owner[OLD_NEW-positive-17-P.SP.02.MSG.001-34]; P.SP.02_OP_22/tests/test_fix_now_code_msg012_xml.py::test_production_requirement_per_owner[OLD_NEW-negative-17-P.SP.02.MSG.001-34]; P.SP.02_OP_22/tests/test_fix_now_code_msg012_xml.py::test_production_requirement_per_owner[NEW_OLD-positive-17-P.SP.02.MSG.001-34]; P.SP.02_OP_22/tests/test_fix_now_code_msg012_xml.py::test_production_requirement_per_owner[NEW_OLD-negative-17-P.SP.02.MSG.001-34]; P.SP.02_OP_22/tests/test_fix_now_code_msg012_xml.py::test_original_name_count_is_exactly_one_per_ap[OLD_NEW-missing_original-P.SP.02.MSG.001-34]; P.SP.02_OP_22/tests/test_fix_now_code_msg012_xml.py::test_original_name_count_is_exactly_one_per_ap[OLD_NEW-duplicate_original-P.SP.02.MSG.001-34]; P.SP.02_OP_22/tests/test_fix_now_code_msg012_xml.py::test_original_name_count_is_exactly_one_per_ap[NEW_OLD-missing_original-P.SP.02.MSG.001-34]; P.SP.02_OP_22/tests/test_fix_now_code_msg012_xml.py::test_original_name_count_is_exactly_one_per_ap[NEW_OLD-duplicate_original-P.SP.02.MSG.001-34],PASS,Confirmed source_refs retained. Generic DSL executes the actual owner; positive and violating production-shape XML proved. Full regression certification is recorded in FIX_NOW_CODE_FINAL_AUDIT.md.
OP22_GAPS_REVIEWED.csv:9,P.SP.02.MSG.001,REQ 18,"Table 34, п.18",conditional filtering of repeated instances,FIX_NOW_CODE,IMPLEMENTED_AND_TESTED,P.SP.02_OP_22/message_rules/P.SP.02.MSG.001.yaml: P.SP.02.MSG.001.REQ.018,P.SP.02_OP_22/tests/test_fix_now_code_msg012_xml.py::test_production_requirement_per_owner[OLD_NEW-positive-18-P.SP.02.MSG.001-34]; P.SP.02_OP_22/tests/test_fix_now_code_msg012_xml.py::test_production_requirement_per_owner[OLD_NEW-negative-18-P.SP.02.MSG.001-34]; P.SP.02_OP_22/tests/test_fix_now_code_msg012_xml.py::test_production_requirement_per_owner[NEW_OLD-positive-18-P.SP.02.MSG.001-34]; P.SP.02_OP_22/tests/test_fix_now_code_msg012_xml.py::test_production_requirement_per_owner[NEW_OLD-negative-18-P.SP.02.MSG.001-34],PASS,Confirmed source_refs retained. Generic DSL executes the actual owner; positive and violating production-shape XML proved. Full regression certification is recorded in FIX_NOW_CODE_FINAL_AUDIT.md.
OP22_GAPS_REVIEWED.csv:10,P.SP.02.MSG.001,REQ 19,"Table 34, п.19",conditional filtering of repeated instances,FIX_NOW_CODE,IMPLEMENTED_AND_TESTED,P.SP.02_OP_22/message_rules/P.SP.02.MSG.001.yaml: P.SP.02.MSG.001.REQ.019,P.SP.02_OP_22/tests/test_fix_now_code_msg012_xml.py::test_production_requirement_per_owner[OLD_NEW-positive-19-P.SP.02.MSG.001-34]; P.SP.02_OP_22/tests/test_fix_now_code_msg012_xml.py::test_production_requirement_per_owner[OLD_NEW-negative-19-P.SP.02.MSG.001-34]; P.SP.02_OP_22/tests/test_fix_now_code_msg012_xml.py::test_production_requirement_per_owner[NEW_OLD-positive-19-P.SP.02.MSG.001-34]; P.SP.02_OP_22/tests/test_fix_now_code_msg012_xml.py::test_production_requirement_per_owner[NEW_OLD-negative-19-P.SP.02.MSG.001-34],PASS,Confirmed source_refs retained. Generic DSL executes the actual owner; positive and violating production-shape XML proved. Full regression certification is recorded in FIX_NOW_CODE_FINAL_AUDIT.md.
OP22_GAPS_REVIEWED.csv:11,P.SP.02.MSG.001,REQ 20,"Table 34, п.20",conditional filtering of repeated instances,FIX_NOW_CODE,IMPLEMENTED_AND_TESTED,P.SP.02_OP_22/message_rules/P.SP.02.MSG.001.yaml: P.SP.02.MSG.001.REQ.020,P.SP.02_OP_22/tests/test_fix_now_code_msg012_xml.py::test_production_requirement_per_owner[OLD_NEW-positive-20-P.SP.02.MSG.001-34]; P.SP.02_OP_22/tests/test_fix_now_code_msg012_xml.py::test_production_requirement_per_owner[OLD_NEW-negative-20-P.SP.02.MSG.001-34]; P.SP.02_OP_22/tests/test_fix_now_code_msg012_xml.py::test_production_requirement_per_owner[NEW_OLD-positive-20-P.SP.02.MSG.001-34]; P.SP.02_OP_22/tests/test_fix_now_code_msg012_xml.py::test_production_requirement_per_owner[NEW_OLD-negative-20-P.SP.02.MSG.001-34],PASS,"Confirmed source_refs retained. Generic DSL executes the actual owner; positive and violating production-shape XML proved. Full regression certification is recorded in FIX_NOW_CODE_FINAL_AUDIT.md. Registry capability label is retained for arithmetic; normative Table34 REQ20 is AddressKindCode literal 2 under AP, not the second address. No fabricated ordinal restriction."
OP22_GAPS_REVIEWED.csv:12,P.SP.02.MSG.001,REQ 21,"Table 34, п.21",conditional filtering of repeated instances,FIX_NOW_CODE,IMPLEMENTED_AND_TESTED,P.SP.02_OP_22/message_rules/P.SP.02.MSG.001.yaml: P.SP.02.MSG.001.REQ.021,P.SP.02_OP_22/tests/test_fix_now_code_msg012_xml.py::test_msg001_filtered_fields_cannot_be_borrowed[positive-21-PA]; P.SP.02_OP_22/tests/test_fix_now_code_msg012_xml.py::test_msg001_filtered_fields_cannot_be_borrowed[negative-21-PA],PASS,Confirmed source_refs retained. Generic DSL executes the actual owner; positive and violating production-shape XML proved. Full regression certification is recorded in FIX_NOW_CODE_FINAL_AUDIT.md.
OP22_GAPS_REVIEWED.csv:13,P.SP.02.MSG.001,REQ 22,"Table 34, п.22",conditional filtering of repeated instances,FIX_NOW_CODE,IMPLEMENTED_AND_TESTED,P.SP.02_OP_22/message_rules/P.SP.02.MSG.001.yaml: P.SP.02.MSG.001.REQ.022,P.SP.02_OP_22/tests/test_fix_now_code_msg012_xml.py::test_msg001_filtered_fields_cannot_be_borrowed[positive-22-RE]; P.SP.02_OP_22/tests/test_fix_now_code_msg012_xml.py::test_msg001_filtered_fields_cannot_be_borrowed[negative-22-RE],PASS,Confirmed source_refs retained. Generic DSL executes the actual owner; positive and violating production-shape XML proved. Full regression certification is recorded in FIX_NOW_CODE_FINAL_AUDIT.md.
OP22_GAPS_REVIEWED.csv:14,P.SP.02.MSG.001,REQ 26,"Table 34, п.26",disjunction,FIX_NOW_CODE,IMPLEMENTED_AND_TESTED,P.SP.02_OP_22/message_rules/P.SP.02.MSG.001.yaml: P.SP.02.MSG.001.REQ.026,P.SP.02_OP_22/tests/test_fix_now_code_msg012_xml.py::test_existing_production_inclusive_or_truth_table[False-False-P.SP.02.MSG.001-34]; P.SP.02_OP_22/tests/test_fix_now_code_msg012_xml.py::test_existing_production_inclusive_or_truth_table[True-False-P.SP.02.MSG.001-34]; P.SP.02_OP_22/tests/test_fix_now_code_msg012_xml.py::test_existing_production_inclusive_or_truth_table[False-True-P.SP.02.MSG.001-34]; P.SP.02_OP_22/tests/test_fix_now_code_msg012_xml.py::test_existing_production_inclusive_or_truth_table[True-True-P.SP.02.MSG.001-34],PASS,Confirmed source_refs retained. Generic DSL executes the actual owner; positive and violating production-shape XML proved. Full regression certification is recorded in FIX_NOW_CODE_FINAL_AUDIT.md.
OP22_GAPS_REVIEWED.csv:15,P.SP.02.MSG.001,REQ 27,"Table 34, п.27",conditional filtering of repeated instances,FIX_NOW_CODE,STILL_UNSUPPORTED,No unconfirmed normative approximation added.,,NOT_CLOSED: source/external blocker,SOURCE_CONFLICT: PDF physical520 uses TrademarkColourName for the picture and omits the colour QName. Do not guess the two owners.
OP22_GAPS_REVIEWED.csv:16,P.SP.02.MSG.001,REQ 32,"Table 34, п.32",conditional filtering of repeated instances,FIX_NOW_CODE,STILL_UNSUPPORTED,No unconfirmed normative approximation added.,,NOT_CLOSED: source/external blocker,EXTERNAL: priority/classifier information is required; no invented classifier code or local default.
OP22_GAPS_REVIEWED.csv:17,P.SP.02.MSG.001,REQ 33,"Table 34, п.33",conditional filtering of repeated instances,FIX_NOW_CODE,IMPLEMENTED_AND_TESTED,P.SP.02_OP_22/message_rules/P.SP.02.MSG.001.yaml: P.SP.02.MSG.001.REQ.033,P.SP.02_OP_22/tests/test_fix_now_code_msg012_xml.py::test_msg001_document_fields_stay_with_each_document[positive]; P.SP.02_OP_22/tests/test_fix_now_code_msg012_xml.py::test_msg001_document_fields_stay_with_each_document[negative],PASS,Confirmed source_refs retained. Generic DSL executes the actual owner; positive and violating production-shape XML proved. Full regression certification is recorded in FIX_NOW_CODE_FINAL_AUDIT.md.
OP22_GAPS_REVIEWED.csv:20,P.SP.02.MSG.003,REQ 18,"Table 35/36/37, п.18",conditional filtering of repeated instances,FIX_NOW_CODE,IMPLEMENTED_AND_TESTED,P.SP.02_OP_22/message_rules/P.SP.02.MSG.003.yaml: P.SP.02.MSG.003.T37.REQ.18,P.SP.02_OP_22/tests/test_fix_now_code_register_xml.py::test_collective_ue_party_is_required_in_same_record[False-valid-003-37]; P.SP.02_OP_22/tests/test_fix_now_code_register_xml.py::test_collective_ue_party_is_required_in_same_record[False-inactive-003-37]; P.SP.02_OP_22/tests/test_fix_now_code_register_xml.py::test_collective_ue_party_is_required_in_same_record[False-wrong_owner-003-37]; P.SP.02_OP_22/tests/test_fix_now_code_register_xml.py::test_collective_ue_party_is_required_in_same_record[False-missing_role-003-37]; P.SP.02_OP_22/tests/test_fix_now_code_register_xml.py::test_collective_ue_party_is_required_in_same_record[True-valid-003-37]; P.SP.02_OP_22/tests/test_fix_now_code_register_xml.py::test_collective_ue_party_is_required_in_same_record[True-inactive-003-37]; P.SP.02_OP_22/tests/test_fix_now_code_register_xml.py::test_collective_ue_party_is_required_in_same_record[True-wrong_owner-003-37]; P.SP.02_OP_22/tests/test_fix_now_code_register_xml.py::test_collective_ue_party_is_required_in_same_record[True-missing_role-003-37],PASS,Confirmed source_refs retained. Generic DSL executes the actual owner; positive and violating production-shape XML proved. Full regression certification is recorded in FIX_NOW_CODE_FINAL_AUDIT.md.
OP22_GAPS_REVIEWED.csv:21,P.SP.02.MSG.003,REQ 19,"Table 35/36/37, п.19",conditional filtering of repeated instances,FIX_NOW_CODE,STILL_UNSUPPORTED,No unconfirmed normative approximation added.,,NOT_CLOSED: source/external blocker,EXTERNAL: collective charter document-kind code is not confirmed locally. A document name alone cannot replace the normative code OR name condition.
OP22_GAPS_REVIEWED.csv:26,P.SP.02.MSG.005,REQ 33,"Table 39, п.33",conditional filtering of repeated instances,FIX_NOW_CODE,STILL_UNSUPPORTED,No unconfirmed normative approximation added.,,NOT_CLOSED: source/external blocker,SOURCE_CONFLICT/SEMANTIC_ROLE: PDF physical537 requires ArgumentDetails under StakeholderDetails; a different APP-level argument owner is not interchangeable.
OP22_GAPS_REVIEWED.csv:29,P.SP.02.MSG.007,REQ 2,"Table 41, п.2",conditional filtering of repeated instances,FIX_NOW_CODE,STILL_UNSUPPORTED,No unconfirmed normative approximation added.,,NOT_CLOSED: source/external blocker,EXTERNAL: required/prohibited document must first be identified by a confirmed document-kind classifier. No invented code or local-name shortcut.
OP22_GAPS_REVIEWED.csv:30,P.SP.02.MSG.007,REQ 3,"Table 41, п.3",conditional filtering of repeated instances,FIX_NOW_CODE,STILL_UNSUPPORTED,No unconfirmed normative approximation added.,,NOT_CLOSED: source/external blocker,EXTERNAL: required/prohibited document must first be identified by a confirmed document-kind classifier. No invented code or local-name shortcut.
OP22_GAPS_REVIEWED.csv:31,P.SP.02.MSG.009,REQ 2,"Table 42, п.2",conditional filtering of repeated instances,FIX_NOW_CODE,STILL_UNSUPPORTED,No unconfirmed normative approximation added.,,NOT_CLOSED: source/external blocker,EXTERNAL: required/prohibited document must first be identified by a confirmed document-kind classifier. No invented code or local-name shortcut.
OP22_GAPS_REVIEWED.csv:32,P.SP.02.MSG.009,REQ 3,"Table 42, п.3",conditional filtering of repeated instances,FIX_NOW_CODE,STILL_UNSUPPORTED,No unconfirmed normative approximation added.,,NOT_CLOSED: source/external blocker,EXTERNAL: required/prohibited document must first be identified by a confirmed document-kind classifier. No invented code or local-name shortcut.
OP22_GAPS_REVIEWED.csv:33,P.SP.02.MSG.010,REQ 2,"Table 43, п.2",conditional filtering of repeated instances,FIX_NOW_CODE,STILL_UNSUPPORTED,No unconfirmed normative approximation added.,,NOT_CLOSED: source/external blocker,EXTERNAL: required/prohibited document must first be identified by a confirmed document-kind classifier. No invented code or local-name shortcut.
OP22_GAPS_REVIEWED.csv:34,P.SP.02.MSG.010,REQ 3,"Table 43, п.3",conditional filtering of repeated instances,FIX_NOW_CODE,STILL_UNSUPPORTED,No unconfirmed normative approximation added.,,NOT_CLOSED: source/external blocker,EXTERNAL: required/prohibited document must first be identified by a confirmed document-kind classifier. No invented code or local-name shortcut.
OP22_GAPS_REVIEWED.csv:35,P.SP.02.MSG.011,REQ 2,"Table 44, п.2",conditional filtering of repeated instances,FIX_NOW_CODE,STILL_UNSUPPORTED,No unconfirmed normative approximation added.,,NOT_CLOSED: source/external blocker,EXTERNAL: required/prohibited document must first be identified by a confirmed document-kind classifier. No invented code or local-name shortcut.
OP22_GAPS_REVIEWED.csv:36,P.SP.02.MSG.011,REQ 3,"Table 44, п.3",conditional filtering of repeated instances,FIX_NOW_CODE,STILL_UNSUPPORTED,No unconfirmed normative approximation added.,,NOT_CLOSED: source/external blocker,EXTERNAL: required/prohibited document must first be identified by a confirmed document-kind classifier. No invented code or local-name shortcut.
OP22_GAPS_REVIEWED.csv:42,P.SP.02.MSG.012,REQ 16,"Таблица 45/34, п.16 (R.IP.SP.02.002)",positional/ordinal access,FIX_NOW_CODE,IMPLEMENTED_AND_TESTED,P.SP.02_OP_22/message_rules/P.SP.02.MSG.012.yaml: P.SP.02.MSG.012.T45.REQ.16,P.SP.02_OP_22/tests/test_fix_now_code_msg012_xml.py::test_production_requirement_per_owner[OLD_NEW-positive-16-P.SP.02.MSG.012-45]; P.SP.02_OP_22/tests/test_fix_now_code_msg012_xml.py::test_production_requirement_per_owner[OLD_NEW-negative-16-P.SP.02.MSG.012-45]; P.SP.02_OP_22/tests/test_fix_now_code_msg012_xml.py::test_production_requirement_per_owner[NEW_OLD-positive-16-P.SP.02.MSG.012-45]; P.SP.02_OP_22/tests/test_fix_now_code_msg012_xml.py::test_production_requirement_per_owner[NEW_OLD-negative-16-P.SP.02.MSG.012-45],PASS,Confirmed source_refs retained. Generic DSL executes the actual owner; positive and violating production-shape XML proved. Full regression certification is recorded in FIX_NOW_CODE_FINAL_AUDIT.md.
OP22_GAPS_REVIEWED.csv:43,P.SP.02.MSG.012,REQ 17,"Таблица 45/34, п.17 (R.IP.SP.02.002)",positional/ordinal access,FIX_NOW_CODE,IMPLEMENTED_AND_TESTED,"P.SP.02_OP_22/message_rules/P.SP.02.MSG.012.yaml: P.SP.02.MSG.012.T45.REQ.17, P.SP.02.MSG.012.T45.REQ.17.LANGUAGE",P.SP.02_OP_22/tests/test_fix_now_code_msg012_xml.py::test_production_requirement_per_owner[OLD_NEW-positive-17-P.SP.02.MSG.012-45]; P.SP.02_OP_22/tests/test_fix_now_code_msg012_xml.py::test_production_requirement_per_owner[OLD_NEW-negative-17-P.SP.02.MSG.012-45]; P.SP.02_OP_22/tests/test_fix_now_code_msg012_xml.py::test_production_requirement_per_owner[NEW_OLD-positive-17-P.SP.02.MSG.012-45]; P.SP.02_OP_22/tests/test_fix_now_code_msg012_xml.py::test_production_requirement_per_owner[NEW_OLD-negative-17-P.SP.02.MSG.012-45]; P.SP.02_OP_22/tests/test_fix_now_code_msg012_xml.py::test_original_name_count_is_exactly_one_per_ap[OLD_NEW-missing_original-P.SP.02.MSG.012-45]; P.SP.02_OP_22/tests/test_fix_now_code_msg012_xml.py::test_original_name_count_is_exactly_one_per_ap[OLD_NEW-duplicate_original-P.SP.02.MSG.012-45]; P.SP.02_OP_22/tests/test_fix_now_code_msg012_xml.py::test_original_name_count_is_exactly_one_per_ap[NEW_OLD-missing_original-P.SP.02.MSG.012-45]; P.SP.02_OP_22/tests/test_fix_now_code_msg012_xml.py::test_original_name_count_is_exactly_one_per_ap[NEW_OLD-duplicate_original-P.SP.02.MSG.012-45],PASS,Confirmed source_refs retained. Generic DSL executes the actual owner; positive and violating production-shape XML proved. Full regression certification is recorded in FIX_NOW_CODE_FINAL_AUDIT.md.
OP22_GAPS_REVIEWED.csv:44,P.SP.02.MSG.012,REQ 18,"Таблица 45/34, п.18 (R.IP.SP.02.002)",positional/ordinal access,FIX_NOW_CODE,IMPLEMENTED_AND_TESTED,P.SP.02_OP_22/message_rules/P.SP.02.MSG.012.yaml: P.SP.02.MSG.012.T45.REQ.18,P.SP.02_OP_22/tests/test_fix_now_code_msg012_xml.py::test_production_requirement_per_owner[OLD_NEW-positive-18-P.SP.02.MSG.012-45]; P.SP.02_OP_22/tests/test_fix_now_code_msg012_xml.py::test_production_requirement_per_owner[OLD_NEW-negative-18-P.SP.02.MSG.012-45]; P.SP.02_OP_22/tests/test_fix_now_code_msg012_xml.py::test_production_requirement_per_owner[NEW_OLD-positive-18-P.SP.02.MSG.012-45]; P.SP.02_OP_22/tests/test_fix_now_code_msg012_xml.py::test_production_requirement_per_owner[NEW_OLD-negative-18-P.SP.02.MSG.012-45],PASS,Confirmed source_refs retained. Generic DSL executes the actual owner; positive and violating production-shape XML proved. Full regression certification is recorded in FIX_NOW_CODE_FINAL_AUDIT.md.
OP22_GAPS_REVIEWED.csv:45,P.SP.02.MSG.012,REQ 19,"Таблица 45/34, п.19 (R.IP.SP.02.002)",positional/ordinal access,FIX_NOW_CODE,IMPLEMENTED_AND_TESTED,P.SP.02_OP_22/message_rules/P.SP.02.MSG.012.yaml: P.SP.02.MSG.012.T45.REQ.19,P.SP.02_OP_22/tests/test_fix_now_code_msg012_xml.py::test_production_requirement_per_owner[OLD_NEW-positive-19-P.SP.02.MSG.012-45]; P.SP.02_OP_22/tests/test_fix_now_code_msg012_xml.py::test_production_requirement_per_owner[OLD_NEW-negative-19-P.SP.02.MSG.012-45]; P.SP.02_OP_22/tests/test_fix_now_code_msg012_xml.py::test_production_requirement_per_owner[NEW_OLD-positive-19-P.SP.02.MSG.012-45]; P.SP.02_OP_22/tests/test_fix_now_code_msg012_xml.py::test_production_requirement_per_owner[NEW_OLD-negative-19-P.SP.02.MSG.012-45],PASS,Confirmed source_refs retained. Generic DSL executes the actual owner; positive and violating production-shape XML proved. Full regression certification is recorded in FIX_NOW_CODE_FINAL_AUDIT.md.
OP22_GAPS_REVIEWED.csv:46,P.SP.02.MSG.012,REQ 20,"Таблица 45/34, п.20 (R.IP.SP.02.002)",positional/ordinal access,FIX_NOW_CODE,IMPLEMENTED_AND_TESTED,P.SP.02_OP_22/message_rules/P.SP.02.MSG.012.yaml: P.SP.02.MSG.012.T45.REQ.20,P.SP.02_OP_22/tests/test_fix_now_code_msg012_xml.py::test_production_requirement_per_owner[OLD_NEW-positive-20-P.SP.02.MSG.012-45]; P.SP.02_OP_22/tests/test_fix_now_code_msg012_xml.py::test_production_requirement_per_owner[OLD_NEW-negative-20-P.SP.02.MSG.012-45]; P.SP.02_OP_22/tests/test_fix_now_code_msg012_xml.py::test_production_requirement_per_owner[NEW_OLD-positive-20-P.SP.02.MSG.012-45]; P.SP.02_OP_22/tests/test_fix_now_code_msg012_xml.py::test_production_requirement_per_owner[NEW_OLD-negative-20-P.SP.02.MSG.012-45],PASS,"Confirmed source_refs retained. Generic DSL executes the actual owner; positive and violating production-shape XML proved. Full regression certification is recorded in FIX_NOW_CODE_FINAL_AUDIT.md. Registry capability label is retained for arithmetic; normative Table34 REQ20 is AddressKindCode literal 2 under AP, not the second address. No fabricated ordinal restriction."
OP22_GAPS_REVIEWED.csv:48,P.SP.02.MSG.013,REQ 2,"Table 46, п.2",conditional filtering of repeated instances,FIX_NOW_CODE,STILL_UNSUPPORTED,No unconfirmed normative approximation added.,,NOT_CLOSED: source/external blocker,EXTERNAL: required/prohibited document must first be identified by a confirmed document-kind classifier. No invented code or local-name shortcut.
OP22_GAPS_REVIEWED.csv:49,P.SP.02.MSG.013,REQ 3,"Table 46, п.3",conditional filtering of repeated instances,FIX_NOW_CODE,STILL_UNSUPPORTED,No unconfirmed normative approximation added.,,NOT_CLOSED: source/external blocker,EXTERNAL: required/prohibited document must first be identified by a confirmed document-kind classifier. No invented code or local-name shortcut.
OP22_GAPS_REVIEWED.csv:50,P.SP.02.MSG.014,REQ 2,"Table 47, п.2",conditional filtering of repeated instances,FIX_NOW_CODE,STILL_UNSUPPORTED,No unconfirmed normative approximation added.,,NOT_CLOSED: source/external blocker,EXTERNAL: Commission/resource state is absent from the current document.
OP22_GAPS_REVIEWED.csv:52,P.SP.02.MSG.014,REQ 5,"Table 47, п.5",conditional filtering of repeated instances,FIX_NOW_CODE,STILL_UNSUPPORTED,No unconfirmed normative approximation added.,,NOT_CLOSED: source/external blocker,EXTERNAL: document-kind classifier data is required to identify the prohibited document.
OP22_GAPS_REVIEWED.csv:53,P.SP.02.MSG.014,REQ 30,"Table 47, п.30",conditional filtering of repeated instances,FIX_NOW_CODE,STILL_UNSUPPORTED,No unconfirmed normative approximation added.,,NOT_CLOSED: source/external blocker,EXTERNAL: the AS attachment document kind requires confirmed classifier data.
OP22_GAPS_REVIEWED.csv:57,P.SP.02.MSG.020,REQ 3,"Table 53, п.3",positional/ordinal access,FIX_NOW_CODE,IMPLEMENTED_AND_TESTED,P.SP.02_OP_22/message_rules/P.SP.02.MSG.020.yaml: P.SP.02.MSG.020.T53.REQ.3,P.SP.02_OP_22/tests/test_fix_now_code_register_xml.py::test_msg052_new_record_required_after_cancel_goods_filter[records0-True-020-53]; P.SP.02_OP_22/tests/test_fix_now_code_register_xml.py::test_msg052_new_record_required_after_cancel_goods_filter[records1-False-020-53]; P.SP.02_OP_22/tests/test_fix_now_code_register_xml.py::test_msg052_new_record_required_after_cancel_goods_filter[records2-True-020-53]; P.SP.02_OP_22/tests/test_fix_now_code_register_xml.py::test_msg052_new_record_required_after_cancel_goods_filter[records3-True-020-53]; P.SP.02_OP_22/tests/test_fix_now_code_register_xml.py::test_msg052_new_record_required_after_cancel_goods_filter[records4-True-020-53]; P.SP.02_OP_22/tests/test_fix_now_code_register_xml.py::test_msg052_new_record_required_after_cancel_goods_filter[records5-True-020-53]; P.SP.02_OP_22/tests/test_fix_now_code_register_xml.py::test_msg052_new_record_required_after_cancel_goods_filter[records6-False-020-53]; P.SP.02_OP_22/tests/test_fix_now_code_register_xml.py::test_msg052_new_record_required_after_cancel_goods_filter[records7-True-020-53],PASS,Confirmed source_refs retained. Generic DSL executes the actual owner; positive and violating production-shape XML proved. Full regression certification is recorded in FIX_NOW_CODE_FINAL_AUDIT.md.
OP22_GAPS_REVIEWED.csv:58,P.SP.02.MSG.021,REQ 22,"Table 54, п.22",conditional filtering of repeated instances,FIX_NOW_CODE,STILL_UNSUPPORTED,No unconfirmed normative approximation added.,,NOT_CLOSED: source/external blocker,EXTERNAL: date relation depends on prior resource state and identifying the new status date.
OP22_GAPS_REVIEWED.csv:59,P.SP.02.MSG.021,REQ 23,"Table 54, п.23",conditional filtering of repeated instances,FIX_NOW_CODE,STILL_UNSUPPORTED,No unconfirmed normative approximation added.,,NOT_CLOSED: source/external blocker,EXTERNAL: date/set inclusion depends on prior resource contents; current XML alone cannot prove it.
OP22_GAPS_REVIEWED.csv:60,P.SP.02.MSG.024,REQ 2,"Table 56, п.2",conditional filtering of repeated instances,FIX_NOW_CODE,STILL_UNSUPPORTED,No unconfirmed normative approximation added.,,NOT_CLOSED: source/external blocker,SOURCE_CONFLICT: ApellationOfOriginApplicationId referenced by PDF physical577 is absent from the production StructureDefinition; no substituted field.
OP22_GAPS_REVIEWED.csv:65,P.SP.02.MSG.027,REQ 16,"Table 57, п.16",conditional filtering of repeated instances,FIX_NOW_CODE,IMPLEMENTED_AND_TESTED,P.SP.02_OP_22/message_rules/P.SP.02.MSG.027.yaml: P.SP.02.MSG.027.T57.REQ.16,P.SP.02_OP_22/tests/test_fix_now_code_msg012_xml.py::test_production_requirement_per_owner[OLD_NEW-positive-16-P.SP.02.MSG.027-57]; P.SP.02_OP_22/tests/test_fix_now_code_msg012_xml.py::test_production_requirement_per_owner[OLD_NEW-negative-16-P.SP.02.MSG.027-57]; P.SP.02_OP_22/tests/test_fix_now_code_msg012_xml.py::test_production_requirement_per_owner[NEW_OLD-positive-16-P.SP.02.MSG.027-57]; P.SP.02_OP_22/tests/test_fix_now_code_msg012_xml.py::test_production_requirement_per_owner[NEW_OLD-negative-16-P.SP.02.MSG.027-57],PASS,Confirmed source_refs retained. Generic DSL executes the actual owner; positive and violating production-shape XML proved. Full regression certification is recorded in FIX_NOW_CODE_FINAL_AUDIT.md.
OP22_GAPS_REVIEWED.csv:66,P.SP.02.MSG.027,REQ 17,"Table 57, п.17",cardinality after predicate,FIX_NOW_CODE,IMPLEMENTED_AND_TESTED,"P.SP.02_OP_22/message_rules/P.SP.02.MSG.027.yaml: P.SP.02.MSG.027.T57.REQ.17, P.SP.02.MSG.027.T57.REQ.17.LANGUAGE",P.SP.02_OP_22/tests/test_fix_now_code_msg012_xml.py::test_production_requirement_per_owner[OLD_NEW-positive-17-P.SP.02.MSG.027-57]; P.SP.02_OP_22/tests/test_fix_now_code_msg012_xml.py::test_production_requirement_per_owner[OLD_NEW-negative-17-P.SP.02.MSG.027-57]; P.SP.02_OP_22/tests/test_fix_now_code_msg012_xml.py::test_production_requirement_per_owner[NEW_OLD-positive-17-P.SP.02.MSG.027-57]; P.SP.02_OP_22/tests/test_fix_now_code_msg012_xml.py::test_production_requirement_per_owner[NEW_OLD-negative-17-P.SP.02.MSG.027-57]; P.SP.02_OP_22/tests/test_fix_now_code_msg012_xml.py::test_original_name_count_is_exactly_one_per_ap[OLD_NEW-missing_original-P.SP.02.MSG.027-57]; P.SP.02_OP_22/tests/test_fix_now_code_msg012_xml.py::test_original_name_count_is_exactly_one_per_ap[OLD_NEW-duplicate_original-P.SP.02.MSG.027-57]; P.SP.02_OP_22/tests/test_fix_now_code_msg012_xml.py::test_original_name_count_is_exactly_one_per_ap[NEW_OLD-missing_original-P.SP.02.MSG.027-57]; P.SP.02_OP_22/tests/test_fix_now_code_msg012_xml.py::test_original_name_count_is_exactly_one_per_ap[NEW_OLD-duplicate_original-P.SP.02.MSG.027-57],PASS,Confirmed source_refs retained. Generic DSL executes the actual owner; positive and violating production-shape XML proved. Full regression certification is recorded in FIX_NOW_CODE_FINAL_AUDIT.md.
OP22_GAPS_REVIEWED.csv:67,P.SP.02.MSG.027,REQ 18,"Table 57, п.18",positional/ordinal access,FIX_NOW_CODE,IMPLEMENTED_AND_TESTED,P.SP.02_OP_22/message_rules/P.SP.02.MSG.027.yaml: P.SP.02.MSG.027.T57.REQ.18,P.SP.02_OP_22/tests/test_fix_now_code_msg012_xml.py::test_production_requirement_per_owner[OLD_NEW-positive-18-P.SP.02.MSG.027-57]; P.SP.02_OP_22/tests/test_fix_now_code_msg012_xml.py::test_production_requirement_per_owner[OLD_NEW-negative-18-P.SP.02.MSG.027-57]; P.SP.02_OP_22/tests/test_fix_now_code_msg012_xml.py::test_production_requirement_per_owner[NEW_OLD-positive-18-P.SP.02.MSG.027-57]; P.SP.02_OP_22/tests/test_fix_now_code_msg012_xml.py::test_production_requirement_per_owner[NEW_OLD-negative-18-P.SP.02.MSG.027-57],PASS,Confirmed source_refs retained. Generic DSL executes the actual owner; positive and violating production-shape XML proved. Full regression certification is recorded in FIX_NOW_CODE_FINAL_AUDIT.md.
OP22_GAPS_REVIEWED.csv:68,P.SP.02.MSG.027,REQ 19,"Table 57, п.19",positional/ordinal access,FIX_NOW_CODE,IMPLEMENTED_AND_TESTED,P.SP.02_OP_22/message_rules/P.SP.02.MSG.027.yaml: P.SP.02.MSG.027.T57.REQ.19,P.SP.02_OP_22/tests/test_fix_now_code_msg012_xml.py::test_production_requirement_per_owner[OLD_NEW-positive-19-P.SP.02.MSG.027-57]; P.SP.02_OP_22/tests/test_fix_now_code_msg012_xml.py::test_production_requirement_per_owner[OLD_NEW-negative-19-P.SP.02.MSG.027-57]; P.SP.02_OP_22/tests/test_fix_now_code_msg012_xml.py::test_production_requirement_per_owner[NEW_OLD-positive-19-P.SP.02.MSG.027-57]; P.SP.02_OP_22/tests/test_fix_now_code_msg012_xml.py::test_production_requirement_per_owner[NEW_OLD-negative-19-P.SP.02.MSG.027-57],PASS,Confirmed source_refs retained. Generic DSL executes the actual owner; positive and violating production-shape XML proved. Full regression certification is recorded in FIX_NOW_CODE_FINAL_AUDIT.md.
OP22_GAPS_REVIEWED.csv:69,P.SP.02.MSG.027,REQ 20,"Table 57, п.20",conditional filtering of repeated instances,FIX_NOW_CODE,IMPLEMENTED_AND_TESTED,P.SP.02_OP_22/message_rules/P.SP.02.MSG.027.yaml: P.SP.02.MSG.027.T57.REQ.20,P.SP.02_OP_22/tests/test_fix_now_code_msg012_xml.py::test_production_requirement_per_owner[OLD_NEW-positive-20-P.SP.02.MSG.027-57]; P.SP.02_OP_22/tests/test_fix_now_code_msg012_xml.py::test_production_requirement_per_owner[OLD_NEW-negative-20-P.SP.02.MSG.027-57]; P.SP.02_OP_22/tests/test_fix_now_code_msg012_xml.py::test_production_requirement_per_owner[NEW_OLD-positive-20-P.SP.02.MSG.027-57]; P.SP.02_OP_22/tests/test_fix_now_code_msg012_xml.py::test_production_requirement_per_owner[NEW_OLD-negative-20-P.SP.02.MSG.027-57],PASS,"Confirmed source_refs retained. Generic DSL executes the actual owner; positive and violating production-shape XML proved. Full regression certification is recorded in FIX_NOW_CODE_FINAL_AUDIT.md. Registry capability label is retained for arithmetic; normative Table34 REQ20 is AddressKindCode literal 2 under AP, not the second address. No fabricated ordinal restriction."
OP22_GAPS_REVIEWED.csv:76,P.SP.02.MSG.028,REQ 18,"Table 44, п.18",positional/ordinal access,FIX_NOW_CODE,IMPLEMENTED_AND_TESTED,P.SP.02_OP_22/message_rules/P.SP.02.MSG.028.yaml: P.SP.02.MSG.028.T44.REQ.18,P.SP.02_OP_22/tests/test_fix_now_code_msg012_xml.py::test_production_requirement_per_owner[OLD_NEW-positive-18-P.SP.02.MSG.028-44]; P.SP.02_OP_22/tests/test_fix_now_code_msg012_xml.py::test_production_requirement_per_owner[OLD_NEW-negative-18-P.SP.02.MSG.028-44]; P.SP.02_OP_22/tests/test_fix_now_code_msg012_xml.py::test_production_requirement_per_owner[NEW_OLD-positive-18-P.SP.02.MSG.028-44]; P.SP.02_OP_22/tests/test_fix_now_code_msg012_xml.py::test_production_requirement_per_owner[NEW_OLD-negative-18-P.SP.02.MSG.028-44],PASS,Confirmed source_refs retained. Generic DSL executes the actual owner; positive and violating production-shape XML proved. Full regression certification is recorded in FIX_NOW_CODE_FINAL_AUDIT.md.
OP22_GAPS_REVIEWED.csv:77,P.SP.02.MSG.028,REQ 19,"Table 44, п.19",positional/ordinal access,FIX_NOW_CODE,IMPLEMENTED_AND_TESTED,P.SP.02_OP_22/message_rules/P.SP.02.MSG.028.yaml: P.SP.02.MSG.028.T44.REQ.19,P.SP.02_OP_22/tests/test_fix_now_code_msg012_xml.py::test_production_requirement_per_owner[OLD_NEW-positive-19-P.SP.02.MSG.028-44]; P.SP.02_OP_22/tests/test_fix_now_code_msg012_xml.py::test_production_requirement_per_owner[OLD_NEW-negative-19-P.SP.02.MSG.028-44]; P.SP.02_OP_22/tests/test_fix_now_code_msg012_xml.py::test_production_requirement_per_owner[NEW_OLD-positive-19-P.SP.02.MSG.028-44]; P.SP.02_OP_22/tests/test_fix_now_code_msg012_xml.py::test_production_requirement_per_owner[NEW_OLD-negative-19-P.SP.02.MSG.028-44],PASS,Confirmed source_refs retained. Generic DSL executes the actual owner; positive and violating production-shape XML proved. Full regression certification is recorded in FIX_NOW_CODE_FINAL_AUDIT.md.
OP22_GAPS_REVIEWED.csv:85,P.SP.02.MSG.029,REQ 16,"Table 45, п.16",conditional filtering of repeated instances,FIX_NOW_CODE,IMPLEMENTED_AND_TESTED,P.SP.02_OP_22/message_rules/P.SP.02.MSG.029.yaml: P.SP.02.MSG.029.T45.REQ.16,P.SP.02_OP_22/tests/test_fix_now_code_msg012_xml.py::test_production_requirement_per_owner[OLD_NEW-positive-16-P.SP.02.MSG.029-45]; P.SP.02_OP_22/tests/test_fix_now_code_msg012_xml.py::test_production_requirement_per_owner[OLD_NEW-negative-16-P.SP.02.MSG.029-45]; P.SP.02_OP_22/tests/test_fix_now_code_msg012_xml.py::test_production_requirement_per_owner[NEW_OLD-positive-16-P.SP.02.MSG.029-45]; P.SP.02_OP_22/tests/test_fix_now_code_msg012_xml.py::test_production_requirement_per_owner[NEW_OLD-negative-16-P.SP.02.MSG.029-45],PASS,Confirmed source_refs retained. Generic DSL executes the actual owner; positive and violating production-shape XML proved. Full regression certification is recorded in FIX_NOW_CODE_FINAL_AUDIT.md.
OP22_GAPS_REVIEWED.csv:86,P.SP.02.MSG.029,REQ 17,"Table 45, п.17",cardinality after predicate,FIX_NOW_CODE,IMPLEMENTED_AND_TESTED,"P.SP.02_OP_22/message_rules/P.SP.02.MSG.029.yaml: P.SP.02.MSG.029.T45.REQ.17, P.SP.02.MSG.029.T45.REQ.17.LANGUAGE",P.SP.02_OP_22/tests/test_fix_now_code_msg012_xml.py::test_production_requirement_per_owner[OLD_NEW-positive-17-P.SP.02.MSG.029-45]; P.SP.02_OP_22/tests/test_fix_now_code_msg012_xml.py::test_production_requirement_per_owner[OLD_NEW-negative-17-P.SP.02.MSG.029-45]; P.SP.02_OP_22/tests/test_fix_now_code_msg012_xml.py::test_production_requirement_per_owner[NEW_OLD-positive-17-P.SP.02.MSG.029-45]; P.SP.02_OP_22/tests/test_fix_now_code_msg012_xml.py::test_production_requirement_per_owner[NEW_OLD-negative-17-P.SP.02.MSG.029-45]; P.SP.02_OP_22/tests/test_fix_now_code_msg012_xml.py::test_original_name_count_is_exactly_one_per_ap[OLD_NEW-missing_original-P.SP.02.MSG.029-45]; P.SP.02_OP_22/tests/test_fix_now_code_msg012_xml.py::test_original_name_count_is_exactly_one_per_ap[OLD_NEW-duplicate_original-P.SP.02.MSG.029-45]; P.SP.02_OP_22/tests/test_fix_now_code_msg012_xml.py::test_original_name_count_is_exactly_one_per_ap[NEW_OLD-missing_original-P.SP.02.MSG.029-45]; P.SP.02_OP_22/tests/test_fix_now_code_msg012_xml.py::test_original_name_count_is_exactly_one_per_ap[NEW_OLD-duplicate_original-P.SP.02.MSG.029-45],PASS,Confirmed source_refs retained. Generic DSL executes the actual owner; positive and violating production-shape XML proved. Full regression certification is recorded in FIX_NOW_CODE_FINAL_AUDIT.md.
OP22_GAPS_REVIEWED.csv:87,P.SP.02.MSG.029,REQ 18,"Table 45, п.18",positional/ordinal access,FIX_NOW_CODE,IMPLEMENTED_AND_TESTED,P.SP.02_OP_22/message_rules/P.SP.02.MSG.029.yaml: P.SP.02.MSG.029.T45.REQ.18,P.SP.02_OP_22/tests/test_fix_now_code_msg012_xml.py::test_production_requirement_per_owner[OLD_NEW-positive-18-P.SP.02.MSG.029-45]; P.SP.02_OP_22/tests/test_fix_now_code_msg012_xml.py::test_production_requirement_per_owner[OLD_NEW-negative-18-P.SP.02.MSG.029-45]; P.SP.02_OP_22/tests/test_fix_now_code_msg012_xml.py::test_production_requirement_per_owner[NEW_OLD-positive-18-P.SP.02.MSG.029-45]; P.SP.02_OP_22/tests/test_fix_now_code_msg012_xml.py::test_production_requirement_per_owner[NEW_OLD-negative-18-P.SP.02.MSG.029-45],PASS,Confirmed source_refs retained. Generic DSL executes the actual owner; positive and violating production-shape XML proved. Full regression certification is recorded in FIX_NOW_CODE_FINAL_AUDIT.md.
OP22_GAPS_REVIEWED.csv:88,P.SP.02.MSG.029,REQ 19,"Table 45, п.19",positional/ordinal access,FIX_NOW_CODE,IMPLEMENTED_AND_TESTED,P.SP.02_OP_22/message_rules/P.SP.02.MSG.029.yaml: P.SP.02.MSG.029.T45.REQ.19,P.SP.02_OP_22/tests/test_fix_now_code_msg012_xml.py::test_production_requirement_per_owner[OLD_NEW-positive-19-P.SP.02.MSG.029-45]; P.SP.02_OP_22/tests/test_fix_now_code_msg012_xml.py::test_production_requirement_per_owner[OLD_NEW-negative-19-P.SP.02.MSG.029-45]; P.SP.02_OP_22/tests/test_fix_now_code_msg012_xml.py::test_production_requirement_per_owner[NEW_OLD-positive-19-P.SP.02.MSG.029-45]; P.SP.02_OP_22/tests/test_fix_now_code_msg012_xml.py::test_production_requirement_per_owner[NEW_OLD-negative-19-P.SP.02.MSG.029-45],PASS,Confirmed source_refs retained. Generic DSL executes the actual owner; positive and violating production-shape XML proved. Full regression certification is recorded in FIX_NOW_CODE_FINAL_AUDIT.md.
OP22_GAPS_REVIEWED.csv:89,P.SP.02.MSG.029,REQ 20,"Table 45, п.20",conditional filtering of repeated instances,FIX_NOW_CODE,IMPLEMENTED_AND_TESTED,P.SP.02_OP_22/message_rules/P.SP.02.MSG.029.yaml: P.SP.02.MSG.029.T45.REQ.20,P.SP.02_OP_22/tests/test_fix_now_code_msg012_xml.py::test_production_requirement_per_owner[OLD_NEW-positive-20-P.SP.02.MSG.029-45]; P.SP.02_OP_22/tests/test_fix_now_code_msg012_xml.py::test_production_requirement_per_owner[OLD_NEW-negative-20-P.SP.02.MSG.029-45]; P.SP.02_OP_22/tests/test_fix_now_code_msg012_xml.py::test_production_requirement_per_owner[NEW_OLD-positive-20-P.SP.02.MSG.029-45]; P.SP.02_OP_22/tests/test_fix_now_code_msg012_xml.py::test_production_requirement_per_owner[NEW_OLD-negative-20-P.SP.02.MSG.029-45],PASS,"Confirmed source_refs retained. Generic DSL executes the actual owner; positive and violating production-shape XML proved. Full regression certification is recorded in FIX_NOW_CODE_FINAL_AUDIT.md. Registry capability label is retained for arithmetic; normative Table34 REQ20 is AddressKindCode literal 2 under AP, not the second address. No fabricated ordinal restriction."
OP22_GAPS_REVIEWED.csv:90,P.SP.02.MSG.029,REQ 26,"Table 45, п.26",disjunction,FIX_NOW_CODE,IMPLEMENTED_AND_TESTED,P.SP.02_OP_22/message_rules/P.SP.02.MSG.029.yaml: P.SP.02.MSG.029.T45.REQ.26,P.SP.02_OP_22/tests/test_fix_now_code_msg012_xml.py::test_existing_production_inclusive_or_truth_table[False-False-P.SP.02.MSG.029-45]; P.SP.02_OP_22/tests/test_fix_now_code_msg012_xml.py::test_existing_production_inclusive_or_truth_table[True-False-P.SP.02.MSG.029-45]; P.SP.02_OP_22/tests/test_fix_now_code_msg012_xml.py::test_existing_production_inclusive_or_truth_table[False-True-P.SP.02.MSG.029-45]; P.SP.02_OP_22/tests/test_fix_now_code_msg012_xml.py::test_existing_production_inclusive_or_truth_table[True-True-P.SP.02.MSG.029-45],PASS,Confirmed source_refs retained. Generic DSL executes the actual owner; positive and violating production-shape XML proved. Full regression certification is recorded in FIX_NOW_CODE_FINAL_AUDIT.md.
OP22_GAPS_REVIEWED.csv:91,P.SP.02.MSG.029,REQ 30,"Table 45, п.30",cardinality after predicate,FIX_NOW_CODE,IMPLEMENTED_AND_TESTED,P.SP.02_OP_22/message_rules/P.SP.02.MSG.029.yaml: P.SP.02.MSG.029.T45.REQ.30,P.SP.02_OP_22/tests/test_fix_now_code_register_xml.py::test_msg029_goods_filtered_cardinality_stays_with_application[False-positive-30]; P.SP.02_OP_22/tests/test_fix_now_code_register_xml.py::test_msg029_goods_filtered_cardinality_stays_with_application[False-negative-30]; P.SP.02_OP_22/tests/test_fix_now_code_register_xml.py::test_msg029_goods_filtered_cardinality_stays_with_application[True-positive-30]; P.SP.02_OP_22/tests/test_fix_now_code_register_xml.py::test_msg029_goods_filtered_cardinality_stays_with_application[True-negative-30],PASS,Confirmed source_refs retained. Generic DSL executes the actual owner; positive and violating production-shape XML proved. Full regression certification is recorded in FIX_NOW_CODE_FINAL_AUDIT.md.
OP22_GAPS_REVIEWED.csv:92,P.SP.02.MSG.029,REQ 31,"Table 45, п.31",cardinality after predicate,FIX_NOW_CODE,IMPLEMENTED_AND_TESTED,P.SP.02_OP_22/message_rules/P.SP.02.MSG.029.yaml: P.SP.02.MSG.029.T45.REQ.31,P.SP.02_OP_22/tests/test_fix_now_code_register_xml.py::test_msg029_goods_filtered_cardinality_stays_with_application[False-positive-31]; P.SP.02_OP_22/tests/test_fix_now_code_register_xml.py::test_msg029_goods_filtered_cardinality_stays_with_application[False-negative-31]; P.SP.02_OP_22/tests/test_fix_now_code_register_xml.py::test_msg029_goods_filtered_cardinality_stays_with_application[True-positive-31]; P.SP.02_OP_22/tests/test_fix_now_code_register_xml.py::test_msg029_goods_filtered_cardinality_stays_with_application[True-negative-31],PASS,Confirmed source_refs retained. Generic DSL executes the actual owner; positive and violating production-shape XML proved. Full regression certification is recorded in FIX_NOW_CODE_FINAL_AUDIT.md.
OP22_GAPS_REVIEWED.csv:98,P.SP.02.MSG.030,REQ 16,"Table 46, п.16",conditional filtering of repeated instances,FIX_NOW_CODE,IMPLEMENTED_AND_TESTED,P.SP.02_OP_22/message_rules/P.SP.02.MSG.030.yaml: P.SP.02.MSG.030.T46.REQ.16,P.SP.02_OP_22/tests/test_fix_now_code_msg012_xml.py::test_production_requirement_per_owner[OLD_NEW-positive-16-P.SP.02.MSG.030-46]; P.SP.02_OP_22/tests/test_fix_now_code_msg012_xml.py::test_production_requirement_per_owner[OLD_NEW-negative-16-P.SP.02.MSG.030-46]; P.SP.02_OP_22/tests/test_fix_now_code_msg012_xml.py::test_production_requirement_per_owner[NEW_OLD-positive-16-P.SP.02.MSG.030-46]; P.SP.02_OP_22/tests/test_fix_now_code_msg012_xml.py::test_production_requirement_per_owner[NEW_OLD-negative-16-P.SP.02.MSG.030-46],PASS,Confirmed source_refs retained. Generic DSL executes the actual owner; positive and violating production-shape XML proved. Full regression certification is recorded in FIX_NOW_CODE_FINAL_AUDIT.md.
OP22_GAPS_REVIEWED.csv:99,P.SP.02.MSG.030,REQ 17,"Table 46, п.17",cardinality after predicate,FIX_NOW_CODE,IMPLEMENTED_AND_TESTED,"P.SP.02_OP_22/message_rules/P.SP.02.MSG.030.yaml: P.SP.02.MSG.030.T46.REQ.17, P.SP.02.MSG.030.T46.REQ.17.LANGUAGE",P.SP.02_OP_22/tests/test_fix_now_code_msg012_xml.py::test_production_requirement_per_owner[OLD_NEW-positive-17-P.SP.02.MSG.030-46]; P.SP.02_OP_22/tests/test_fix_now_code_msg012_xml.py::test_production_requirement_per_owner[OLD_NEW-negative-17-P.SP.02.MSG.030-46]; P.SP.02_OP_22/tests/test_fix_now_code_msg012_xml.py::test_production_requirement_per_owner[NEW_OLD-positive-17-P.SP.02.MSG.030-46]; P.SP.02_OP_22/tests/test_fix_now_code_msg012_xml.py::test_production_requirement_per_owner[NEW_OLD-negative-17-P.SP.02.MSG.030-46]; P.SP.02_OP_22/tests/test_fix_now_code_msg012_xml.py::test_original_name_count_is_exactly_one_per_ap[OLD_NEW-missing_original-P.SP.02.MSG.030-46]; P.SP.02_OP_22/tests/test_fix_now_code_msg012_xml.py::test_original_name_count_is_exactly_one_per_ap[OLD_NEW-duplicate_original-P.SP.02.MSG.030-46]; P.SP.02_OP_22/tests/test_fix_now_code_msg012_xml.py::test_original_name_count_is_exactly_one_per_ap[NEW_OLD-missing_original-P.SP.02.MSG.030-46]; P.SP.02_OP_22/tests/test_fix_now_code_msg012_xml.py::test_original_name_count_is_exactly_one_per_ap[NEW_OLD-duplicate_original-P.SP.02.MSG.030-46],PASS,Confirmed source_refs retained. Generic DSL executes the actual owner; positive and violating production-shape XML proved. Full regression certification is recorded in FIX_NOW_CODE_FINAL_AUDIT.md.
OP22_GAPS_REVIEWED.csv:100,P.SP.02.MSG.030,REQ 18,"Table 46, п.18",positional/ordinal access,FIX_NOW_CODE,IMPLEMENTED_AND_TESTED,P.SP.02_OP_22/message_rules/P.SP.02.MSG.030.yaml: P.SP.02.MSG.030.T46.REQ.18,P.SP.02_OP_22/tests/test_fix_now_code_msg012_xml.py::test_production_requirement_per_owner[OLD_NEW-positive-18-P.SP.02.MSG.030-46]; P.SP.02_OP_22/tests/test_fix_now_code_msg012_xml.py::test_production_requirement_per_owner[OLD_NEW-negative-18-P.SP.02.MSG.030-46]; P.SP.02_OP_22/tests/test_fix_now_code_msg012_xml.py::test_production_requirement_per_owner[NEW_OLD-positive-18-P.SP.02.MSG.030-46]; P.SP.02_OP_22/tests/test_fix_now_code_msg012_xml.py::test_production_requirement_per_owner[NEW_OLD-negative-18-P.SP.02.MSG.030-46],PASS,Confirmed source_refs retained. Generic DSL executes the actual owner; positive and violating production-shape XML proved. Full regression certification is recorded in FIX_NOW_CODE_FINAL_AUDIT.md.
OP22_GAPS_REVIEWED.csv:101,P.SP.02.MSG.030,REQ 19,"Table 46, п.19",positional/ordinal access,FIX_NOW_CODE,IMPLEMENTED_AND_TESTED,P.SP.02_OP_22/message_rules/P.SP.02.MSG.030.yaml: P.SP.02.MSG.030.T46.REQ.19,P.SP.02_OP_22/tests/test_fix_now_code_msg012_xml.py::test_production_requirement_per_owner[OLD_NEW-positive-19-P.SP.02.MSG.030-46]; P.SP.02_OP_22/tests/test_fix_now_code_msg012_xml.py::test_production_requirement_per_owner[OLD_NEW-negative-19-P.SP.02.MSG.030-46]; P.SP.02_OP_22/tests/test_fix_now_code_msg012_xml.py::test_production_requirement_per_owner[NEW_OLD-positive-19-P.SP.02.MSG.030-46]; P.SP.02_OP_22/tests/test_fix_now_code_msg012_xml.py::test_production_requirement_per_owner[NEW_OLD-negative-19-P.SP.02.MSG.030-46],PASS,Confirmed source_refs retained. Generic DSL executes the actual owner; positive and violating production-shape XML proved. Full regression certification is recorded in FIX_NOW_CODE_FINAL_AUDIT.md.
OP22_GAPS_REVIEWED.csv:102,P.SP.02.MSG.030,REQ 20,"Table 46, п.20",conditional filtering of repeated instances,FIX_NOW_CODE,IMPLEMENTED_AND_TESTED,P.SP.02_OP_22/message_rules/P.SP.02.MSG.030.yaml: P.SP.02.MSG.030.T46.REQ.20,P.SP.02_OP_22/tests/test_fix_now_code_msg012_xml.py::test_production_requirement_per_owner[OLD_NEW-positive-20-P.SP.02.MSG.030-46]; P.SP.02_OP_22/tests/test_fix_now_code_msg012_xml.py::test_production_requirement_per_owner[OLD_NEW-negative-20-P.SP.02.MSG.030-46]; P.SP.02_OP_22/tests/test_fix_now_code_msg012_xml.py::test_production_requirement_per_owner[NEW_OLD-positive-20-P.SP.02.MSG.030-46]; P.SP.02_OP_22/tests/test_fix_now_code_msg012_xml.py::test_production_requirement_per_owner[NEW_OLD-negative-20-P.SP.02.MSG.030-46],PASS,"Confirmed source_refs retained. Generic DSL executes the actual owner; positive and violating production-shape XML proved. Full regression certification is recorded in FIX_NOW_CODE_FINAL_AUDIT.md. Registry capability label is retained for arithmetic; normative Table34 REQ20 is AddressKindCode literal 2 under AP, not the second address. No fabricated ordinal restriction."
OP22_GAPS_REVIEWED.csv:103,P.SP.02.MSG.030,REQ 26,"Table 46, п.26",disjunction,FIX_NOW_CODE,IMPLEMENTED_AND_TESTED,P.SP.02_OP_22/message_rules/P.SP.02.MSG.030.yaml: P.SP.02.MSG.030.T46.REQ.26,P.SP.02_OP_22/tests/test_fix_now_code_msg012_xml.py::test_existing_production_inclusive_or_truth_table[False-False-P.SP.02.MSG.030-46]; P.SP.02_OP_22/tests/test_fix_now_code_msg012_xml.py::test_existing_production_inclusive_or_truth_table[True-False-P.SP.02.MSG.030-46]; P.SP.02_OP_22/tests/test_fix_now_code_msg012_xml.py::test_existing_production_inclusive_or_truth_table[False-True-P.SP.02.MSG.030-46]; P.SP.02_OP_22/tests/test_fix_now_code_msg012_xml.py::test_existing_production_inclusive_or_truth_table[True-True-P.SP.02.MSG.030-46],PASS,Confirmed source_refs retained. Generic DSL executes the actual owner; positive and violating production-shape XML proved. Full regression certification is recorded in FIX_NOW_CODE_FINAL_AUDIT.md.
OP22_GAPS_REVIEWED.csv:109,P.SP.02.MSG.031,REQ 16,"Таблица 48, п.16 (R.IP.SP.02.002)",cardinality after predicate,FIX_NOW_CODE,IMPLEMENTED_AND_TESTED,P.SP.02_OP_22/message_rules/P.SP.02.MSG.031.yaml: P.SP.02.MSG.031.T48.REQ.16,P.SP.02_OP_22/tests/test_fix_now_code_msg012_xml.py::test_production_requirement_per_owner[OLD_NEW-positive-16-P.SP.02.MSG.031-48]; P.SP.02_OP_22/tests/test_fix_now_code_msg012_xml.py::test_production_requirement_per_owner[OLD_NEW-negative-16-P.SP.02.MSG.031-48]; P.SP.02_OP_22/tests/test_fix_now_code_msg012_xml.py::test_production_requirement_per_owner[NEW_OLD-positive-16-P.SP.02.MSG.031-48]; P.SP.02_OP_22/tests/test_fix_now_code_msg012_xml.py::test_production_requirement_per_owner[NEW_OLD-negative-16-P.SP.02.MSG.031-48],PASS,"Production exact-QName XML serialize/parse/extract evaluation; positive and violating XML proven. Embedded owner for MSG031 is R002/Table48 or R007/Table49, regardless of outer R010 registry label. Regression certification is recorded in FIX_NOW_CODE_FINAL_AUDIT.md."
OP22_GAPS_REVIEWED.csv:110,P.SP.02.MSG.031,REQ 17,"Таблица 48, п.17 (R.IP.SP.02.002)",cardinality after predicate,FIX_NOW_CODE,IMPLEMENTED_AND_TESTED,"P.SP.02_OP_22/message_rules/P.SP.02.MSG.031.yaml: P.SP.02.MSG.031.T48.REQ.17, P.SP.02.MSG.031.T48.REQ.17.LANGUAGE",P.SP.02_OP_22/tests/test_fix_now_code_msg012_xml.py::test_production_requirement_per_owner[OLD_NEW-positive-17-P.SP.02.MSG.031-48]; P.SP.02_OP_22/tests/test_fix_now_code_msg012_xml.py::test_production_requirement_per_owner[OLD_NEW-negative-17-P.SP.02.MSG.031-48]; P.SP.02_OP_22/tests/test_fix_now_code_msg012_xml.py::test_production_requirement_per_owner[NEW_OLD-positive-17-P.SP.02.MSG.031-48]; P.SP.02_OP_22/tests/test_fix_now_code_msg012_xml.py::test_production_requirement_per_owner[NEW_OLD-negative-17-P.SP.02.MSG.031-48]; P.SP.02_OP_22/tests/test_fix_now_code_msg012_xml.py::test_original_name_count_is_exactly_one_per_ap[OLD_NEW-missing_original-P.SP.02.MSG.031-48]; P.SP.02_OP_22/tests/test_fix_now_code_msg012_xml.py::test_original_name_count_is_exactly_one_per_ap[OLD_NEW-duplicate_original-P.SP.02.MSG.031-48]; P.SP.02_OP_22/tests/test_fix_now_code_msg012_xml.py::test_original_name_count_is_exactly_one_per_ap[NEW_OLD-missing_original-P.SP.02.MSG.031-48]; P.SP.02_OP_22/tests/test_fix_now_code_msg012_xml.py::test_original_name_count_is_exactly_one_per_ap[NEW_OLD-duplicate_original-P.SP.02.MSG.031-48],PASS,"Production exact-QName XML serialize/parse/extract evaluation; positive and violating XML proven. Embedded owner for MSG031 is R002/Table48 or R007/Table49, regardless of outer R010 registry label. Regression certification is recorded in FIX_NOW_CODE_FINAL_AUDIT.md."
OP22_GAPS_REVIEWED.csv:111,P.SP.02.MSG.031,REQ 18,"Таблица 48, п.18 (R.IP.SP.02.002)",positional/ordinal access,FIX_NOW_CODE,IMPLEMENTED_AND_TESTED,P.SP.02_OP_22/message_rules/P.SP.02.MSG.031.yaml: P.SP.02.MSG.031.T48.REQ.18,P.SP.02_OP_22/tests/test_fix_now_code_msg012_xml.py::test_production_requirement_per_owner[OLD_NEW-positive-18-P.SP.02.MSG.031-48]; P.SP.02_OP_22/tests/test_fix_now_code_msg012_xml.py::test_production_requirement_per_owner[OLD_NEW-negative-18-P.SP.02.MSG.031-48]; P.SP.02_OP_22/tests/test_fix_now_code_msg012_xml.py::test_production_requirement_per_owner[NEW_OLD-positive-18-P.SP.02.MSG.031-48]; P.SP.02_OP_22/tests/test_fix_now_code_msg012_xml.py::test_production_requirement_per_owner[NEW_OLD-negative-18-P.SP.02.MSG.031-48],PASS,"Production exact-QName XML serialize/parse/extract evaluation; positive and violating XML proven. Embedded owner for MSG031 is R002/Table48 or R007/Table49, regardless of outer R010 registry label. Regression certification is recorded in FIX_NOW_CODE_FINAL_AUDIT.md."
OP22_GAPS_REVIEWED.csv:112,P.SP.02.MSG.031,REQ 19,"Таблица 48, п.19 (R.IP.SP.02.002)",positional/ordinal access,FIX_NOW_CODE,IMPLEMENTED_AND_TESTED,P.SP.02_OP_22/message_rules/P.SP.02.MSG.031.yaml: P.SP.02.MSG.031.T48.REQ.19,P.SP.02_OP_22/tests/test_fix_now_code_msg012_xml.py::test_production_requirement_per_owner[OLD_NEW-positive-19-P.SP.02.MSG.031-48]; P.SP.02_OP_22/tests/test_fix_now_code_msg012_xml.py::test_production_requirement_per_owner[OLD_NEW-negative-19-P.SP.02.MSG.031-48]; P.SP.02_OP_22/tests/test_fix_now_code_msg012_xml.py::test_production_requirement_per_owner[NEW_OLD-positive-19-P.SP.02.MSG.031-48]; P.SP.02_OP_22/tests/test_fix_now_code_msg012_xml.py::test_production_requirement_per_owner[NEW_OLD-negative-19-P.SP.02.MSG.031-48],PASS,"Production exact-QName XML serialize/parse/extract evaluation; positive and violating XML proven. Embedded owner for MSG031 is R002/Table48 or R007/Table49, regardless of outer R010 registry label. Regression certification is recorded in FIX_NOW_CODE_FINAL_AUDIT.md."
OP22_GAPS_REVIEWED.csv:113,P.SP.02.MSG.031,REQ 20,"Таблица 48, п.20 (R.IP.SP.02.002)",cardinality after predicate,FIX_NOW_CODE,IMPLEMENTED_AND_TESTED,P.SP.02_OP_22/message_rules/P.SP.02.MSG.031.yaml: P.SP.02.MSG.031.T48.REQ.20,P.SP.02_OP_22/tests/test_fix_now_code_msg012_xml.py::test_production_requirement_per_owner[OLD_NEW-positive-20-P.SP.02.MSG.031-48]; P.SP.02_OP_22/tests/test_fix_now_code_msg012_xml.py::test_production_requirement_per_owner[OLD_NEW-negative-20-P.SP.02.MSG.031-48]; P.SP.02_OP_22/tests/test_fix_now_code_msg012_xml.py::test_production_requirement_per_owner[NEW_OLD-positive-20-P.SP.02.MSG.031-48]; P.SP.02_OP_22/tests/test_fix_now_code_msg012_xml.py::test_production_requirement_per_owner[NEW_OLD-negative-20-P.SP.02.MSG.031-48],PASS,"Production exact-QName XML serialize/parse/extract evaluation; positive and violating XML proven. Embedded owner for MSG031 is R002/Table48 or R007/Table49, regardless of outer R010 registry label. Regression certification is recorded in FIX_NOW_CODE_FINAL_AUDIT.md. Registry capability label is retained for arithmetic; normative Table34 REQ20 is AddressKindCode literal 2 under AP, not the second address. No fabricated ordinal restriction."
OP22_GAPS_REVIEWED.csv:114,P.SP.02.MSG.031,REQ 26,"Таблица 48, п.26 (R.IP.SP.02.002)",disjunction,FIX_NOW_CODE,IMPLEMENTED_AND_TESTED,P.SP.02_OP_22/message_rules/P.SP.02.MSG.031.yaml: P.SP.02.MSG.031.T48.REQ.26,P.SP.02_OP_22/tests/test_fix_now_code_msg012_xml.py::test_existing_production_inclusive_or_truth_table[False-False-P.SP.02.MSG.031-48]; P.SP.02_OP_22/tests/test_fix_now_code_msg012_xml.py::test_existing_production_inclusive_or_truth_table[True-False-P.SP.02.MSG.031-48]; P.SP.02_OP_22/tests/test_fix_now_code_msg012_xml.py::test_existing_production_inclusive_or_truth_table[False-True-P.SP.02.MSG.031-48]; P.SP.02_OP_22/tests/test_fix_now_code_msg012_xml.py::test_existing_production_inclusive_or_truth_table[True-True-P.SP.02.MSG.031-48],PASS,"Production exact-QName XML serialize/parse/extract evaluation; positive and violating XML proven. Embedded owner for MSG031 is R002/Table48 or R007/Table49, regardless of outer R010 registry label. Regression certification is recorded in FIX_NOW_CODE_FINAL_AUDIT.md."
OP22_GAPS_REVIEWED.csv:120,P.SP.02.MSG.031,REQ 18 (Таблица 49),"Таблица 49, п.18 (R.IP.SP.02.007)",conditional filtering of repeated instances,FIX_NOW_CODE,IMPLEMENTED_AND_TESTED,P.SP.02_OP_22/message_rules/P.SP.02.MSG.031.yaml: P.SP.02.MSG.031.T49.REQ.18,P.SP.02_OP_22/tests/test_fix_now_code_register_xml.py::test_collective_ue_party_is_required_in_same_record[False-valid-031-49]; P.SP.02_OP_22/tests/test_fix_now_code_register_xml.py::test_collective_ue_party_is_required_in_same_record[False-inactive-031-49]; P.SP.02_OP_22/tests/test_fix_now_code_register_xml.py::test_collective_ue_party_is_required_in_same_record[False-wrong_owner-031-49]; P.SP.02_OP_22/tests/test_fix_now_code_register_xml.py::test_collective_ue_party_is_required_in_same_record[False-missing_role-031-49]; P.SP.02_OP_22/tests/test_fix_now_code_register_xml.py::test_collective_ue_party_is_required_in_same_record[True-valid-031-49]; P.SP.02_OP_22/tests/test_fix_now_code_register_xml.py::test_collective_ue_party_is_required_in_same_record[True-inactive-031-49]; P.SP.02_OP_22/tests/test_fix_now_code_register_xml.py::test_collective_ue_party_is_required_in_same_record[True-wrong_owner-031-49]; P.SP.02_OP_22/tests/test_fix_now_code_register_xml.py::test_collective_ue_party_is_required_in_same_record[True-missing_role-031-49],PASS,"Production exact-QName XML serialize/parse/extract evaluation; positive and violating XML proven. Embedded owner for MSG031 is R002/Table48 or R007/Table49, regardless of outer R010 registry label. Regression certification is recorded in FIX_NOW_CODE_FINAL_AUDIT.md."
OP22_GAPS_REVIEWED.csv:121,P.SP.02.MSG.031,REQ 19 (Таблица 49),"Таблица 49, п.19 (R.IP.SP.02.007)",conditional filtering of repeated instances,FIX_NOW_CODE,STILL_UNSUPPORTED,No unconfirmed normative approximation added.,,NOT_CLOSED: source/external blocker,EXTERNAL: collective charter document-kind code is not confirmed locally. A document name alone cannot replace the normative code OR name condition.
OP22_GAPS_REVIEWED.csv:126,P.SP.02.MSG.032,REQ 16,"Таблица 50, п.16 (R.IP.SP.02.002)",cardinality after predicate,FIX_NOW_CODE,IMPLEMENTED_AND_TESTED,P.SP.02_OP_22/message_rules/P.SP.02.MSG.032.yaml: P.SP.02.MSG.032.T50.REQ.16,P.SP.02_OP_22/tests/test_fix_now_code_msg012_xml.py::test_production_requirement_per_owner[OLD_NEW-positive-16-P.SP.02.MSG.032-50]; P.SP.02_OP_22/tests/test_fix_now_code_msg012_xml.py::test_production_requirement_per_owner[OLD_NEW-negative-16-P.SP.02.MSG.032-50]; P.SP.02_OP_22/tests/test_fix_now_code_msg012_xml.py::test_production_requirement_per_owner[NEW_OLD-positive-16-P.SP.02.MSG.032-50]; P.SP.02_OP_22/tests/test_fix_now_code_msg012_xml.py::test_production_requirement_per_owner[NEW_OLD-negative-16-P.SP.02.MSG.032-50],PASS,Confirmed source_refs retained. Generic DSL executes the actual owner; positive and violating production-shape XML proved. Full regression certification is recorded in FIX_NOW_CODE_FINAL_AUDIT.md.
OP22_GAPS_REVIEWED.csv:127,P.SP.02.MSG.032,REQ 17,"Таблица 50, п.17 (R.IP.SP.02.002)",cardinality after predicate,FIX_NOW_CODE,IMPLEMENTED_AND_TESTED,"P.SP.02_OP_22/message_rules/P.SP.02.MSG.032.yaml: P.SP.02.MSG.032.T50.REQ.17, P.SP.02.MSG.032.T50.REQ.17.LANGUAGE",P.SP.02_OP_22/tests/test_fix_now_code_msg012_xml.py::test_production_requirement_per_owner[OLD_NEW-positive-17-P.SP.02.MSG.032-50]; P.SP.02_OP_22/tests/test_fix_now_code_msg012_xml.py::test_production_requirement_per_owner[OLD_NEW-negative-17-P.SP.02.MSG.032-50]; P.SP.02_OP_22/tests/test_fix_now_code_msg012_xml.py::test_production_requirement_per_owner[NEW_OLD-positive-17-P.SP.02.MSG.032-50]; P.SP.02_OP_22/tests/test_fix_now_code_msg012_xml.py::test_production_requirement_per_owner[NEW_OLD-negative-17-P.SP.02.MSG.032-50]; P.SP.02_OP_22/tests/test_fix_now_code_msg012_xml.py::test_original_name_count_is_exactly_one_per_ap[OLD_NEW-missing_original-P.SP.02.MSG.032-50]; P.SP.02_OP_22/tests/test_fix_now_code_msg012_xml.py::test_original_name_count_is_exactly_one_per_ap[OLD_NEW-duplicate_original-P.SP.02.MSG.032-50]; P.SP.02_OP_22/tests/test_fix_now_code_msg012_xml.py::test_original_name_count_is_exactly_one_per_ap[NEW_OLD-missing_original-P.SP.02.MSG.032-50]; P.SP.02_OP_22/tests/test_fix_now_code_msg012_xml.py::test_original_name_count_is_exactly_one_per_ap[NEW_OLD-duplicate_original-P.SP.02.MSG.032-50],PASS,Confirmed source_refs retained. Generic DSL executes the actual owner; positive and violating production-shape XML proved. Full regression certification is recorded in FIX_NOW_CODE_FINAL_AUDIT.md.
OP22_GAPS_REVIEWED.csv:128,P.SP.02.MSG.032,REQ 18,"Таблица 50, п.18 (R.IP.SP.02.002)",positional/ordinal access,FIX_NOW_CODE,IMPLEMENTED_AND_TESTED,P.SP.02_OP_22/message_rules/P.SP.02.MSG.032.yaml: P.SP.02.MSG.032.T50.REQ.18,P.SP.02_OP_22/tests/test_fix_now_code_msg012_xml.py::test_production_requirement_per_owner[OLD_NEW-positive-18-P.SP.02.MSG.032-50]; P.SP.02_OP_22/tests/test_fix_now_code_msg012_xml.py::test_production_requirement_per_owner[OLD_NEW-negative-18-P.SP.02.MSG.032-50]; P.SP.02_OP_22/tests/test_fix_now_code_msg012_xml.py::test_production_requirement_per_owner[NEW_OLD-positive-18-P.SP.02.MSG.032-50]; P.SP.02_OP_22/tests/test_fix_now_code_msg012_xml.py::test_production_requirement_per_owner[NEW_OLD-negative-18-P.SP.02.MSG.032-50],PASS,Confirmed source_refs retained. Generic DSL executes the actual owner; positive and violating production-shape XML proved. Full regression certification is recorded in FIX_NOW_CODE_FINAL_AUDIT.md.
OP22_GAPS_REVIEWED.csv:129,P.SP.02.MSG.032,REQ 19,"Таблица 50, п.19 (R.IP.SP.02.002)",positional/ordinal access,FIX_NOW_CODE,IMPLEMENTED_AND_TESTED,P.SP.02_OP_22/message_rules/P.SP.02.MSG.032.yaml: P.SP.02.MSG.032.T50.REQ.19,P.SP.02_OP_22/tests/test_fix_now_code_msg012_xml.py::test_production_requirement_per_owner[OLD_NEW-positive-19-P.SP.02.MSG.032-50]; P.SP.02_OP_22/tests/test_fix_now_code_msg012_xml.py::test_production_requirement_per_owner[OLD_NEW-negative-19-P.SP.02.MSG.032-50]; P.SP.02_OP_22/tests/test_fix_now_code_msg012_xml.py::test_production_requirement_per_owner[NEW_OLD-positive-19-P.SP.02.MSG.032-50]; P.SP.02_OP_22/tests/test_fix_now_code_msg012_xml.py::test_production_requirement_per_owner[NEW_OLD-negative-19-P.SP.02.MSG.032-50],PASS,Confirmed source_refs retained. Generic DSL executes the actual owner; positive and violating production-shape XML proved. Full regression certification is recorded in FIX_NOW_CODE_FINAL_AUDIT.md.
OP22_GAPS_REVIEWED.csv:130,P.SP.02.MSG.032,REQ 20,"Таблица 50, п.20 (R.IP.SP.02.002)",cardinality after predicate,FIX_NOW_CODE,IMPLEMENTED_AND_TESTED,P.SP.02_OP_22/message_rules/P.SP.02.MSG.032.yaml: P.SP.02.MSG.032.T50.REQ.20,P.SP.02_OP_22/tests/test_fix_now_code_msg012_xml.py::test_production_requirement_per_owner[OLD_NEW-positive-20-P.SP.02.MSG.032-50]; P.SP.02_OP_22/tests/test_fix_now_code_msg012_xml.py::test_production_requirement_per_owner[OLD_NEW-negative-20-P.SP.02.MSG.032-50]; P.SP.02_OP_22/tests/test_fix_now_code_msg012_xml.py::test_production_requirement_per_owner[NEW_OLD-positive-20-P.SP.02.MSG.032-50]; P.SP.02_OP_22/tests/test_fix_now_code_msg012_xml.py::test_production_requirement_per_owner[NEW_OLD-negative-20-P.SP.02.MSG.032-50],PASS,"Confirmed source_refs retained. Generic DSL executes the actual owner; positive and violating production-shape XML proved. Full regression certification is recorded in FIX_NOW_CODE_FINAL_AUDIT.md. Registry capability label is retained for arithmetic; normative Table34 REQ20 is AddressKindCode literal 2 under AP, not the second address. No fabricated ordinal restriction."
OP22_GAPS_REVIEWED.csv:131,P.SP.02.MSG.032,REQ 26,"Таблица 50, п.26 (R.IP.SP.02.002)",disjunction,FIX_NOW_CODE,IMPLEMENTED_AND_TESTED,P.SP.02_OP_22/message_rules/P.SP.02.MSG.032.yaml: P.SP.02.MSG.032.T50.REQ.26,P.SP.02_OP_22/tests/test_fix_now_code_msg012_xml.py::test_existing_production_inclusive_or_truth_table[False-False-P.SP.02.MSG.032-50]; P.SP.02_OP_22/tests/test_fix_now_code_msg012_xml.py::test_existing_production_inclusive_or_truth_table[True-False-P.SP.02.MSG.032-50]; P.SP.02_OP_22/tests/test_fix_now_code_msg012_xml.py::test_existing_production_inclusive_or_truth_table[False-True-P.SP.02.MSG.032-50]; P.SP.02_OP_22/tests/test_fix_now_code_msg012_xml.py::test_existing_production_inclusive_or_truth_table[True-True-P.SP.02.MSG.032-50],PASS,Confirmed source_refs retained. Generic DSL executes the actual owner; positive and violating production-shape XML proved. Full regression certification is recorded in FIX_NOW_CODE_FINAL_AUDIT.md.
OP22_GAPS_REVIEWED.csv:136,P.SP.02.MSG.033,REQ 16,"Таблица 51, п.16 (R.IP.SP.02.002)",cardinality after predicate,FIX_NOW_CODE,IMPLEMENTED_AND_TESTED,P.SP.02_OP_22/message_rules/P.SP.02.MSG.033.yaml: P.SP.02.MSG.033.T51.REQ.16,P.SP.02_OP_22/tests/test_fix_now_code_msg012_xml.py::test_production_requirement_per_owner[OLD_NEW-positive-16-P.SP.02.MSG.033-51]; P.SP.02_OP_22/tests/test_fix_now_code_msg012_xml.py::test_production_requirement_per_owner[OLD_NEW-negative-16-P.SP.02.MSG.033-51]; P.SP.02_OP_22/tests/test_fix_now_code_msg012_xml.py::test_production_requirement_per_owner[NEW_OLD-positive-16-P.SP.02.MSG.033-51]; P.SP.02_OP_22/tests/test_fix_now_code_msg012_xml.py::test_production_requirement_per_owner[NEW_OLD-negative-16-P.SP.02.MSG.033-51],PASS,Confirmed source_refs retained. Generic DSL executes the actual owner; positive and violating production-shape XML proved. Full regression certification is recorded in FIX_NOW_CODE_FINAL_AUDIT.md.
OP22_GAPS_REVIEWED.csv:137,P.SP.02.MSG.033,REQ 17,"Таблица 51, п.17 (R.IP.SP.02.002)",cardinality after predicate,FIX_NOW_CODE,IMPLEMENTED_AND_TESTED,"P.SP.02_OP_22/message_rules/P.SP.02.MSG.033.yaml: P.SP.02.MSG.033.T51.REQ.17, P.SP.02.MSG.033.T51.REQ.17.LANGUAGE",P.SP.02_OP_22/tests/test_fix_now_code_msg012_xml.py::test_production_requirement_per_owner[OLD_NEW-positive-17-P.SP.02.MSG.033-51]; P.SP.02_OP_22/tests/test_fix_now_code_msg012_xml.py::test_production_requirement_per_owner[OLD_NEW-negative-17-P.SP.02.MSG.033-51]; P.SP.02_OP_22/tests/test_fix_now_code_msg012_xml.py::test_production_requirement_per_owner[NEW_OLD-positive-17-P.SP.02.MSG.033-51]; P.SP.02_OP_22/tests/test_fix_now_code_msg012_xml.py::test_production_requirement_per_owner[NEW_OLD-negative-17-P.SP.02.MSG.033-51]; P.SP.02_OP_22/tests/test_fix_now_code_msg012_xml.py::test_original_name_count_is_exactly_one_per_ap[OLD_NEW-missing_original-P.SP.02.MSG.033-51]; P.SP.02_OP_22/tests/test_fix_now_code_msg012_xml.py::test_original_name_count_is_exactly_one_per_ap[OLD_NEW-duplicate_original-P.SP.02.MSG.033-51]; P.SP.02_OP_22/tests/test_fix_now_code_msg012_xml.py::test_original_name_count_is_exactly_one_per_ap[NEW_OLD-missing_original-P.SP.02.MSG.033-51]; P.SP.02_OP_22/tests/test_fix_now_code_msg012_xml.py::test_original_name_count_is_exactly_one_per_ap[NEW_OLD-duplicate_original-P.SP.02.MSG.033-51],PASS,Confirmed source_refs retained. Generic DSL executes the actual owner; positive and violating production-shape XML proved. Full regression certification is recorded in FIX_NOW_CODE_FINAL_AUDIT.md.
OP22_GAPS_REVIEWED.csv:138,P.SP.02.MSG.033,REQ 18,"Таблица 51, п.18 (R.IP.SP.02.002)",positional/ordinal access,FIX_NOW_CODE,IMPLEMENTED_AND_TESTED,P.SP.02_OP_22/message_rules/P.SP.02.MSG.033.yaml: P.SP.02.MSG.033.T51.REQ.18,P.SP.02_OP_22/tests/test_fix_now_code_msg012_xml.py::test_production_requirement_per_owner[OLD_NEW-positive-18-P.SP.02.MSG.033-51]; P.SP.02_OP_22/tests/test_fix_now_code_msg012_xml.py::test_production_requirement_per_owner[OLD_NEW-negative-18-P.SP.02.MSG.033-51]; P.SP.02_OP_22/tests/test_fix_now_code_msg012_xml.py::test_production_requirement_per_owner[NEW_OLD-positive-18-P.SP.02.MSG.033-51]; P.SP.02_OP_22/tests/test_fix_now_code_msg012_xml.py::test_production_requirement_per_owner[NEW_OLD-negative-18-P.SP.02.MSG.033-51],PASS,Confirmed source_refs retained. Generic DSL executes the actual owner; positive and violating production-shape XML proved. Full regression certification is recorded in FIX_NOW_CODE_FINAL_AUDIT.md.
OP22_GAPS_REVIEWED.csv:139,P.SP.02.MSG.033,REQ 19,"Таблица 51, п.19 (R.IP.SP.02.002)",positional/ordinal access,FIX_NOW_CODE,IMPLEMENTED_AND_TESTED,P.SP.02_OP_22/message_rules/P.SP.02.MSG.033.yaml: P.SP.02.MSG.033.T51.REQ.19,P.SP.02_OP_22/tests/test_fix_now_code_msg012_xml.py::test_production_requirement_per_owner[OLD_NEW-positive-19-P.SP.02.MSG.033-51]; P.SP.02_OP_22/tests/test_fix_now_code_msg012_xml.py::test_production_requirement_per_owner[OLD_NEW-negative-19-P.SP.02.MSG.033-51]; P.SP.02_OP_22/tests/test_fix_now_code_msg012_xml.py::test_production_requirement_per_owner[NEW_OLD-positive-19-P.SP.02.MSG.033-51]; P.SP.02_OP_22/tests/test_fix_now_code_msg012_xml.py::test_production_requirement_per_owner[NEW_OLD-negative-19-P.SP.02.MSG.033-51],PASS,Confirmed source_refs retained. Generic DSL executes the actual owner; positive and violating production-shape XML proved. Full regression certification is recorded in FIX_NOW_CODE_FINAL_AUDIT.md.
OP22_GAPS_REVIEWED.csv:140,P.SP.02.MSG.033,REQ 20,"Таблица 51, п.20 (R.IP.SP.02.002)",cardinality after predicate,FIX_NOW_CODE,IMPLEMENTED_AND_TESTED,P.SP.02_OP_22/message_rules/P.SP.02.MSG.033.yaml: P.SP.02.MSG.033.T51.REQ.20,P.SP.02_OP_22/tests/test_fix_now_code_msg012_xml.py::test_production_requirement_per_owner[OLD_NEW-positive-20-P.SP.02.MSG.033-51]; P.SP.02_OP_22/tests/test_fix_now_code_msg012_xml.py::test_production_requirement_per_owner[OLD_NEW-negative-20-P.SP.02.MSG.033-51]; P.SP.02_OP_22/tests/test_fix_now_code_msg012_xml.py::test_production_requirement_per_owner[NEW_OLD-positive-20-P.SP.02.MSG.033-51]; P.SP.02_OP_22/tests/test_fix_now_code_msg012_xml.py::test_production_requirement_per_owner[NEW_OLD-negative-20-P.SP.02.MSG.033-51],PASS,"Confirmed source_refs retained. Generic DSL executes the actual owner; positive and violating production-shape XML proved. Full regression certification is recorded in FIX_NOW_CODE_FINAL_AUDIT.md. Registry capability label is retained for arithmetic; normative Table34 REQ20 is AddressKindCode literal 2 under AP, not the second address. No fabricated ordinal restriction."
OP22_GAPS_REVIEWED.csv:141,P.SP.02.MSG.033,REQ 26,"Таблица 51, п.26 (R.IP.SP.02.002)",disjunction,FIX_NOW_CODE,IMPLEMENTED_AND_TESTED,P.SP.02_OP_22/message_rules/P.SP.02.MSG.033.yaml: P.SP.02.MSG.033.T51.REQ.26,P.SP.02_OP_22/tests/test_fix_now_code_msg012_xml.py::test_existing_production_inclusive_or_truth_table[False-False-P.SP.02.MSG.033-51]; P.SP.02_OP_22/tests/test_fix_now_code_msg012_xml.py::test_existing_production_inclusive_or_truth_table[True-False-P.SP.02.MSG.033-51]; P.SP.02_OP_22/tests/test_fix_now_code_msg012_xml.py::test_existing_production_inclusive_or_truth_table[False-True-P.SP.02.MSG.033-51]; P.SP.02_OP_22/tests/test_fix_now_code_msg012_xml.py::test_existing_production_inclusive_or_truth_table[True-True-P.SP.02.MSG.033-51],PASS,Confirmed source_refs retained. Generic DSL executes the actual owner; positive and violating production-shape XML proved. Full regression certification is recorded in FIX_NOW_CODE_FINAL_AUDIT.md.
OP22_GAPS_REVIEWED.csv:146,P.SP.02.MSG.034,REQ 16,"Таблица 52/44, п.16 (R.IP.SP.02.002)",cardinality after predicate,FIX_NOW_CODE,IMPLEMENTED_AND_TESTED,P.SP.02_OP_22/message_rules/P.SP.02.MSG.034.yaml: P.SP.02.MSG.034.T52.REQ.16,P.SP.02_OP_22/tests/test_fix_now_code_msg012_xml.py::test_production_requirement_per_owner[OLD_NEW-positive-16-P.SP.02.MSG.034-52]; P.SP.02_OP_22/tests/test_fix_now_code_msg012_xml.py::test_production_requirement_per_owner[OLD_NEW-negative-16-P.SP.02.MSG.034-52]; P.SP.02_OP_22/tests/test_fix_now_code_msg012_xml.py::test_production_requirement_per_owner[NEW_OLD-positive-16-P.SP.02.MSG.034-52]; P.SP.02_OP_22/tests/test_fix_now_code_msg012_xml.py::test_production_requirement_per_owner[NEW_OLD-negative-16-P.SP.02.MSG.034-52],PASS,Confirmed source_refs retained. Generic DSL executes the actual owner; positive and violating production-shape XML proved. Full regression certification is recorded in FIX_NOW_CODE_FINAL_AUDIT.md.
OP22_GAPS_REVIEWED.csv:147,P.SP.02.MSG.034,REQ 17,"Таблица 52/44, п.17 (R.IP.SP.02.002)",cardinality after predicate,FIX_NOW_CODE,IMPLEMENTED_AND_TESTED,"P.SP.02_OP_22/message_rules/P.SP.02.MSG.034.yaml: P.SP.02.MSG.034.T52.REQ.17, P.SP.02.MSG.034.T52.REQ.17.LANGUAGE",P.SP.02_OP_22/tests/test_fix_now_code_msg012_xml.py::test_production_requirement_per_owner[OLD_NEW-positive-17-P.SP.02.MSG.034-52]; P.SP.02_OP_22/tests/test_fix_now_code_msg012_xml.py::test_production_requirement_per_owner[OLD_NEW-negative-17-P.SP.02.MSG.034-52]; P.SP.02_OP_22/tests/test_fix_now_code_msg012_xml.py::test_production_requirement_per_owner[NEW_OLD-positive-17-P.SP.02.MSG.034-52]; P.SP.02_OP_22/tests/test_fix_now_code_msg012_xml.py::test_production_requirement_per_owner[NEW_OLD-negative-17-P.SP.02.MSG.034-52]; P.SP.02_OP_22/tests/test_fix_now_code_msg012_xml.py::test_original_name_count_is_exactly_one_per_ap[OLD_NEW-missing_original-P.SP.02.MSG.034-52]; P.SP.02_OP_22/tests/test_fix_now_code_msg012_xml.py::test_original_name_count_is_exactly_one_per_ap[OLD_NEW-duplicate_original-P.SP.02.MSG.034-52]; P.SP.02_OP_22/tests/test_fix_now_code_msg012_xml.py::test_original_name_count_is_exactly_one_per_ap[NEW_OLD-missing_original-P.SP.02.MSG.034-52]; P.SP.02_OP_22/tests/test_fix_now_code_msg012_xml.py::test_original_name_count_is_exactly_one_per_ap[NEW_OLD-duplicate_original-P.SP.02.MSG.034-52],PASS,Confirmed source_refs retained. Generic DSL executes the actual owner; positive and violating production-shape XML proved. Full regression certification is recorded in FIX_NOW_CODE_FINAL_AUDIT.md.
OP22_GAPS_REVIEWED.csv:148,P.SP.02.MSG.034,REQ 18,"Таблица 52/44, п.18 (R.IP.SP.02.002)",positional/ordinal access,FIX_NOW_CODE,IMPLEMENTED_AND_TESTED,P.SP.02_OP_22/message_rules/P.SP.02.MSG.034.yaml: P.SP.02.MSG.034.T52.REQ.18,P.SP.02_OP_22/tests/test_fix_now_code_msg012_xml.py::test_production_requirement_per_owner[OLD_NEW-positive-18-P.SP.02.MSG.034-52]; P.SP.02_OP_22/tests/test_fix_now_code_msg012_xml.py::test_production_requirement_per_owner[OLD_NEW-negative-18-P.SP.02.MSG.034-52]; P.SP.02_OP_22/tests/test_fix_now_code_msg012_xml.py::test_production_requirement_per_owner[NEW_OLD-positive-18-P.SP.02.MSG.034-52]; P.SP.02_OP_22/tests/test_fix_now_code_msg012_xml.py::test_production_requirement_per_owner[NEW_OLD-negative-18-P.SP.02.MSG.034-52],PASS,Confirmed source_refs retained. Generic DSL executes the actual owner; positive and violating production-shape XML proved. Full regression certification is recorded in FIX_NOW_CODE_FINAL_AUDIT.md.
OP22_GAPS_REVIEWED.csv:149,P.SP.02.MSG.034,REQ 19,"Таблица 52/44, п.19 (R.IP.SP.02.002)",positional/ordinal access,FIX_NOW_CODE,IMPLEMENTED_AND_TESTED,P.SP.02_OP_22/message_rules/P.SP.02.MSG.034.yaml: P.SP.02.MSG.034.T52.REQ.19,P.SP.02_OP_22/tests/test_fix_now_code_msg012_xml.py::test_production_requirement_per_owner[OLD_NEW-positive-19-P.SP.02.MSG.034-52]; P.SP.02_OP_22/tests/test_fix_now_code_msg012_xml.py::test_production_requirement_per_owner[OLD_NEW-negative-19-P.SP.02.MSG.034-52]; P.SP.02_OP_22/tests/test_fix_now_code_msg012_xml.py::test_production_requirement_per_owner[NEW_OLD-positive-19-P.SP.02.MSG.034-52]; P.SP.02_OP_22/tests/test_fix_now_code_msg012_xml.py::test_production_requirement_per_owner[NEW_OLD-negative-19-P.SP.02.MSG.034-52],PASS,Confirmed source_refs retained. Generic DSL executes the actual owner; positive and violating production-shape XML proved. Full regression certification is recorded in FIX_NOW_CODE_FINAL_AUDIT.md.
OP22_GAPS_REVIEWED.csv:150,P.SP.02.MSG.034,REQ 20,"Таблица 52/44, п.20 (R.IP.SP.02.002)",cardinality after predicate,FIX_NOW_CODE,IMPLEMENTED_AND_TESTED,P.SP.02_OP_22/message_rules/P.SP.02.MSG.034.yaml: P.SP.02.MSG.034.T52.REQ.20,P.SP.02_OP_22/tests/test_fix_now_code_msg012_xml.py::test_production_requirement_per_owner[OLD_NEW-positive-20-P.SP.02.MSG.034-52]; P.SP.02_OP_22/tests/test_fix_now_code_msg012_xml.py::test_production_requirement_per_owner[OLD_NEW-negative-20-P.SP.02.MSG.034-52]; P.SP.02_OP_22/tests/test_fix_now_code_msg012_xml.py::test_production_requirement_per_owner[NEW_OLD-positive-20-P.SP.02.MSG.034-52]; P.SP.02_OP_22/tests/test_fix_now_code_msg012_xml.py::test_production_requirement_per_owner[NEW_OLD-negative-20-P.SP.02.MSG.034-52],PASS,"Confirmed source_refs retained. Generic DSL executes the actual owner; positive and violating production-shape XML proved. Full regression certification is recorded in FIX_NOW_CODE_FINAL_AUDIT.md. Registry capability label is retained for arithmetic; normative Table34 REQ20 is AddressKindCode literal 2 under AP, not the second address. No fabricated ordinal restriction."
OP22_GAPS_REVIEWED.csv:151,P.SP.02.MSG.034,REQ 26,"Таблица 52/44, п.26 (R.IP.SP.02.002)",disjunction,FIX_NOW_CODE,IMPLEMENTED_AND_TESTED,P.SP.02_OP_22/message_rules/P.SP.02.MSG.034.yaml: P.SP.02.MSG.034.T52.REQ.26,P.SP.02_OP_22/tests/test_fix_now_code_msg012_xml.py::test_existing_production_inclusive_or_truth_table[False-False-P.SP.02.MSG.034-52]; P.SP.02_OP_22/tests/test_fix_now_code_msg012_xml.py::test_existing_production_inclusive_or_truth_table[True-False-P.SP.02.MSG.034-52]; P.SP.02_OP_22/tests/test_fix_now_code_msg012_xml.py::test_existing_production_inclusive_or_truth_table[False-True-P.SP.02.MSG.034-52]; P.SP.02_OP_22/tests/test_fix_now_code_msg012_xml.py::test_existing_production_inclusive_or_truth_table[True-True-P.SP.02.MSG.034-52],PASS,Confirmed source_refs retained. Generic DSL executes the actual owner; positive and violating production-shape XML proved. Full regression certification is recorded in FIX_NOW_CODE_FINAL_AUDIT.md.
OP22_GAPS_REVIEWED.csv:155,P.SP.02.MSG.035,REQ 16,"Таблица 53/44, п.16 (R.IP.SP.02.002)",cardinality after predicate,FIX_NOW_CODE,IMPLEMENTED_AND_TESTED,P.SP.02_OP_22/message_rules/P.SP.02.MSG.035.yaml: P.SP.02.MSG.035.T53.REQ.16,P.SP.02_OP_22/tests/test_fix_now_code_msg012_xml.py::test_production_requirement_per_owner[OLD_NEW-positive-16-P.SP.02.MSG.035-53]; P.SP.02_OP_22/tests/test_fix_now_code_msg012_xml.py::test_production_requirement_per_owner[OLD_NEW-negative-16-P.SP.02.MSG.035-53]; P.SP.02_OP_22/tests/test_fix_now_code_msg012_xml.py::test_production_requirement_per_owner[NEW_OLD-positive-16-P.SP.02.MSG.035-53]; P.SP.02_OP_22/tests/test_fix_now_code_msg012_xml.py::test_production_requirement_per_owner[NEW_OLD-negative-16-P.SP.02.MSG.035-53],PASS,Confirmed source_refs retained. Generic DSL executes the actual owner; positive and violating production-shape XML proved. Full regression certification is recorded in FIX_NOW_CODE_FINAL_AUDIT.md.
OP22_GAPS_REVIEWED.csv:156,P.SP.02.MSG.035,REQ 17,"Таблица 53/44, п.17 (R.IP.SP.02.002)",cardinality after predicate,FIX_NOW_CODE,IMPLEMENTED_AND_TESTED,"P.SP.02_OP_22/message_rules/P.SP.02.MSG.035.yaml: P.SP.02.MSG.035.T53.REQ.17, P.SP.02.MSG.035.T53.REQ.17.LANGUAGE",P.SP.02_OP_22/tests/test_fix_now_code_msg012_xml.py::test_production_requirement_per_owner[OLD_NEW-positive-17-P.SP.02.MSG.035-53]; P.SP.02_OP_22/tests/test_fix_now_code_msg012_xml.py::test_production_requirement_per_owner[OLD_NEW-negative-17-P.SP.02.MSG.035-53]; P.SP.02_OP_22/tests/test_fix_now_code_msg012_xml.py::test_production_requirement_per_owner[NEW_OLD-positive-17-P.SP.02.MSG.035-53]; P.SP.02_OP_22/tests/test_fix_now_code_msg012_xml.py::test_production_requirement_per_owner[NEW_OLD-negative-17-P.SP.02.MSG.035-53]; P.SP.02_OP_22/tests/test_fix_now_code_msg012_xml.py::test_original_name_count_is_exactly_one_per_ap[OLD_NEW-missing_original-P.SP.02.MSG.035-53]; P.SP.02_OP_22/tests/test_fix_now_code_msg012_xml.py::test_original_name_count_is_exactly_one_per_ap[OLD_NEW-duplicate_original-P.SP.02.MSG.035-53]; P.SP.02_OP_22/tests/test_fix_now_code_msg012_xml.py::test_original_name_count_is_exactly_one_per_ap[NEW_OLD-missing_original-P.SP.02.MSG.035-53]; P.SP.02_OP_22/tests/test_fix_now_code_msg012_xml.py::test_original_name_count_is_exactly_one_per_ap[NEW_OLD-duplicate_original-P.SP.02.MSG.035-53],PASS,Confirmed source_refs retained. Generic DSL executes the actual owner; positive and violating production-shape XML proved. Full regression certification is recorded in FIX_NOW_CODE_FINAL_AUDIT.md.
OP22_GAPS_REVIEWED.csv:157,P.SP.02.MSG.035,REQ 18,"Таблица 53/44, п.18 (R.IP.SP.02.002)",positional/ordinal access,FIX_NOW_CODE,IMPLEMENTED_AND_TESTED,P.SP.02_OP_22/message_rules/P.SP.02.MSG.035.yaml: P.SP.02.MSG.035.T53.REQ.18,P.SP.02_OP_22/tests/test_fix_now_code_msg012_xml.py::test_production_requirement_per_owner[OLD_NEW-positive-18-P.SP.02.MSG.035-53]; P.SP.02_OP_22/tests/test_fix_now_code_msg012_xml.py::test_production_requirement_per_owner[OLD_NEW-negative-18-P.SP.02.MSG.035-53]; P.SP.02_OP_22/tests/test_fix_now_code_msg012_xml.py::test_production_requirement_per_owner[NEW_OLD-positive-18-P.SP.02.MSG.035-53]; P.SP.02_OP_22/tests/test_fix_now_code_msg012_xml.py::test_production_requirement_per_owner[NEW_OLD-negative-18-P.SP.02.MSG.035-53],PASS,Confirmed source_refs retained. Generic DSL executes the actual owner; positive and violating production-shape XML proved. Full regression certification is recorded in FIX_NOW_CODE_FINAL_AUDIT.md.
OP22_GAPS_REVIEWED.csv:158,P.SP.02.MSG.035,REQ 19,"Таблица 53/44, п.19 (R.IP.SP.02.002)",positional/ordinal access,FIX_NOW_CODE,IMPLEMENTED_AND_TESTED,P.SP.02_OP_22/message_rules/P.SP.02.MSG.035.yaml: P.SP.02.MSG.035.T53.REQ.19,P.SP.02_OP_22/tests/test_fix_now_code_msg012_xml.py::test_production_requirement_per_owner[OLD_NEW-positive-19-P.SP.02.MSG.035-53]; P.SP.02_OP_22/tests/test_fix_now_code_msg012_xml.py::test_production_requirement_per_owner[OLD_NEW-negative-19-P.SP.02.MSG.035-53]; P.SP.02_OP_22/tests/test_fix_now_code_msg012_xml.py::test_production_requirement_per_owner[NEW_OLD-positive-19-P.SP.02.MSG.035-53]; P.SP.02_OP_22/tests/test_fix_now_code_msg012_xml.py::test_production_requirement_per_owner[NEW_OLD-negative-19-P.SP.02.MSG.035-53],PASS,Confirmed source_refs retained. Generic DSL executes the actual owner; positive and violating production-shape XML proved. Full regression certification is recorded in FIX_NOW_CODE_FINAL_AUDIT.md.
OP22_GAPS_REVIEWED.csv:159,P.SP.02.MSG.035,REQ 20,"Таблица 53/44, п.20 (R.IP.SP.02.002)",cardinality after predicate,FIX_NOW_CODE,IMPLEMENTED_AND_TESTED,P.SP.02_OP_22/message_rules/P.SP.02.MSG.035.yaml: P.SP.02.MSG.035.T53.REQ.20,P.SP.02_OP_22/tests/test_fix_now_code_msg012_xml.py::test_production_requirement_per_owner[OLD_NEW-positive-20-P.SP.02.MSG.035-53]; P.SP.02_OP_22/tests/test_fix_now_code_msg012_xml.py::test_production_requirement_per_owner[OLD_NEW-negative-20-P.SP.02.MSG.035-53]; P.SP.02_OP_22/tests/test_fix_now_code_msg012_xml.py::test_production_requirement_per_owner[NEW_OLD-positive-20-P.SP.02.MSG.035-53]; P.SP.02_OP_22/tests/test_fix_now_code_msg012_xml.py::test_production_requirement_per_owner[NEW_OLD-negative-20-P.SP.02.MSG.035-53],PASS,"Confirmed source_refs retained. Generic DSL executes the actual owner; positive and violating production-shape XML proved. Full regression certification is recorded in FIX_NOW_CODE_FINAL_AUDIT.md. Registry capability label is retained for arithmetic; normative Table34 REQ20 is AddressKindCode literal 2 under AP, not the second address. No fabricated ordinal restriction."
OP22_GAPS_REVIEWED.csv:160,P.SP.02.MSG.035,REQ 26,"Таблица 53/44, п.26 (R.IP.SP.02.002)",disjunction,FIX_NOW_CODE,IMPLEMENTED_AND_TESTED,P.SP.02_OP_22/message_rules/P.SP.02.MSG.035.yaml: P.SP.02.MSG.035.T53.REQ.26,P.SP.02_OP_22/tests/test_fix_now_code_msg012_xml.py::test_existing_production_inclusive_or_truth_table[False-False-P.SP.02.MSG.035-53]; P.SP.02_OP_22/tests/test_fix_now_code_msg012_xml.py::test_existing_production_inclusive_or_truth_table[True-False-P.SP.02.MSG.035-53]; P.SP.02_OP_22/tests/test_fix_now_code_msg012_xml.py::test_existing_production_inclusive_or_truth_table[False-True-P.SP.02.MSG.035-53]; P.SP.02_OP_22/tests/test_fix_now_code_msg012_xml.py::test_existing_production_inclusive_or_truth_table[True-True-P.SP.02.MSG.035-53],PASS,Confirmed source_refs retained. Generic DSL executes the actual owner; positive and violating production-shape XML proved. Full regression certification is recorded in FIX_NOW_CODE_FINAL_AUDIT.md.
OP22_GAPS_REVIEWED.csv:164,P.SP.02.MSG.036,REQ 16,"Таблица 54/44, п.16 (R.IP.SP.02.002)",cardinality after predicate,FIX_NOW_CODE,IMPLEMENTED_AND_TESTED,P.SP.02_OP_22/message_rules/P.SP.02.MSG.036.yaml: P.SP.02.MSG.036.T54.REQ.16,P.SP.02_OP_22/tests/test_fix_now_code_msg012_xml.py::test_production_requirement_per_owner[OLD_NEW-positive-16-P.SP.02.MSG.036-54]; P.SP.02_OP_22/tests/test_fix_now_code_msg012_xml.py::test_production_requirement_per_owner[OLD_NEW-negative-16-P.SP.02.MSG.036-54]; P.SP.02_OP_22/tests/test_fix_now_code_msg012_xml.py::test_production_requirement_per_owner[NEW_OLD-positive-16-P.SP.02.MSG.036-54]; P.SP.02_OP_22/tests/test_fix_now_code_msg012_xml.py::test_production_requirement_per_owner[NEW_OLD-negative-16-P.SP.02.MSG.036-54],PASS,Confirmed source_refs retained. Generic DSL executes the actual owner; positive and violating production-shape XML proved. Full regression certification is recorded in FIX_NOW_CODE_FINAL_AUDIT.md.
OP22_GAPS_REVIEWED.csv:165,P.SP.02.MSG.036,REQ 17,"Таблица 54/44, п.17 (R.IP.SP.02.002)",cardinality after predicate,FIX_NOW_CODE,IMPLEMENTED_AND_TESTED,"P.SP.02_OP_22/message_rules/P.SP.02.MSG.036.yaml: P.SP.02.MSG.036.T54.REQ.17, P.SP.02.MSG.036.T54.REQ.17.LANGUAGE",P.SP.02_OP_22/tests/test_fix_now_code_msg012_xml.py::test_production_requirement_per_owner[OLD_NEW-positive-17-P.SP.02.MSG.036-54]; P.SP.02_OP_22/tests/test_fix_now_code_msg012_xml.py::test_production_requirement_per_owner[OLD_NEW-negative-17-P.SP.02.MSG.036-54]; P.SP.02_OP_22/tests/test_fix_now_code_msg012_xml.py::test_production_requirement_per_owner[NEW_OLD-positive-17-P.SP.02.MSG.036-54]; P.SP.02_OP_22/tests/test_fix_now_code_msg012_xml.py::test_production_requirement_per_owner[NEW_OLD-negative-17-P.SP.02.MSG.036-54]; P.SP.02_OP_22/tests/test_fix_now_code_msg012_xml.py::test_original_name_count_is_exactly_one_per_ap[OLD_NEW-missing_original-P.SP.02.MSG.036-54]; P.SP.02_OP_22/tests/test_fix_now_code_msg012_xml.py::test_original_name_count_is_exactly_one_per_ap[OLD_NEW-duplicate_original-P.SP.02.MSG.036-54]; P.SP.02_OP_22/tests/test_fix_now_code_msg012_xml.py::test_original_name_count_is_exactly_one_per_ap[NEW_OLD-missing_original-P.SP.02.MSG.036-54]; P.SP.02_OP_22/tests/test_fix_now_code_msg012_xml.py::test_original_name_count_is_exactly_one_per_ap[NEW_OLD-duplicate_original-P.SP.02.MSG.036-54],PASS,Confirmed source_refs retained. Generic DSL executes the actual owner; positive and violating production-shape XML proved. Full regression certification is recorded in FIX_NOW_CODE_FINAL_AUDIT.md.
OP22_GAPS_REVIEWED.csv:166,P.SP.02.MSG.036,REQ 18,"Таблица 54/44, п.18 (R.IP.SP.02.002)",positional/ordinal access,FIX_NOW_CODE,IMPLEMENTED_AND_TESTED,P.SP.02_OP_22/message_rules/P.SP.02.MSG.036.yaml: P.SP.02.MSG.036.T54.REQ.18,P.SP.02_OP_22/tests/test_fix_now_code_msg012_xml.py::test_production_requirement_per_owner[OLD_NEW-positive-18-P.SP.02.MSG.036-54]; P.SP.02_OP_22/tests/test_fix_now_code_msg012_xml.py::test_production_requirement_per_owner[OLD_NEW-negative-18-P.SP.02.MSG.036-54]; P.SP.02_OP_22/tests/test_fix_now_code_msg012_xml.py::test_production_requirement_per_owner[NEW_OLD-positive-18-P.SP.02.MSG.036-54]; P.SP.02_OP_22/tests/test_fix_now_code_msg012_xml.py::test_production_requirement_per_owner[NEW_OLD-negative-18-P.SP.02.MSG.036-54],PASS,Confirmed source_refs retained. Generic DSL executes the actual owner; positive and violating production-shape XML proved. Full regression certification is recorded in FIX_NOW_CODE_FINAL_AUDIT.md.
OP22_GAPS_REVIEWED.csv:167,P.SP.02.MSG.036,REQ 19,"Таблица 54/44, п.19 (R.IP.SP.02.002)",positional/ordinal access,FIX_NOW_CODE,IMPLEMENTED_AND_TESTED,P.SP.02_OP_22/message_rules/P.SP.02.MSG.036.yaml: P.SP.02.MSG.036.T54.REQ.19,P.SP.02_OP_22/tests/test_fix_now_code_msg012_xml.py::test_production_requirement_per_owner[OLD_NEW-positive-19-P.SP.02.MSG.036-54]; P.SP.02_OP_22/tests/test_fix_now_code_msg012_xml.py::test_production_requirement_per_owner[OLD_NEW-negative-19-P.SP.02.MSG.036-54]; P.SP.02_OP_22/tests/test_fix_now_code_msg012_xml.py::test_production_requirement_per_owner[NEW_OLD-positive-19-P.SP.02.MSG.036-54]; P.SP.02_OP_22/tests/test_fix_now_code_msg012_xml.py::test_production_requirement_per_owner[NEW_OLD-negative-19-P.SP.02.MSG.036-54],PASS,Confirmed source_refs retained. Generic DSL executes the actual owner; positive and violating production-shape XML proved. Full regression certification is recorded in FIX_NOW_CODE_FINAL_AUDIT.md.
OP22_GAPS_REVIEWED.csv:168,P.SP.02.MSG.036,REQ 20,"Таблица 54/44, п.20 (R.IP.SP.02.002)",cardinality after predicate,FIX_NOW_CODE,IMPLEMENTED_AND_TESTED,P.SP.02_OP_22/message_rules/P.SP.02.MSG.036.yaml: P.SP.02.MSG.036.T54.REQ.20,P.SP.02_OP_22/tests/test_fix_now_code_msg012_xml.py::test_production_requirement_per_owner[OLD_NEW-positive-20-P.SP.02.MSG.036-54]; P.SP.02_OP_22/tests/test_fix_now_code_msg012_xml.py::test_production_requirement_per_owner[OLD_NEW-negative-20-P.SP.02.MSG.036-54]; P.SP.02_OP_22/tests/test_fix_now_code_msg012_xml.py::test_production_requirement_per_owner[NEW_OLD-positive-20-P.SP.02.MSG.036-54]; P.SP.02_OP_22/tests/test_fix_now_code_msg012_xml.py::test_production_requirement_per_owner[NEW_OLD-negative-20-P.SP.02.MSG.036-54],PASS,"Confirmed source_refs retained. Generic DSL executes the actual owner; positive and violating production-shape XML proved. Full regression certification is recorded in FIX_NOW_CODE_FINAL_AUDIT.md. Registry capability label is retained for arithmetic; normative Table34 REQ20 is AddressKindCode literal 2 under AP, not the second address. No fabricated ordinal restriction."
OP22_GAPS_REVIEWED.csv:169,P.SP.02.MSG.036,REQ 26,"Таблица 54/44, п.26 (R.IP.SP.02.002)",disjunction,FIX_NOW_CODE,IMPLEMENTED_AND_TESTED,P.SP.02_OP_22/message_rules/P.SP.02.MSG.036.yaml: P.SP.02.MSG.036.T54.REQ.26,P.SP.02_OP_22/tests/test_fix_now_code_msg012_xml.py::test_existing_production_inclusive_or_truth_table[False-False-P.SP.02.MSG.036-54]; P.SP.02_OP_22/tests/test_fix_now_code_msg012_xml.py::test_existing_production_inclusive_or_truth_table[True-False-P.SP.02.MSG.036-54]; P.SP.02_OP_22/tests/test_fix_now_code_msg012_xml.py::test_existing_production_inclusive_or_truth_table[False-True-P.SP.02.MSG.036-54]; P.SP.02_OP_22/tests/test_fix_now_code_msg012_xml.py::test_existing_production_inclusive_or_truth_table[True-True-P.SP.02.MSG.036-54],PASS,Confirmed source_refs retained. Generic DSL executes the actual owner; positive and violating production-shape XML proved. Full regression certification is recorded in FIX_NOW_CODE_FINAL_AUDIT.md.
OP22_GAPS_REVIEWED.csv:174,P.SP.02.MSG.037,REQ 16,"Таблица 55/44, п.16 (R.IP.SP.02.002)",positional/ordinal access,FIX_NOW_CODE,IMPLEMENTED_AND_TESTED,P.SP.02_OP_22/message_rules/P.SP.02.MSG.037.yaml: P.SP.02.MSG.037.T55.REQ.16,P.SP.02_OP_22/tests/test_fix_now_code_msg012_xml.py::test_production_requirement_per_owner[OLD_NEW-positive-16-P.SP.02.MSG.037-55]; P.SP.02_OP_22/tests/test_fix_now_code_msg012_xml.py::test_production_requirement_per_owner[OLD_NEW-negative-16-P.SP.02.MSG.037-55]; P.SP.02_OP_22/tests/test_fix_now_code_msg012_xml.py::test_production_requirement_per_owner[NEW_OLD-positive-16-P.SP.02.MSG.037-55]; P.SP.02_OP_22/tests/test_fix_now_code_msg012_xml.py::test_production_requirement_per_owner[NEW_OLD-negative-16-P.SP.02.MSG.037-55],PASS,Confirmed source_refs retained. Generic DSL executes the actual owner; positive and violating production-shape XML proved. Full regression certification is recorded in FIX_NOW_CODE_FINAL_AUDIT.md.
OP22_GAPS_REVIEWED.csv:175,P.SP.02.MSG.037,REQ 17,"Таблица 55/44, п.17 (R.IP.SP.02.002)",positional/ordinal access,FIX_NOW_CODE,IMPLEMENTED_AND_TESTED,"P.SP.02_OP_22/message_rules/P.SP.02.MSG.037.yaml: P.SP.02.MSG.037.T55.REQ.17, P.SP.02.MSG.037.T55.REQ.17.LANGUAGE",P.SP.02_OP_22/tests/test_fix_now_code_msg012_xml.py::test_production_requirement_per_owner[OLD_NEW-positive-17-P.SP.02.MSG.037-55]; P.SP.02_OP_22/tests/test_fix_now_code_msg012_xml.py::test_production_requirement_per_owner[OLD_NEW-negative-17-P.SP.02.MSG.037-55]; P.SP.02_OP_22/tests/test_fix_now_code_msg012_xml.py::test_production_requirement_per_owner[NEW_OLD-positive-17-P.SP.02.MSG.037-55]; P.SP.02_OP_22/tests/test_fix_now_code_msg012_xml.py::test_production_requirement_per_owner[NEW_OLD-negative-17-P.SP.02.MSG.037-55]; P.SP.02_OP_22/tests/test_fix_now_code_msg012_xml.py::test_original_name_count_is_exactly_one_per_ap[OLD_NEW-missing_original-P.SP.02.MSG.037-55]; P.SP.02_OP_22/tests/test_fix_now_code_msg012_xml.py::test_original_name_count_is_exactly_one_per_ap[OLD_NEW-duplicate_original-P.SP.02.MSG.037-55]; P.SP.02_OP_22/tests/test_fix_now_code_msg012_xml.py::test_original_name_count_is_exactly_one_per_ap[NEW_OLD-missing_original-P.SP.02.MSG.037-55]; P.SP.02_OP_22/tests/test_fix_now_code_msg012_xml.py::test_original_name_count_is_exactly_one_per_ap[NEW_OLD-duplicate_original-P.SP.02.MSG.037-55],PASS,Confirmed source_refs retained. Generic DSL executes the actual owner; positive and violating production-shape XML proved. Full regression certification is recorded in FIX_NOW_CODE_FINAL_AUDIT.md.
OP22_GAPS_REVIEWED.csv:176,P.SP.02.MSG.037,REQ 18,"Таблица 55/44, п.18 (R.IP.SP.02.002)",positional/ordinal access,FIX_NOW_CODE,IMPLEMENTED_AND_TESTED,P.SP.02_OP_22/message_rules/P.SP.02.MSG.037.yaml: P.SP.02.MSG.037.T55.REQ.18,P.SP.02_OP_22/tests/test_fix_now_code_msg012_xml.py::test_production_requirement_per_owner[OLD_NEW-positive-18-P.SP.02.MSG.037-55]; P.SP.02_OP_22/tests/test_fix_now_code_msg012_xml.py::test_production_requirement_per_owner[OLD_NEW-negative-18-P.SP.02.MSG.037-55]; P.SP.02_OP_22/tests/test_fix_now_code_msg012_xml.py::test_production_requirement_per_owner[NEW_OLD-positive-18-P.SP.02.MSG.037-55]; P.SP.02_OP_22/tests/test_fix_now_code_msg012_xml.py::test_production_requirement_per_owner[NEW_OLD-negative-18-P.SP.02.MSG.037-55],PASS,Confirmed source_refs retained. Generic DSL executes the actual owner; positive and violating production-shape XML proved. Full regression certification is recorded in FIX_NOW_CODE_FINAL_AUDIT.md.
OP22_GAPS_REVIEWED.csv:177,P.SP.02.MSG.037,REQ 19,"Таблица 55/44, п.19 (R.IP.SP.02.002)",positional/ordinal access,FIX_NOW_CODE,IMPLEMENTED_AND_TESTED,P.SP.02_OP_22/message_rules/P.SP.02.MSG.037.yaml: P.SP.02.MSG.037.T55.REQ.19,P.SP.02_OP_22/tests/test_fix_now_code_msg012_xml.py::test_production_requirement_per_owner[OLD_NEW-positive-19-P.SP.02.MSG.037-55]; P.SP.02_OP_22/tests/test_fix_now_code_msg012_xml.py::test_production_requirement_per_owner[OLD_NEW-negative-19-P.SP.02.MSG.037-55]; P.SP.02_OP_22/tests/test_fix_now_code_msg012_xml.py::test_production_requirement_per_owner[NEW_OLD-positive-19-P.SP.02.MSG.037-55]; P.SP.02_OP_22/tests/test_fix_now_code_msg012_xml.py::test_production_requirement_per_owner[NEW_OLD-negative-19-P.SP.02.MSG.037-55],PASS,Confirmed source_refs retained. Generic DSL executes the actual owner; positive and violating production-shape XML proved. Full regression certification is recorded in FIX_NOW_CODE_FINAL_AUDIT.md.
OP22_GAPS_REVIEWED.csv:178,P.SP.02.MSG.037,REQ 20,"Таблица 55/44, п.20 (R.IP.SP.02.002)",positional/ordinal access,FIX_NOW_CODE,IMPLEMENTED_AND_TESTED,P.SP.02_OP_22/message_rules/P.SP.02.MSG.037.yaml: P.SP.02.MSG.037.T55.REQ.20,P.SP.02_OP_22/tests/test_fix_now_code_msg012_xml.py::test_production_requirement_per_owner[OLD_NEW-positive-20-P.SP.02.MSG.037-55]; P.SP.02_OP_22/tests/test_fix_now_code_msg012_xml.py::test_production_requirement_per_owner[OLD_NEW-negative-20-P.SP.02.MSG.037-55]; P.SP.02_OP_22/tests/test_fix_now_code_msg012_xml.py::test_production_requirement_per_owner[NEW_OLD-positive-20-P.SP.02.MSG.037-55]; P.SP.02_OP_22/tests/test_fix_now_code_msg012_xml.py::test_production_requirement_per_owner[NEW_OLD-negative-20-P.SP.02.MSG.037-55],PASS,"Confirmed source_refs retained. Generic DSL executes the actual owner; positive and violating production-shape XML proved. Full regression certification is recorded in FIX_NOW_CODE_FINAL_AUDIT.md. Registry capability label is retained for arithmetic; normative Table34 REQ20 is AddressKindCode literal 2 under AP, not the second address. No fabricated ordinal restriction."
OP22_GAPS_REVIEWED.csv:179,P.SP.02.MSG.037,REQ 26,"Таблица 55/44, п.26 (R.IP.SP.02.002)",disjunction,FIX_NOW_CODE,IMPLEMENTED_AND_TESTED,P.SP.02_OP_22/message_rules/P.SP.02.MSG.037.yaml: P.SP.02.MSG.037.T55.REQ.26,P.SP.02_OP_22/tests/test_fix_now_code_msg012_xml.py::test_existing_production_inclusive_or_truth_table[False-False-P.SP.02.MSG.037-55]; P.SP.02_OP_22/tests/test_fix_now_code_msg012_xml.py::test_existing_production_inclusive_or_truth_table[True-False-P.SP.02.MSG.037-55]; P.SP.02_OP_22/tests/test_fix_now_code_msg012_xml.py::test_existing_production_inclusive_or_truth_table[False-True-P.SP.02.MSG.037-55]; P.SP.02_OP_22/tests/test_fix_now_code_msg012_xml.py::test_existing_production_inclusive_or_truth_table[True-True-P.SP.02.MSG.037-55],PASS,Confirmed source_refs retained. Generic DSL executes the actual owner; positive and violating production-shape XML proved. Full regression certification is recorded in FIX_NOW_CODE_FINAL_AUDIT.md.
OP22_GAPS_REVIEWED.csv:184,P.SP.02.MSG.038,REQ 16,"Таблица 56/44, п.16 (R.IP.SP.02.002)",disjunction,FIX_NOW_CODE,IMPLEMENTED_AND_TESTED,P.SP.02_OP_22/message_rules/P.SP.02.MSG.038.yaml: P.SP.02.MSG.038.T56.REQ.16,P.SP.02_OP_22/tests/test_fix_now_code_msg012_xml.py::test_production_requirement_per_owner[OLD_NEW-positive-16-P.SP.02.MSG.038-56]; P.SP.02_OP_22/tests/test_fix_now_code_msg012_xml.py::test_production_requirement_per_owner[OLD_NEW-negative-16-P.SP.02.MSG.038-56]; P.SP.02_OP_22/tests/test_fix_now_code_msg012_xml.py::test_production_requirement_per_owner[NEW_OLD-positive-16-P.SP.02.MSG.038-56]; P.SP.02_OP_22/tests/test_fix_now_code_msg012_xml.py::test_production_requirement_per_owner[NEW_OLD-negative-16-P.SP.02.MSG.038-56],PASS,Confirmed source_refs retained. Generic DSL executes the actual owner; positive and violating production-shape XML proved. Full regression certification is recorded in FIX_NOW_CODE_FINAL_AUDIT.md.
OP22_GAPS_REVIEWED.csv:185,P.SP.02.MSG.038,REQ 17,"Таблица 56/44, п.17 (R.IP.SP.02.002)",disjunction,FIX_NOW_CODE,IMPLEMENTED_AND_TESTED,"P.SP.02_OP_22/message_rules/P.SP.02.MSG.038.yaml: P.SP.02.MSG.038.T56.REQ.17, P.SP.02.MSG.038.T56.REQ.17.LANGUAGE",P.SP.02_OP_22/tests/test_fix_now_code_msg012_xml.py::test_production_requirement_per_owner[OLD_NEW-positive-17-P.SP.02.MSG.038-56]; P.SP.02_OP_22/tests/test_fix_now_code_msg012_xml.py::test_production_requirement_per_owner[OLD_NEW-negative-17-P.SP.02.MSG.038-56]; P.SP.02_OP_22/tests/test_fix_now_code_msg012_xml.py::test_production_requirement_per_owner[NEW_OLD-positive-17-P.SP.02.MSG.038-56]; P.SP.02_OP_22/tests/test_fix_now_code_msg012_xml.py::test_production_requirement_per_owner[NEW_OLD-negative-17-P.SP.02.MSG.038-56]; P.SP.02_OP_22/tests/test_fix_now_code_msg012_xml.py::test_original_name_count_is_exactly_one_per_ap[OLD_NEW-missing_original-P.SP.02.MSG.038-56]; P.SP.02_OP_22/tests/test_fix_now_code_msg012_xml.py::test_original_name_count_is_exactly_one_per_ap[OLD_NEW-duplicate_original-P.SP.02.MSG.038-56]; P.SP.02_OP_22/tests/test_fix_now_code_msg012_xml.py::test_original_name_count_is_exactly_one_per_ap[NEW_OLD-missing_original-P.SP.02.MSG.038-56]; P.SP.02_OP_22/tests/test_fix_now_code_msg012_xml.py::test_original_name_count_is_exactly_one_per_ap[NEW_OLD-duplicate_original-P.SP.02.MSG.038-56],PASS,Confirmed source_refs retained. Generic DSL executes the actual owner; positive and violating production-shape XML proved. Full regression certification is recorded in FIX_NOW_CODE_FINAL_AUDIT.md.
OP22_GAPS_REVIEWED.csv:186,P.SP.02.MSG.038,REQ 18,"Таблица 56/44, п.18 (R.IP.SP.02.002)",positional/ordinal access,FIX_NOW_CODE,IMPLEMENTED_AND_TESTED,P.SP.02_OP_22/message_rules/P.SP.02.MSG.038.yaml: P.SP.02.MSG.038.T56.REQ.18,P.SP.02_OP_22/tests/test_fix_now_code_msg012_xml.py::test_production_requirement_per_owner[OLD_NEW-positive-18-P.SP.02.MSG.038-56]; P.SP.02_OP_22/tests/test_fix_now_code_msg012_xml.py::test_production_requirement_per_owner[OLD_NEW-negative-18-P.SP.02.MSG.038-56]; P.SP.02_OP_22/tests/test_fix_now_code_msg012_xml.py::test_production_requirement_per_owner[NEW_OLD-positive-18-P.SP.02.MSG.038-56]; P.SP.02_OP_22/tests/test_fix_now_code_msg012_xml.py::test_production_requirement_per_owner[NEW_OLD-negative-18-P.SP.02.MSG.038-56],PASS,Confirmed source_refs retained. Generic DSL executes the actual owner; positive and violating production-shape XML proved. Full regression certification is recorded in FIX_NOW_CODE_FINAL_AUDIT.md.
OP22_GAPS_REVIEWED.csv:187,P.SP.02.MSG.038,REQ 19,"Таблица 56/44, п.19 (R.IP.SP.02.002)",positional/ordinal access,FIX_NOW_CODE,IMPLEMENTED_AND_TESTED,P.SP.02_OP_22/message_rules/P.SP.02.MSG.038.yaml: P.SP.02.MSG.038.T56.REQ.19,P.SP.02_OP_22/tests/test_fix_now_code_msg012_xml.py::test_production_requirement_per_owner[OLD_NEW-positive-19-P.SP.02.MSG.038-56]; P.SP.02_OP_22/tests/test_fix_now_code_msg012_xml.py::test_production_requirement_per_owner[OLD_NEW-negative-19-P.SP.02.MSG.038-56]; P.SP.02_OP_22/tests/test_fix_now_code_msg012_xml.py::test_production_requirement_per_owner[NEW_OLD-positive-19-P.SP.02.MSG.038-56]; P.SP.02_OP_22/tests/test_fix_now_code_msg012_xml.py::test_production_requirement_per_owner[NEW_OLD-negative-19-P.SP.02.MSG.038-56],PASS,Confirmed source_refs retained. Generic DSL executes the actual owner; positive and violating production-shape XML proved. Full regression certification is recorded in FIX_NOW_CODE_FINAL_AUDIT.md.
OP22_GAPS_REVIEWED.csv:188,P.SP.02.MSG.038,REQ 20,"Таблица 56/44, п.20 (R.IP.SP.02.002)",disjunction,FIX_NOW_CODE,IMPLEMENTED_AND_TESTED,P.SP.02_OP_22/message_rules/P.SP.02.MSG.038.yaml: P.SP.02.MSG.038.T56.REQ.20,P.SP.02_OP_22/tests/test_fix_now_code_msg012_xml.py::test_production_requirement_per_owner[OLD_NEW-positive-20-P.SP.02.MSG.038-56]; P.SP.02_OP_22/tests/test_fix_now_code_msg012_xml.py::test_production_requirement_per_owner[OLD_NEW-negative-20-P.SP.02.MSG.038-56]; P.SP.02_OP_22/tests/test_fix_now_code_msg012_xml.py::test_production_requirement_per_owner[NEW_OLD-positive-20-P.SP.02.MSG.038-56]; P.SP.02_OP_22/tests/test_fix_now_code_msg012_xml.py::test_production_requirement_per_owner[NEW_OLD-negative-20-P.SP.02.MSG.038-56],PASS,"Confirmed source_refs retained. Generic DSL executes the actual owner; positive and violating production-shape XML proved. Full regression certification is recorded in FIX_NOW_CODE_FINAL_AUDIT.md. Registry capability label is retained for arithmetic; normative Table34 REQ20 is AddressKindCode literal 2 under AP, not the second address. No fabricated ordinal restriction."
OP22_GAPS_REVIEWED.csv:189,P.SP.02.MSG.038,REQ 26,"Таблица 56/44, п.26 (R.IP.SP.02.002)",disjunction,FIX_NOW_CODE,IMPLEMENTED_AND_TESTED,P.SP.02_OP_22/message_rules/P.SP.02.MSG.038.yaml: P.SP.02.MSG.038.T56.REQ.26,P.SP.02_OP_22/tests/test_fix_now_code_msg012_xml.py::test_existing_production_inclusive_or_truth_table[False-False-P.SP.02.MSG.038-56]; P.SP.02_OP_22/tests/test_fix_now_code_msg012_xml.py::test_existing_production_inclusive_or_truth_table[True-False-P.SP.02.MSG.038-56]; P.SP.02_OP_22/tests/test_fix_now_code_msg012_xml.py::test_existing_production_inclusive_or_truth_table[False-True-P.SP.02.MSG.038-56]; P.SP.02_OP_22/tests/test_fix_now_code_msg012_xml.py::test_existing_production_inclusive_or_truth_table[True-True-P.SP.02.MSG.038-56],PASS,Confirmed source_refs retained. Generic DSL executes the actual owner; positive and violating production-shape XML proved. Full regression certification is recorded in FIX_NOW_CODE_FINAL_AUDIT.md.
OP22_GAPS_REVIEWED.csv:195,P.SP.02.MSG.039,REQ 16,"Таблица 57/44, п.16 (R.IP.SP.02.002)",positional/ordinal access,FIX_NOW_CODE,IMPLEMENTED_AND_TESTED,P.SP.02_OP_22/message_rules/P.SP.02.MSG.039.yaml: P.SP.02.MSG.039.T57.REQ.16,P.SP.02_OP_22/tests/test_fix_now_code_msg012_xml.py::test_production_requirement_per_owner[OLD_NEW-positive-16-P.SP.02.MSG.039-57]; P.SP.02_OP_22/tests/test_fix_now_code_msg012_xml.py::test_production_requirement_per_owner[OLD_NEW-negative-16-P.SP.02.MSG.039-57]; P.SP.02_OP_22/tests/test_fix_now_code_msg012_xml.py::test_production_requirement_per_owner[NEW_OLD-positive-16-P.SP.02.MSG.039-57]; P.SP.02_OP_22/tests/test_fix_now_code_msg012_xml.py::test_production_requirement_per_owner[NEW_OLD-negative-16-P.SP.02.MSG.039-57],PASS,Confirmed source_refs retained. Generic DSL executes the actual owner; positive and violating production-shape XML proved. Full regression certification is recorded in FIX_NOW_CODE_FINAL_AUDIT.md.
OP22_GAPS_REVIEWED.csv:196,P.SP.02.MSG.039,REQ 17,"Таблица 57/44, п.17 (R.IP.SP.02.002)",positional/ordinal access,FIX_NOW_CODE,IMPLEMENTED_AND_TESTED,"P.SP.02_OP_22/message_rules/P.SP.02.MSG.039.yaml: P.SP.02.MSG.039.T57.REQ.17, P.SP.02.MSG.039.T57.REQ.17.LANGUAGE",P.SP.02_OP_22/tests/test_fix_now_code_msg012_xml.py::test_production_requirement_per_owner[OLD_NEW-positive-17-P.SP.02.MSG.039-57]; P.SP.02_OP_22/tests/test_fix_now_code_msg012_xml.py::test_production_requirement_per_owner[OLD_NEW-negative-17-P.SP.02.MSG.039-57]; P.SP.02_OP_22/tests/test_fix_now_code_msg012_xml.py::test_production_requirement_per_owner[NEW_OLD-positive-17-P.SP.02.MSG.039-57]; P.SP.02_OP_22/tests/test_fix_now_code_msg012_xml.py::test_production_requirement_per_owner[NEW_OLD-negative-17-P.SP.02.MSG.039-57]; P.SP.02_OP_22/tests/test_fix_now_code_msg012_xml.py::test_original_name_count_is_exactly_one_per_ap[OLD_NEW-missing_original-P.SP.02.MSG.039-57]; P.SP.02_OP_22/tests/test_fix_now_code_msg012_xml.py::test_original_name_count_is_exactly_one_per_ap[OLD_NEW-duplicate_original-P.SP.02.MSG.039-57]; P.SP.02_OP_22/tests/test_fix_now_code_msg012_xml.py::test_original_name_count_is_exactly_one_per_ap[NEW_OLD-missing_original-P.SP.02.MSG.039-57]; P.SP.02_OP_22/tests/test_fix_now_code_msg012_xml.py::test_original_name_count_is_exactly_one_per_ap[NEW_OLD-duplicate_original-P.SP.02.MSG.039-57],PASS,Confirmed source_refs retained. Generic DSL executes the actual owner; positive and violating production-shape XML proved. Full regression certification is recorded in FIX_NOW_CODE_FINAL_AUDIT.md.
OP22_GAPS_REVIEWED.csv:197,P.SP.02.MSG.039,REQ 18,"Таблица 57/44, п.18 (R.IP.SP.02.002)",positional/ordinal access,FIX_NOW_CODE,IMPLEMENTED_AND_TESTED,P.SP.02_OP_22/message_rules/P.SP.02.MSG.039.yaml: P.SP.02.MSG.039.T57.REQ.18,P.SP.02_OP_22/tests/test_fix_now_code_msg012_xml.py::test_production_requirement_per_owner[OLD_NEW-positive-18-P.SP.02.MSG.039-57]; P.SP.02_OP_22/tests/test_fix_now_code_msg012_xml.py::test_production_requirement_per_owner[OLD_NEW-negative-18-P.SP.02.MSG.039-57]; P.SP.02_OP_22/tests/test_fix_now_code_msg012_xml.py::test_production_requirement_per_owner[NEW_OLD-positive-18-P.SP.02.MSG.039-57]; P.SP.02_OP_22/tests/test_fix_now_code_msg012_xml.py::test_production_requirement_per_owner[NEW_OLD-negative-18-P.SP.02.MSG.039-57],PASS,Confirmed source_refs retained. Generic DSL executes the actual owner; positive and violating production-shape XML proved. Full regression certification is recorded in FIX_NOW_CODE_FINAL_AUDIT.md.
OP22_GAPS_REVIEWED.csv:198,P.SP.02.MSG.039,REQ 19,"Таблица 57/44, п.19 (R.IP.SP.02.002)",positional/ordinal access,FIX_NOW_CODE,IMPLEMENTED_AND_TESTED,P.SP.02_OP_22/message_rules/P.SP.02.MSG.039.yaml: P.SP.02.MSG.039.T57.REQ.19,P.SP.02_OP_22/tests/test_fix_now_code_msg012_xml.py::test_production_requirement_per_owner[OLD_NEW-positive-19-P.SP.02.MSG.039-57]; P.SP.02_OP_22/tests/test_fix_now_code_msg012_xml.py::test_production_requirement_per_owner[OLD_NEW-negative-19-P.SP.02.MSG.039-57]; P.SP.02_OP_22/tests/test_fix_now_code_msg012_xml.py::test_production_requirement_per_owner[NEW_OLD-positive-19-P.SP.02.MSG.039-57]; P.SP.02_OP_22/tests/test_fix_now_code_msg012_xml.py::test_production_requirement_per_owner[NEW_OLD-negative-19-P.SP.02.MSG.039-57],PASS,Confirmed source_refs retained. Generic DSL executes the actual owner; positive and violating production-shape XML proved. Full regression certification is recorded in FIX_NOW_CODE_FINAL_AUDIT.md.
OP22_GAPS_REVIEWED.csv:199,P.SP.02.MSG.039,REQ 20,"Таблица 57/44, п.20 (R.IP.SP.02.002)",positional/ordinal access,FIX_NOW_CODE,IMPLEMENTED_AND_TESTED,P.SP.02_OP_22/message_rules/P.SP.02.MSG.039.yaml: P.SP.02.MSG.039.T57.REQ.20,P.SP.02_OP_22/tests/test_fix_now_code_msg012_xml.py::test_production_requirement_per_owner[OLD_NEW-positive-20-P.SP.02.MSG.039-57]; P.SP.02_OP_22/tests/test_fix_now_code_msg012_xml.py::test_production_requirement_per_owner[OLD_NEW-negative-20-P.SP.02.MSG.039-57]; P.SP.02_OP_22/tests/test_fix_now_code_msg012_xml.py::test_production_requirement_per_owner[NEW_OLD-positive-20-P.SP.02.MSG.039-57]; P.SP.02_OP_22/tests/test_fix_now_code_msg012_xml.py::test_production_requirement_per_owner[NEW_OLD-negative-20-P.SP.02.MSG.039-57],PASS,"Confirmed source_refs retained. Generic DSL executes the actual owner; positive and violating production-shape XML proved. Full regression certification is recorded in FIX_NOW_CODE_FINAL_AUDIT.md. Registry capability label is retained for arithmetic; normative Table34 REQ20 is AddressKindCode literal 2 under AP, not the second address. No fabricated ordinal restriction."
OP22_GAPS_REVIEWED.csv:200,P.SP.02.MSG.039,REQ 26,"Таблица 57/44, п.26 (R.IP.SP.02.002)",disjunction,FIX_NOW_CODE,IMPLEMENTED_AND_TESTED,P.SP.02_OP_22/message_rules/P.SP.02.MSG.039.yaml: P.SP.02.MSG.039.T57.REQ.26,P.SP.02_OP_22/tests/test_fix_now_code_msg012_xml.py::test_existing_production_inclusive_or_truth_table[False-False-P.SP.02.MSG.039-57]; P.SP.02_OP_22/tests/test_fix_now_code_msg012_xml.py::test_existing_production_inclusive_or_truth_table[True-False-P.SP.02.MSG.039-57]; P.SP.02_OP_22/tests/test_fix_now_code_msg012_xml.py::test_existing_production_inclusive_or_truth_table[False-True-P.SP.02.MSG.039-57]; P.SP.02_OP_22/tests/test_fix_now_code_msg012_xml.py::test_existing_production_inclusive_or_truth_table[True-True-P.SP.02.MSG.039-57],PASS,Confirmed source_refs retained. Generic DSL executes the actual owner; positive and violating production-shape XML proved. Full regression certification is recorded in FIX_NOW_CODE_FINAL_AUDIT.md.
OP22_GAPS_REVIEWED.csv:205,P.SP.02.MSG.040,REQ 16,"Таблица 58/44, п.16 (R.IP.SP.02.002)",disjunction,FIX_NOW_CODE,IMPLEMENTED_AND_TESTED,P.SP.02_OP_22/message_rules/P.SP.02.MSG.040.yaml: P.SP.02.MSG.040.T58.REQ.16,P.SP.02_OP_22/tests/test_fix_now_code_msg012_xml.py::test_production_requirement_per_owner[OLD_NEW-positive-16-P.SP.02.MSG.040-58]; P.SP.02_OP_22/tests/test_fix_now_code_msg012_xml.py::test_production_requirement_per_owner[OLD_NEW-negative-16-P.SP.02.MSG.040-58]; P.SP.02_OP_22/tests/test_fix_now_code_msg012_xml.py::test_production_requirement_per_owner[NEW_OLD-positive-16-P.SP.02.MSG.040-58]; P.SP.02_OP_22/tests/test_fix_now_code_msg012_xml.py::test_production_requirement_per_owner[NEW_OLD-negative-16-P.SP.02.MSG.040-58],PASS,Confirmed source_refs retained. Generic DSL executes the actual owner; positive and violating production-shape XML proved. Full regression certification is recorded in FIX_NOW_CODE_FINAL_AUDIT.md.
OP22_GAPS_REVIEWED.csv:206,P.SP.02.MSG.040,REQ 17,"Таблица 58/44, п.17 (R.IP.SP.02.002)",disjunction,FIX_NOW_CODE,IMPLEMENTED_AND_TESTED,"P.SP.02_OP_22/message_rules/P.SP.02.MSG.040.yaml: P.SP.02.MSG.040.T58.REQ.17, P.SP.02.MSG.040.T58.REQ.17.LANGUAGE",P.SP.02_OP_22/tests/test_fix_now_code_msg012_xml.py::test_production_requirement_per_owner[OLD_NEW-positive-17-P.SP.02.MSG.040-58]; P.SP.02_OP_22/tests/test_fix_now_code_msg012_xml.py::test_production_requirement_per_owner[OLD_NEW-negative-17-P.SP.02.MSG.040-58]; P.SP.02_OP_22/tests/test_fix_now_code_msg012_xml.py::test_production_requirement_per_owner[NEW_OLD-positive-17-P.SP.02.MSG.040-58]; P.SP.02_OP_22/tests/test_fix_now_code_msg012_xml.py::test_production_requirement_per_owner[NEW_OLD-negative-17-P.SP.02.MSG.040-58]; P.SP.02_OP_22/tests/test_fix_now_code_msg012_xml.py::test_original_name_count_is_exactly_one_per_ap[OLD_NEW-missing_original-P.SP.02.MSG.040-58]; P.SP.02_OP_22/tests/test_fix_now_code_msg012_xml.py::test_original_name_count_is_exactly_one_per_ap[OLD_NEW-duplicate_original-P.SP.02.MSG.040-58]; P.SP.02_OP_22/tests/test_fix_now_code_msg012_xml.py::test_original_name_count_is_exactly_one_per_ap[NEW_OLD-missing_original-P.SP.02.MSG.040-58]; P.SP.02_OP_22/tests/test_fix_now_code_msg012_xml.py::test_original_name_count_is_exactly_one_per_ap[NEW_OLD-duplicate_original-P.SP.02.MSG.040-58],PASS,Confirmed source_refs retained. Generic DSL executes the actual owner; positive and violating production-shape XML proved. Full regression certification is recorded in FIX_NOW_CODE_FINAL_AUDIT.md.
OP22_GAPS_REVIEWED.csv:207,P.SP.02.MSG.040,REQ 18,"Таблица 58/44, п.18 (R.IP.SP.02.002)",positional/ordinal access,FIX_NOW_CODE,IMPLEMENTED_AND_TESTED,P.SP.02_OP_22/message_rules/P.SP.02.MSG.040.yaml: P.SP.02.MSG.040.T58.REQ.18,P.SP.02_OP_22/tests/test_fix_now_code_msg012_xml.py::test_production_requirement_per_owner[OLD_NEW-positive-18-P.SP.02.MSG.040-58]; P.SP.02_OP_22/tests/test_fix_now_code_msg012_xml.py::test_production_requirement_per_owner[OLD_NEW-negative-18-P.SP.02.MSG.040-58]; P.SP.02_OP_22/tests/test_fix_now_code_msg012_xml.py::test_production_requirement_per_owner[NEW_OLD-positive-18-P.SP.02.MSG.040-58]; P.SP.02_OP_22/tests/test_fix_now_code_msg012_xml.py::test_production_requirement_per_owner[NEW_OLD-negative-18-P.SP.02.MSG.040-58],PASS,Confirmed source_refs retained. Generic DSL executes the actual owner; positive and violating production-shape XML proved. Full regression certification is recorded in FIX_NOW_CODE_FINAL_AUDIT.md.
OP22_GAPS_REVIEWED.csv:208,P.SP.02.MSG.040,REQ 19,"Таблица 58/44, п.19 (R.IP.SP.02.002)",positional/ordinal access,FIX_NOW_CODE,IMPLEMENTED_AND_TESTED,P.SP.02_OP_22/message_rules/P.SP.02.MSG.040.yaml: P.SP.02.MSG.040.T58.REQ.19,P.SP.02_OP_22/tests/test_fix_now_code_msg012_xml.py::test_production_requirement_per_owner[OLD_NEW-positive-19-P.SP.02.MSG.040-58]; P.SP.02_OP_22/tests/test_fix_now_code_msg012_xml.py::test_production_requirement_per_owner[OLD_NEW-negative-19-P.SP.02.MSG.040-58]; P.SP.02_OP_22/tests/test_fix_now_code_msg012_xml.py::test_production_requirement_per_owner[NEW_OLD-positive-19-P.SP.02.MSG.040-58]; P.SP.02_OP_22/tests/test_fix_now_code_msg012_xml.py::test_production_requirement_per_owner[NEW_OLD-negative-19-P.SP.02.MSG.040-58],PASS,Confirmed source_refs retained. Generic DSL executes the actual owner; positive and violating production-shape XML proved. Full regression certification is recorded in FIX_NOW_CODE_FINAL_AUDIT.md.
OP22_GAPS_REVIEWED.csv:209,P.SP.02.MSG.040,REQ 20,"Таблица 58/44, п.20 (R.IP.SP.02.002)",disjunction,FIX_NOW_CODE,IMPLEMENTED_AND_TESTED,P.SP.02_OP_22/message_rules/P.SP.02.MSG.040.yaml: P.SP.02.MSG.040.T58.REQ.20,P.SP.02_OP_22/tests/test_fix_now_code_msg012_xml.py::test_production_requirement_per_owner[OLD_NEW-positive-20-P.SP.02.MSG.040-58]; P.SP.02_OP_22/tests/test_fix_now_code_msg012_xml.py::test_production_requirement_per_owner[OLD_NEW-negative-20-P.SP.02.MSG.040-58]; P.SP.02_OP_22/tests/test_fix_now_code_msg012_xml.py::test_production_requirement_per_owner[NEW_OLD-positive-20-P.SP.02.MSG.040-58]; P.SP.02_OP_22/tests/test_fix_now_code_msg012_xml.py::test_production_requirement_per_owner[NEW_OLD-negative-20-P.SP.02.MSG.040-58],PASS,"Confirmed source_refs retained. Generic DSL executes the actual owner; positive and violating production-shape XML proved. Full regression certification is recorded in FIX_NOW_CODE_FINAL_AUDIT.md. Registry capability label is retained for arithmetic; normative Table34 REQ20 is AddressKindCode literal 2 under AP, not the second address. No fabricated ordinal restriction."
OP22_GAPS_REVIEWED.csv:210,P.SP.02.MSG.040,REQ 26,"Таблица 58/44, п.26 (R.IP.SP.02.002)",disjunction,FIX_NOW_CODE,IMPLEMENTED_AND_TESTED,P.SP.02_OP_22/message_rules/P.SP.02.MSG.040.yaml: P.SP.02.MSG.040.T58.REQ.26,P.SP.02_OP_22/tests/test_fix_now_code_msg012_xml.py::test_existing_production_inclusive_or_truth_table[False-False-P.SP.02.MSG.040-58]; P.SP.02_OP_22/tests/test_fix_now_code_msg012_xml.py::test_existing_production_inclusive_or_truth_table[True-False-P.SP.02.MSG.040-58]; P.SP.02_OP_22/tests/test_fix_now_code_msg012_xml.py::test_existing_production_inclusive_or_truth_table[False-True-P.SP.02.MSG.040-58]; P.SP.02_OP_22/tests/test_fix_now_code_msg012_xml.py::test_existing_production_inclusive_or_truth_table[True-True-P.SP.02.MSG.040-58],PASS,Confirmed source_refs retained. Generic DSL executes the actual owner; positive and violating production-shape XML proved. Full regression certification is recorded in FIX_NOW_CODE_FINAL_AUDIT.md.
OP22_GAPS_REVIEWED.csv:215,P.SP.02.MSG.041,REQ 16,"Таблица 59/44, п.16 (R.IP.SP.02.002)",disjunction,FIX_NOW_CODE,IMPLEMENTED_AND_TESTED,P.SP.02_OP_22/message_rules/P.SP.02.MSG.041.yaml: P.SP.02.MSG.041.T59.REQ.16,P.SP.02_OP_22/tests/test_fix_now_code_msg012_xml.py::test_production_requirement_per_owner[OLD_NEW-positive-16-P.SP.02.MSG.041-59]; P.SP.02_OP_22/tests/test_fix_now_code_msg012_xml.py::test_production_requirement_per_owner[OLD_NEW-negative-16-P.SP.02.MSG.041-59]; P.SP.02_OP_22/tests/test_fix_now_code_msg012_xml.py::test_production_requirement_per_owner[NEW_OLD-positive-16-P.SP.02.MSG.041-59]; P.SP.02_OP_22/tests/test_fix_now_code_msg012_xml.py::test_production_requirement_per_owner[NEW_OLD-negative-16-P.SP.02.MSG.041-59],PASS,Confirmed source_refs retained. Generic DSL executes the actual owner; positive and violating production-shape XML proved. Full regression certification is recorded in FIX_NOW_CODE_FINAL_AUDIT.md.
OP22_GAPS_REVIEWED.csv:216,P.SP.02.MSG.041,REQ 17,"Таблица 59/44, п.17 (R.IP.SP.02.002)",disjunction,FIX_NOW_CODE,IMPLEMENTED_AND_TESTED,"P.SP.02_OP_22/message_rules/P.SP.02.MSG.041.yaml: P.SP.02.MSG.041.T59.REQ.17, P.SP.02.MSG.041.T59.REQ.17.LANGUAGE",P.SP.02_OP_22/tests/test_fix_now_code_msg012_xml.py::test_production_requirement_per_owner[OLD_NEW-positive-17-P.SP.02.MSG.041-59]; P.SP.02_OP_22/tests/test_fix_now_code_msg012_xml.py::test_production_requirement_per_owner[OLD_NEW-negative-17-P.SP.02.MSG.041-59]; P.SP.02_OP_22/tests/test_fix_now_code_msg012_xml.py::test_production_requirement_per_owner[NEW_OLD-positive-17-P.SP.02.MSG.041-59]; P.SP.02_OP_22/tests/test_fix_now_code_msg012_xml.py::test_production_requirement_per_owner[NEW_OLD-negative-17-P.SP.02.MSG.041-59]; P.SP.02_OP_22/tests/test_fix_now_code_msg012_xml.py::test_original_name_count_is_exactly_one_per_ap[OLD_NEW-missing_original-P.SP.02.MSG.041-59]; P.SP.02_OP_22/tests/test_fix_now_code_msg012_xml.py::test_original_name_count_is_exactly_one_per_ap[OLD_NEW-duplicate_original-P.SP.02.MSG.041-59]; P.SP.02_OP_22/tests/test_fix_now_code_msg012_xml.py::test_original_name_count_is_exactly_one_per_ap[NEW_OLD-missing_original-P.SP.02.MSG.041-59]; P.SP.02_OP_22/tests/test_fix_now_code_msg012_xml.py::test_original_name_count_is_exactly_one_per_ap[NEW_OLD-duplicate_original-P.SP.02.MSG.041-59],PASS,Confirmed source_refs retained. Generic DSL executes the actual owner; positive and violating production-shape XML proved. Full regression certification is recorded in FIX_NOW_CODE_FINAL_AUDIT.md.
OP22_GAPS_REVIEWED.csv:217,P.SP.02.MSG.041,REQ 18,"Таблица 59/44, п.18 (R.IP.SP.02.002)",positional/ordinal access,FIX_NOW_CODE,IMPLEMENTED_AND_TESTED,P.SP.02_OP_22/message_rules/P.SP.02.MSG.041.yaml: P.SP.02.MSG.041.T59.REQ.18,P.SP.02_OP_22/tests/test_fix_now_code_msg012_xml.py::test_production_requirement_per_owner[OLD_NEW-positive-18-P.SP.02.MSG.041-59]; P.SP.02_OP_22/tests/test_fix_now_code_msg012_xml.py::test_production_requirement_per_owner[OLD_NEW-negative-18-P.SP.02.MSG.041-59]; P.SP.02_OP_22/tests/test_fix_now_code_msg012_xml.py::test_production_requirement_per_owner[NEW_OLD-positive-18-P.SP.02.MSG.041-59]; P.SP.02_OP_22/tests/test_fix_now_code_msg012_xml.py::test_production_requirement_per_owner[NEW_OLD-negative-18-P.SP.02.MSG.041-59],PASS,Confirmed source_refs retained. Generic DSL executes the actual owner; positive and violating production-shape XML proved. Full regression certification is recorded in FIX_NOW_CODE_FINAL_AUDIT.md.
OP22_GAPS_REVIEWED.csv:218,P.SP.02.MSG.041,REQ 19,"Таблица 59/44, п.19 (R.IP.SP.02.002)",positional/ordinal access,FIX_NOW_CODE,IMPLEMENTED_AND_TESTED,P.SP.02_OP_22/message_rules/P.SP.02.MSG.041.yaml: P.SP.02.MSG.041.T59.REQ.19,P.SP.02_OP_22/tests/test_fix_now_code_msg012_xml.py::test_production_requirement_per_owner[OLD_NEW-positive-19-P.SP.02.MSG.041-59]; P.SP.02_OP_22/tests/test_fix_now_code_msg012_xml.py::test_production_requirement_per_owner[OLD_NEW-negative-19-P.SP.02.MSG.041-59]; P.SP.02_OP_22/tests/test_fix_now_code_msg012_xml.py::test_production_requirement_per_owner[NEW_OLD-positive-19-P.SP.02.MSG.041-59]; P.SP.02_OP_22/tests/test_fix_now_code_msg012_xml.py::test_production_requirement_per_owner[NEW_OLD-negative-19-P.SP.02.MSG.041-59],PASS,Confirmed source_refs retained. Generic DSL executes the actual owner; positive and violating production-shape XML proved. Full regression certification is recorded in FIX_NOW_CODE_FINAL_AUDIT.md.
OP22_GAPS_REVIEWED.csv:219,P.SP.02.MSG.041,REQ 20,"Таблица 59/44, п.20 (R.IP.SP.02.002)",disjunction,FIX_NOW_CODE,IMPLEMENTED_AND_TESTED,P.SP.02_OP_22/message_rules/P.SP.02.MSG.041.yaml: P.SP.02.MSG.041.T59.REQ.20,P.SP.02_OP_22/tests/test_fix_now_code_msg012_xml.py::test_production_requirement_per_owner[OLD_NEW-positive-20-P.SP.02.MSG.041-59]; P.SP.02_OP_22/tests/test_fix_now_code_msg012_xml.py::test_production_requirement_per_owner[OLD_NEW-negative-20-P.SP.02.MSG.041-59]; P.SP.02_OP_22/tests/test_fix_now_code_msg012_xml.py::test_production_requirement_per_owner[NEW_OLD-positive-20-P.SP.02.MSG.041-59]; P.SP.02_OP_22/tests/test_fix_now_code_msg012_xml.py::test_production_requirement_per_owner[NEW_OLD-negative-20-P.SP.02.MSG.041-59],PASS,"Confirmed source_refs retained. Generic DSL executes the actual owner; positive and violating production-shape XML proved. Full regression certification is recorded in FIX_NOW_CODE_FINAL_AUDIT.md. Registry capability label is retained for arithmetic; normative Table34 REQ20 is AddressKindCode literal 2 under AP, not the second address. No fabricated ordinal restriction."
OP22_GAPS_REVIEWED.csv:220,P.SP.02.MSG.041,REQ 26,"Таблица 59/44, п.26 (R.IP.SP.02.002)",disjunction,FIX_NOW_CODE,IMPLEMENTED_AND_TESTED,P.SP.02_OP_22/message_rules/P.SP.02.MSG.041.yaml: P.SP.02.MSG.041.T59.REQ.26,P.SP.02_OP_22/tests/test_fix_now_code_msg012_xml.py::test_existing_production_inclusive_or_truth_table[False-False-P.SP.02.MSG.041-59]; P.SP.02_OP_22/tests/test_fix_now_code_msg012_xml.py::test_existing_production_inclusive_or_truth_table[True-False-P.SP.02.MSG.041-59]; P.SP.02_OP_22/tests/test_fix_now_code_msg012_xml.py::test_existing_production_inclusive_or_truth_table[False-True-P.SP.02.MSG.041-59]; P.SP.02_OP_22/tests/test_fix_now_code_msg012_xml.py::test_existing_production_inclusive_or_truth_table[True-True-P.SP.02.MSG.041-59],PASS,Confirmed source_refs retained. Generic DSL executes the actual owner; positive and violating production-shape XML proved. Full regression certification is recorded in FIX_NOW_CODE_FINAL_AUDIT.md.
OP22_GAPS_REVIEWED.csv:225,P.SP.02.MSG.042,REQ 16,"Таблица 60/44, п.16 (R.IP.SP.02.002)",disjunction,FIX_NOW_CODE,IMPLEMENTED_AND_TESTED,P.SP.02_OP_22/message_rules/P.SP.02.MSG.042.yaml: P.SP.02.MSG.042.T60.REQ.16,P.SP.02_OP_22/tests/test_fix_now_code_msg012_xml.py::test_production_requirement_per_owner[OLD_NEW-positive-16-P.SP.02.MSG.042-60]; P.SP.02_OP_22/tests/test_fix_now_code_msg012_xml.py::test_production_requirement_per_owner[OLD_NEW-negative-16-P.SP.02.MSG.042-60]; P.SP.02_OP_22/tests/test_fix_now_code_msg012_xml.py::test_production_requirement_per_owner[NEW_OLD-positive-16-P.SP.02.MSG.042-60]; P.SP.02_OP_22/tests/test_fix_now_code_msg012_xml.py::test_production_requirement_per_owner[NEW_OLD-negative-16-P.SP.02.MSG.042-60],PASS,Confirmed source_refs retained. Generic DSL executes the actual owner; positive and violating production-shape XML proved. Full regression certification is recorded in FIX_NOW_CODE_FINAL_AUDIT.md.
OP22_GAPS_REVIEWED.csv:226,P.SP.02.MSG.042,REQ 17,"Таблица 60/44, п.17 (R.IP.SP.02.002)",disjunction,FIX_NOW_CODE,IMPLEMENTED_AND_TESTED,"P.SP.02_OP_22/message_rules/P.SP.02.MSG.042.yaml: P.SP.02.MSG.042.T60.REQ.17, P.SP.02.MSG.042.T60.REQ.17.LANGUAGE",P.SP.02_OP_22/tests/test_fix_now_code_msg012_xml.py::test_production_requirement_per_owner[OLD_NEW-positive-17-P.SP.02.MSG.042-60]; P.SP.02_OP_22/tests/test_fix_now_code_msg012_xml.py::test_production_requirement_per_owner[OLD_NEW-negative-17-P.SP.02.MSG.042-60]; P.SP.02_OP_22/tests/test_fix_now_code_msg012_xml.py::test_production_requirement_per_owner[NEW_OLD-positive-17-P.SP.02.MSG.042-60]; P.SP.02_OP_22/tests/test_fix_now_code_msg012_xml.py::test_production_requirement_per_owner[NEW_OLD-negative-17-P.SP.02.MSG.042-60]; P.SP.02_OP_22/tests/test_fix_now_code_msg012_xml.py::test_original_name_count_is_exactly_one_per_ap[OLD_NEW-missing_original-P.SP.02.MSG.042-60]; P.SP.02_OP_22/tests/test_fix_now_code_msg012_xml.py::test_original_name_count_is_exactly_one_per_ap[OLD_NEW-duplicate_original-P.SP.02.MSG.042-60]; P.SP.02_OP_22/tests/test_fix_now_code_msg012_xml.py::test_original_name_count_is_exactly_one_per_ap[NEW_OLD-missing_original-P.SP.02.MSG.042-60]; P.SP.02_OP_22/tests/test_fix_now_code_msg012_xml.py::test_original_name_count_is_exactly_one_per_ap[NEW_OLD-duplicate_original-P.SP.02.MSG.042-60],PASS,Confirmed source_refs retained. Generic DSL executes the actual owner; positive and violating production-shape XML proved. Full regression certification is recorded in FIX_NOW_CODE_FINAL_AUDIT.md.
OP22_GAPS_REVIEWED.csv:227,P.SP.02.MSG.042,REQ 18,"Таблица 60/44, п.18 (R.IP.SP.02.002)",positional/ordinal access,FIX_NOW_CODE,IMPLEMENTED_AND_TESTED,P.SP.02_OP_22/message_rules/P.SP.02.MSG.042.yaml: P.SP.02.MSG.042.T60.REQ.18,P.SP.02_OP_22/tests/test_fix_now_code_msg012_xml.py::test_production_requirement_per_owner[OLD_NEW-positive-18-P.SP.02.MSG.042-60]; P.SP.02_OP_22/tests/test_fix_now_code_msg012_xml.py::test_production_requirement_per_owner[OLD_NEW-negative-18-P.SP.02.MSG.042-60]; P.SP.02_OP_22/tests/test_fix_now_code_msg012_xml.py::test_production_requirement_per_owner[NEW_OLD-positive-18-P.SP.02.MSG.042-60]; P.SP.02_OP_22/tests/test_fix_now_code_msg012_xml.py::test_production_requirement_per_owner[NEW_OLD-negative-18-P.SP.02.MSG.042-60],PASS,Confirmed source_refs retained. Generic DSL executes the actual owner; positive and violating production-shape XML proved. Full regression certification is recorded in FIX_NOW_CODE_FINAL_AUDIT.md.
OP22_GAPS_REVIEWED.csv:228,P.SP.02.MSG.042,REQ 19,"Таблица 60/44, п.19 (R.IP.SP.02.002)",positional/ordinal access,FIX_NOW_CODE,IMPLEMENTED_AND_TESTED,P.SP.02_OP_22/message_rules/P.SP.02.MSG.042.yaml: P.SP.02.MSG.042.T60.REQ.19,P.SP.02_OP_22/tests/test_fix_now_code_msg012_xml.py::test_production_requirement_per_owner[OLD_NEW-positive-19-P.SP.02.MSG.042-60]; P.SP.02_OP_22/tests/test_fix_now_code_msg012_xml.py::test_production_requirement_per_owner[OLD_NEW-negative-19-P.SP.02.MSG.042-60]; P.SP.02_OP_22/tests/test_fix_now_code_msg012_xml.py::test_production_requirement_per_owner[NEW_OLD-positive-19-P.SP.02.MSG.042-60]; P.SP.02_OP_22/tests/test_fix_now_code_msg012_xml.py::test_production_requirement_per_owner[NEW_OLD-negative-19-P.SP.02.MSG.042-60],PASS,Confirmed source_refs retained. Generic DSL executes the actual owner; positive and violating production-shape XML proved. Full regression certification is recorded in FIX_NOW_CODE_FINAL_AUDIT.md.
OP22_GAPS_REVIEWED.csv:229,P.SP.02.MSG.042,REQ 20,"Таблица 60/44, п.20 (R.IP.SP.02.002)",disjunction,FIX_NOW_CODE,IMPLEMENTED_AND_TESTED,P.SP.02_OP_22/message_rules/P.SP.02.MSG.042.yaml: P.SP.02.MSG.042.T60.REQ.20,P.SP.02_OP_22/tests/test_fix_now_code_msg012_xml.py::test_production_requirement_per_owner[OLD_NEW-positive-20-P.SP.02.MSG.042-60]; P.SP.02_OP_22/tests/test_fix_now_code_msg012_xml.py::test_production_requirement_per_owner[OLD_NEW-negative-20-P.SP.02.MSG.042-60]; P.SP.02_OP_22/tests/test_fix_now_code_msg012_xml.py::test_production_requirement_per_owner[NEW_OLD-positive-20-P.SP.02.MSG.042-60]; P.SP.02_OP_22/tests/test_fix_now_code_msg012_xml.py::test_production_requirement_per_owner[NEW_OLD-negative-20-P.SP.02.MSG.042-60],PASS,"Confirmed source_refs retained. Generic DSL executes the actual owner; positive and violating production-shape XML proved. Full regression certification is recorded in FIX_NOW_CODE_FINAL_AUDIT.md. Registry capability label is retained for arithmetic; normative Table34 REQ20 is AddressKindCode literal 2 under AP, not the second address. No fabricated ordinal restriction."
OP22_GAPS_REVIEWED.csv:230,P.SP.02.MSG.042,REQ 26,"Таблица 60/44, п.26 (R.IP.SP.02.002)",disjunction,FIX_NOW_CODE,IMPLEMENTED_AND_TESTED,P.SP.02_OP_22/message_rules/P.SP.02.MSG.042.yaml: P.SP.02.MSG.042.T60.REQ.26,P.SP.02_OP_22/tests/test_fix_now_code_msg012_xml.py::test_existing_production_inclusive_or_truth_table[False-False-P.SP.02.MSG.042-60]; P.SP.02_OP_22/tests/test_fix_now_code_msg012_xml.py::test_existing_production_inclusive_or_truth_table[True-False-P.SP.02.MSG.042-60]; P.SP.02_OP_22/tests/test_fix_now_code_msg012_xml.py::test_existing_production_inclusive_or_truth_table[False-True-P.SP.02.MSG.042-60]; P.SP.02_OP_22/tests/test_fix_now_code_msg012_xml.py::test_existing_production_inclusive_or_truth_table[True-True-P.SP.02.MSG.042-60],PASS,Confirmed source_refs retained. Generic DSL executes the actual owner; positive and violating production-shape XML proved. Full regression certification is recorded in FIX_NOW_CODE_FINAL_AUDIT.md.
OP22_GAPS_REVIEWED.csv:236,P.SP.02.MSG.043,REQ 16,"Таблица 61/44, п.16 (R.IP.SP.02.002)",positional/ordinal access,FIX_NOW_CODE,IMPLEMENTED_AND_TESTED,P.SP.02_OP_22/message_rules/P.SP.02.MSG.043.yaml: P.SP.02.MSG.043.T61.REQ.16,P.SP.02_OP_22/tests/test_fix_now_code_msg012_xml.py::test_production_requirement_per_owner[OLD_NEW-positive-16-P.SP.02.MSG.043-61]; P.SP.02_OP_22/tests/test_fix_now_code_msg012_xml.py::test_production_requirement_per_owner[OLD_NEW-negative-16-P.SP.02.MSG.043-61]; P.SP.02_OP_22/tests/test_fix_now_code_msg012_xml.py::test_production_requirement_per_owner[NEW_OLD-positive-16-P.SP.02.MSG.043-61]; P.SP.02_OP_22/tests/test_fix_now_code_msg012_xml.py::test_production_requirement_per_owner[NEW_OLD-negative-16-P.SP.02.MSG.043-61],PASS,Confirmed source_refs retained. Generic DSL executes the actual owner; positive and violating production-shape XML proved. Full regression certification is recorded in FIX_NOW_CODE_FINAL_AUDIT.md.
OP22_GAPS_REVIEWED.csv:237,P.SP.02.MSG.043,REQ 17,"Таблица 61/44, п.17 (R.IP.SP.02.002)",positional/ordinal access,FIX_NOW_CODE,IMPLEMENTED_AND_TESTED,"P.SP.02_OP_22/message_rules/P.SP.02.MSG.043.yaml: P.SP.02.MSG.043.T61.REQ.17, P.SP.02.MSG.043.T61.REQ.17.LANGUAGE",P.SP.02_OP_22/tests/test_fix_now_code_msg012_xml.py::test_production_requirement_per_owner[OLD_NEW-positive-17-P.SP.02.MSG.043-61]; P.SP.02_OP_22/tests/test_fix_now_code_msg012_xml.py::test_production_requirement_per_owner[OLD_NEW-negative-17-P.SP.02.MSG.043-61]; P.SP.02_OP_22/tests/test_fix_now_code_msg012_xml.py::test_production_requirement_per_owner[NEW_OLD-positive-17-P.SP.02.MSG.043-61]; P.SP.02_OP_22/tests/test_fix_now_code_msg012_xml.py::test_production_requirement_per_owner[NEW_OLD-negative-17-P.SP.02.MSG.043-61]; P.SP.02_OP_22/tests/test_fix_now_code_msg012_xml.py::test_original_name_count_is_exactly_one_per_ap[OLD_NEW-missing_original-P.SP.02.MSG.043-61]; P.SP.02_OP_22/tests/test_fix_now_code_msg012_xml.py::test_original_name_count_is_exactly_one_per_ap[OLD_NEW-duplicate_original-P.SP.02.MSG.043-61]; P.SP.02_OP_22/tests/test_fix_now_code_msg012_xml.py::test_original_name_count_is_exactly_one_per_ap[NEW_OLD-missing_original-P.SP.02.MSG.043-61]; P.SP.02_OP_22/tests/test_fix_now_code_msg012_xml.py::test_original_name_count_is_exactly_one_per_ap[NEW_OLD-duplicate_original-P.SP.02.MSG.043-61],PASS,Confirmed source_refs retained. Generic DSL executes the actual owner; positive and violating production-shape XML proved. Full regression certification is recorded in FIX_NOW_CODE_FINAL_AUDIT.md.
OP22_GAPS_REVIEWED.csv:238,P.SP.02.MSG.043,REQ 18,"Таблица 61/44, п.18 (R.IP.SP.02.002)",positional/ordinal access,FIX_NOW_CODE,IMPLEMENTED_AND_TESTED,P.SP.02_OP_22/message_rules/P.SP.02.MSG.043.yaml: P.SP.02.MSG.043.T61.REQ.18,P.SP.02_OP_22/tests/test_fix_now_code_msg012_xml.py::test_production_requirement_per_owner[OLD_NEW-positive-18-P.SP.02.MSG.043-61]; P.SP.02_OP_22/tests/test_fix_now_code_msg012_xml.py::test_production_requirement_per_owner[OLD_NEW-negative-18-P.SP.02.MSG.043-61]; P.SP.02_OP_22/tests/test_fix_now_code_msg012_xml.py::test_production_requirement_per_owner[NEW_OLD-positive-18-P.SP.02.MSG.043-61]; P.SP.02_OP_22/tests/test_fix_now_code_msg012_xml.py::test_production_requirement_per_owner[NEW_OLD-negative-18-P.SP.02.MSG.043-61],PASS,Confirmed source_refs retained. Generic DSL executes the actual owner; positive and violating production-shape XML proved. Full regression certification is recorded in FIX_NOW_CODE_FINAL_AUDIT.md.
OP22_GAPS_REVIEWED.csv:239,P.SP.02.MSG.043,REQ 19,"Таблица 61/44, п.19 (R.IP.SP.02.002)",positional/ordinal access,FIX_NOW_CODE,IMPLEMENTED_AND_TESTED,P.SP.02_OP_22/message_rules/P.SP.02.MSG.043.yaml: P.SP.02.MSG.043.T61.REQ.19,P.SP.02_OP_22/tests/test_fix_now_code_msg012_xml.py::test_production_requirement_per_owner[OLD_NEW-positive-19-P.SP.02.MSG.043-61]; P.SP.02_OP_22/tests/test_fix_now_code_msg012_xml.py::test_production_requirement_per_owner[OLD_NEW-negative-19-P.SP.02.MSG.043-61]; P.SP.02_OP_22/tests/test_fix_now_code_msg012_xml.py::test_production_requirement_per_owner[NEW_OLD-positive-19-P.SP.02.MSG.043-61]; P.SP.02_OP_22/tests/test_fix_now_code_msg012_xml.py::test_production_requirement_per_owner[NEW_OLD-negative-19-P.SP.02.MSG.043-61],PASS,Confirmed source_refs retained. Generic DSL executes the actual owner; positive and violating production-shape XML proved. Full regression certification is recorded in FIX_NOW_CODE_FINAL_AUDIT.md.
OP22_GAPS_REVIEWED.csv:240,P.SP.02.MSG.043,REQ 20,"Таблица 61/44, п.20 (R.IP.SP.02.002)",positional/ordinal access,FIX_NOW_CODE,IMPLEMENTED_AND_TESTED,P.SP.02_OP_22/message_rules/P.SP.02.MSG.043.yaml: P.SP.02.MSG.043.T61.REQ.20,P.SP.02_OP_22/tests/test_fix_now_code_msg012_xml.py::test_production_requirement_per_owner[OLD_NEW-positive-20-P.SP.02.MSG.043-61]; P.SP.02_OP_22/tests/test_fix_now_code_msg012_xml.py::test_production_requirement_per_owner[OLD_NEW-negative-20-P.SP.02.MSG.043-61]; P.SP.02_OP_22/tests/test_fix_now_code_msg012_xml.py::test_production_requirement_per_owner[NEW_OLD-positive-20-P.SP.02.MSG.043-61]; P.SP.02_OP_22/tests/test_fix_now_code_msg012_xml.py::test_production_requirement_per_owner[NEW_OLD-negative-20-P.SP.02.MSG.043-61],PASS,"Confirmed source_refs retained. Generic DSL executes the actual owner; positive and violating production-shape XML proved. Full regression certification is recorded in FIX_NOW_CODE_FINAL_AUDIT.md. Registry capability label is retained for arithmetic; normative Table34 REQ20 is AddressKindCode literal 2 under AP, not the second address. No fabricated ordinal restriction."
OP22_GAPS_REVIEWED.csv:246,P.SP.02.MSG.044,REQ 16,"Таблица 58/44, п.16 (R.IP.SP.02.002)",disjunction,FIX_NOW_CODE,STILL_UNSUPPORTED,No unconfirmed normative approximation added.,,NOT_CLOSED: source/external blocker,"SOURCE_CONFLICT: inherited source_refs point to physical760/Table58 (MSG040), while MSG044 is Table62. PDF/source-ref conflict resolution is explicitly excluded."
OP22_GAPS_REVIEWED.csv:247,P.SP.02.MSG.044,REQ 17,"Таблица 58/44, п.17 (R.IP.SP.02.002)",disjunction,FIX_NOW_CODE,STILL_UNSUPPORTED,No unconfirmed normative approximation added.,,NOT_CLOSED: source/external blocker,"SOURCE_CONFLICT: inherited source_refs point to physical760/Table58 (MSG040), while MSG044 is Table62. PDF/source-ref conflict resolution is explicitly excluded."
OP22_GAPS_REVIEWED.csv:248,P.SP.02.MSG.044,REQ 18,"Таблица 58/44, п.18 (R.IP.SP.02.002)",positional/ordinal access,FIX_NOW_CODE,STILL_UNSUPPORTED,No unconfirmed normative approximation added.,,NOT_CLOSED: source/external blocker,"SOURCE_CONFLICT: inherited source_refs point to physical760/Table58 (MSG040), while MSG044 is Table62. PDF/source-ref conflict resolution is explicitly excluded."
OP22_GAPS_REVIEWED.csv:249,P.SP.02.MSG.044,REQ 19,"Таблица 58/44, п.19 (R.IP.SP.02.002)",positional/ordinal access,FIX_NOW_CODE,STILL_UNSUPPORTED,No unconfirmed normative approximation added.,,NOT_CLOSED: source/external blocker,"SOURCE_CONFLICT: inherited source_refs point to physical760/Table58 (MSG040), while MSG044 is Table62. PDF/source-ref conflict resolution is explicitly excluded."
OP22_GAPS_REVIEWED.csv:250,P.SP.02.MSG.044,REQ 20,"Таблица 58/44, п.20 (R.IP.SP.02.002)",disjunction,FIX_NOW_CODE,STILL_UNSUPPORTED,No unconfirmed normative approximation added.,,NOT_CLOSED: source/external blocker,"SOURCE_CONFLICT: inherited source_refs point to physical760/Table58 (MSG040), while MSG044 is Table62. PDF/source-ref conflict resolution is explicitly excluded."
OP22_GAPS_REVIEWED.csv:251,P.SP.02.MSG.044,REQ 26,"Таблица 58/44, п.26 (R.IP.SP.02.002)",disjunction,FIX_NOW_CODE,STILL_UNSUPPORTED,No unconfirmed normative approximation added.,,NOT_CLOSED: source/external blocker,"SOURCE_CONFLICT: inherited source_refs point to physical760/Table58 (MSG040), while MSG044 is Table62. PDF/source-ref conflict resolution is explicitly excluded."
OP22_GAPS_REVIEWED.csv:256,P.SP.02.MSG.045,REQ 16,"Таблица 63/44, п.16 (R.IP.SP.02.002)",positional/ordinal access,FIX_NOW_CODE,IMPLEMENTED_AND_TESTED,P.SP.02_OP_22/message_rules/P.SP.02.MSG.045.yaml: P.SP.02.MSG.045.T63.REQ.16,P.SP.02_OP_22/tests/test_fix_now_code_msg012_xml.py::test_production_requirement_per_owner[OLD_NEW-positive-16-P.SP.02.MSG.045-63]; P.SP.02_OP_22/tests/test_fix_now_code_msg012_xml.py::test_production_requirement_per_owner[OLD_NEW-negative-16-P.SP.02.MSG.045-63]; P.SP.02_OP_22/tests/test_fix_now_code_msg012_xml.py::test_production_requirement_per_owner[NEW_OLD-positive-16-P.SP.02.MSG.045-63]; P.SP.02_OP_22/tests/test_fix_now_code_msg012_xml.py::test_production_requirement_per_owner[NEW_OLD-negative-16-P.SP.02.MSG.045-63],PASS,Confirmed source_refs retained. Generic DSL executes the actual owner; positive and violating production-shape XML proved. Full regression certification is recorded in FIX_NOW_CODE_FINAL_AUDIT.md.
OP22_GAPS_REVIEWED.csv:257,P.SP.02.MSG.045,REQ 17,"Таблица 63/44, п.17 (R.IP.SP.02.002)",positional/ordinal access,FIX_NOW_CODE,IMPLEMENTED_AND_TESTED,"P.SP.02_OP_22/message_rules/P.SP.02.MSG.045.yaml: P.SP.02.MSG.045.T63.REQ.17, P.SP.02.MSG.045.T63.REQ.17.LANGUAGE",P.SP.02_OP_22/tests/test_fix_now_code_msg012_xml.py::test_production_requirement_per_owner[OLD_NEW-positive-17-P.SP.02.MSG.045-63]; P.SP.02_OP_22/tests/test_fix_now_code_msg012_xml.py::test_production_requirement_per_owner[OLD_NEW-negative-17-P.SP.02.MSG.045-63]; P.SP.02_OP_22/tests/test_fix_now_code_msg012_xml.py::test_production_requirement_per_owner[NEW_OLD-positive-17-P.SP.02.MSG.045-63]; P.SP.02_OP_22/tests/test_fix_now_code_msg012_xml.py::test_production_requirement_per_owner[NEW_OLD-negative-17-P.SP.02.MSG.045-63]; P.SP.02_OP_22/tests/test_fix_now_code_msg012_xml.py::test_original_name_count_is_exactly_one_per_ap[OLD_NEW-missing_original-P.SP.02.MSG.045-63]; P.SP.02_OP_22/tests/test_fix_now_code_msg012_xml.py::test_original_name_count_is_exactly_one_per_ap[OLD_NEW-duplicate_original-P.SP.02.MSG.045-63]; P.SP.02_OP_22/tests/test_fix_now_code_msg012_xml.py::test_original_name_count_is_exactly_one_per_ap[NEW_OLD-missing_original-P.SP.02.MSG.045-63]; P.SP.02_OP_22/tests/test_fix_now_code_msg012_xml.py::test_original_name_count_is_exactly_one_per_ap[NEW_OLD-duplicate_original-P.SP.02.MSG.045-63],PASS,Confirmed source_refs retained. Generic DSL executes the actual owner; positive and violating production-shape XML proved. Full regression certification is recorded in FIX_NOW_CODE_FINAL_AUDIT.md.
OP22_GAPS_REVIEWED.csv:258,P.SP.02.MSG.045,REQ 18,"Таблица 63/44, п.18 (R.IP.SP.02.002)",positional/ordinal access,FIX_NOW_CODE,IMPLEMENTED_AND_TESTED,P.SP.02_OP_22/message_rules/P.SP.02.MSG.045.yaml: P.SP.02.MSG.045.T63.REQ.18,P.SP.02_OP_22/tests/test_fix_now_code_msg012_xml.py::test_production_requirement_per_owner[OLD_NEW-positive-18-P.SP.02.MSG.045-63]; P.SP.02_OP_22/tests/test_fix_now_code_msg012_xml.py::test_production_requirement_per_owner[OLD_NEW-negative-18-P.SP.02.MSG.045-63]; P.SP.02_OP_22/tests/test_fix_now_code_msg012_xml.py::test_production_requirement_per_owner[NEW_OLD-positive-18-P.SP.02.MSG.045-63]; P.SP.02_OP_22/tests/test_fix_now_code_msg012_xml.py::test_production_requirement_per_owner[NEW_OLD-negative-18-P.SP.02.MSG.045-63],PASS,Confirmed source_refs retained. Generic DSL executes the actual owner; positive and violating production-shape XML proved. Full regression certification is recorded in FIX_NOW_CODE_FINAL_AUDIT.md.
OP22_GAPS_REVIEWED.csv:259,P.SP.02.MSG.045,REQ 19,"Таблица 63/44, п.19 (R.IP.SP.02.002)",positional/ordinal access,FIX_NOW_CODE,IMPLEMENTED_AND_TESTED,P.SP.02_OP_22/message_rules/P.SP.02.MSG.045.yaml: P.SP.02.MSG.045.T63.REQ.19,P.SP.02_OP_22/tests/test_fix_now_code_msg012_xml.py::test_production_requirement_per_owner[OLD_NEW-positive-19-P.SP.02.MSG.045-63]; P.SP.02_OP_22/tests/test_fix_now_code_msg012_xml.py::test_production_requirement_per_owner[OLD_NEW-negative-19-P.SP.02.MSG.045-63]; P.SP.02_OP_22/tests/test_fix_now_code_msg012_xml.py::test_production_requirement_per_owner[NEW_OLD-positive-19-P.SP.02.MSG.045-63]; P.SP.02_OP_22/tests/test_fix_now_code_msg012_xml.py::test_production_requirement_per_owner[NEW_OLD-negative-19-P.SP.02.MSG.045-63],PASS,Confirmed source_refs retained. Generic DSL executes the actual owner; positive and violating production-shape XML proved. Full regression certification is recorded in FIX_NOW_CODE_FINAL_AUDIT.md.
OP22_GAPS_REVIEWED.csv:260,P.SP.02.MSG.045,REQ 20,"Таблица 63/44, п.20 (R.IP.SP.02.002)",positional/ordinal access,FIX_NOW_CODE,IMPLEMENTED_AND_TESTED,P.SP.02_OP_22/message_rules/P.SP.02.MSG.045.yaml: P.SP.02.MSG.045.T63.REQ.20,P.SP.02_OP_22/tests/test_fix_now_code_msg012_xml.py::test_production_requirement_per_owner[OLD_NEW-positive-20-P.SP.02.MSG.045-63]; P.SP.02_OP_22/tests/test_fix_now_code_msg012_xml.py::test_production_requirement_per_owner[OLD_NEW-negative-20-P.SP.02.MSG.045-63]; P.SP.02_OP_22/tests/test_fix_now_code_msg012_xml.py::test_production_requirement_per_owner[NEW_OLD-positive-20-P.SP.02.MSG.045-63]; P.SP.02_OP_22/tests/test_fix_now_code_msg012_xml.py::test_production_requirement_per_owner[NEW_OLD-negative-20-P.SP.02.MSG.045-63],PASS,"Confirmed source_refs retained. Generic DSL executes the actual owner; positive and violating production-shape XML proved. Full regression certification is recorded in FIX_NOW_CODE_FINAL_AUDIT.md. Registry capability label is retained for arithmetic; normative Table34 REQ20 is AddressKindCode literal 2 under AP, not the second address. No fabricated ordinal restriction."
OP22_GAPS_REVIEWED.csv:261,P.SP.02.MSG.045,REQ 26,"Таблица 63/44, п.26 (R.IP.SP.02.002)",disjunction,FIX_NOW_CODE,IMPLEMENTED_AND_TESTED,P.SP.02_OP_22/message_rules/P.SP.02.MSG.045.yaml: P.SP.02.MSG.045.T63.REQ.26,P.SP.02_OP_22/tests/test_fix_now_code_msg012_xml.py::test_existing_production_inclusive_or_truth_table[False-False-P.SP.02.MSG.045-63]; P.SP.02_OP_22/tests/test_fix_now_code_msg012_xml.py::test_existing_production_inclusive_or_truth_table[True-False-P.SP.02.MSG.045-63]; P.SP.02_OP_22/tests/test_fix_now_code_msg012_xml.py::test_existing_production_inclusive_or_truth_table[False-True-P.SP.02.MSG.045-63]; P.SP.02_OP_22/tests/test_fix_now_code_msg012_xml.py::test_existing_production_inclusive_or_truth_table[True-True-P.SP.02.MSG.045-63],PASS,Confirmed source_refs retained. Generic DSL executes the actual owner; positive and violating production-shape XML proved. Full regression certification is recorded in FIX_NOW_CODE_FINAL_AUDIT.md.
OP22_GAPS_REVIEWED.csv:262,P.SP.02.MSG.045,REQ 30,"Таблица 63, п.30 (R.IP.SP.02.002)",conditional filtering of repeated instances,FIX_NOW_CODE,STILL_UNSUPPORTED,No unconfirmed normative approximation added.,,NOT_CLOSED: source/external blocker,"EXTERNAL/SEMANTIC_ROLE: transfer-document kind and scope require classifier/normative clarification, excluded from this task."
OP22_GAPS_REVIEWED.csv:269,P.SP.02.MSG.047,REQ 18,"Таблица 65/49, п.18 (R.IP.SP.02.007)",conditional filtering of repeated instances,FIX_NOW_CODE,IMPLEMENTED_AND_TESTED,P.SP.02_OP_22/message_rules/P.SP.02.MSG.047.yaml: P.SP.02.MSG.047.T65.REQ.18,P.SP.02_OP_22/tests/test_fix_now_code_register_xml.py::test_collective_ue_party_is_required_in_same_record[False-valid-047-65]; P.SP.02_OP_22/tests/test_fix_now_code_register_xml.py::test_collective_ue_party_is_required_in_same_record[False-inactive-047-65]; P.SP.02_OP_22/tests/test_fix_now_code_register_xml.py::test_collective_ue_party_is_required_in_same_record[False-wrong_owner-047-65]; P.SP.02_OP_22/tests/test_fix_now_code_register_xml.py::test_collective_ue_party_is_required_in_same_record[False-missing_role-047-65]; P.SP.02_OP_22/tests/test_fix_now_code_register_xml.py::test_collective_ue_party_is_required_in_same_record[True-valid-047-65]; P.SP.02_OP_22/tests/test_fix_now_code_register_xml.py::test_collective_ue_party_is_required_in_same_record[True-inactive-047-65]; P.SP.02_OP_22/tests/test_fix_now_code_register_xml.py::test_collective_ue_party_is_required_in_same_record[True-wrong_owner-047-65]; P.SP.02_OP_22/tests/test_fix_now_code_register_xml.py::test_collective_ue_party_is_required_in_same_record[True-missing_role-047-65],PASS,Confirmed source_refs retained. Generic DSL executes the actual owner; positive and violating production-shape XML proved. Full regression certification is recorded in FIX_NOW_CODE_FINAL_AUDIT.md.
OP22_GAPS_REVIEWED.csv:270,P.SP.02.MSG.047,REQ 19,"Таблица 65/49, п.19 (R.IP.SP.02.007)",conditional filtering of repeated instances,FIX_NOW_CODE,STILL_UNSUPPORTED,No unconfirmed normative approximation added.,,NOT_CLOSED: source/external blocker,EXTERNAL: collective charter document-kind code is not confirmed locally. A document name alone cannot replace the normative code OR name condition.
OP22_GAPS_REVIEWED.csv:274,P.SP.02.MSG.048,REQ 18,"Таблица 66/49, п.18 (R.IP.SP.02.007)",conditional filtering of repeated instances,FIX_NOW_CODE,IMPLEMENTED_AND_TESTED,P.SP.02_OP_22/message_rules/P.SP.02.MSG.048.yaml: P.SP.02.MSG.048.T66.REQ.18,P.SP.02_OP_22/tests/test_fix_now_code_register_xml.py::test_collective_ue_party_is_required_in_same_record[False-valid-048-66]; P.SP.02_OP_22/tests/test_fix_now_code_register_xml.py::test_collective_ue_party_is_required_in_same_record[False-inactive-048-66]; P.SP.02_OP_22/tests/test_fix_now_code_register_xml.py::test_collective_ue_party_is_required_in_same_record[False-wrong_owner-048-66]; P.SP.02_OP_22/tests/test_fix_now_code_register_xml.py::test_collective_ue_party_is_required_in_same_record[False-missing_role-048-66]; P.SP.02_OP_22/tests/test_fix_now_code_register_xml.py::test_collective_ue_party_is_required_in_same_record[True-valid-048-66]; P.SP.02_OP_22/tests/test_fix_now_code_register_xml.py::test_collective_ue_party_is_required_in_same_record[True-inactive-048-66]; P.SP.02_OP_22/tests/test_fix_now_code_register_xml.py::test_collective_ue_party_is_required_in_same_record[True-wrong_owner-048-66]; P.SP.02_OP_22/tests/test_fix_now_code_register_xml.py::test_collective_ue_party_is_required_in_same_record[True-missing_role-048-66],PASS,Confirmed source_refs retained. Generic DSL executes the actual owner; positive and violating production-shape XML proved. Full regression certification is recorded in FIX_NOW_CODE_FINAL_AUDIT.md.
OP22_GAPS_REVIEWED.csv:275,P.SP.02.MSG.048,REQ 19,"Таблица 66/49, п.19 (R.IP.SP.02.007)",conditional filtering of repeated instances,FIX_NOW_CODE,STILL_UNSUPPORTED,No unconfirmed normative approximation added.,,NOT_CLOSED: source/external blocker,EXTERNAL: collective charter document-kind code is not confirmed locally. A document name alone cannot replace the normative code OR name condition.
OP22_GAPS_REVIEWED.csv:277,P.SP.02.MSG.049,REQ 18,"Таблица 67, п.18 (R.IP.SP.02.007)",conditional filtering of repeated instances,FIX_NOW_CODE,IMPLEMENTED_AND_TESTED,P.SP.02_OP_22/message_rules/P.SP.02.MSG.049.yaml: P.SP.02.MSG.049.T67.REQ.18,P.SP.02_OP_22/tests/test_fix_now_code_register_xml.py::test_collective_ue_party_is_required_in_same_record[False-valid-049-67]; P.SP.02_OP_22/tests/test_fix_now_code_register_xml.py::test_collective_ue_party_is_required_in_same_record[False-inactive-049-67]; P.SP.02_OP_22/tests/test_fix_now_code_register_xml.py::test_collective_ue_party_is_required_in_same_record[False-wrong_owner-049-67]; P.SP.02_OP_22/tests/test_fix_now_code_register_xml.py::test_collective_ue_party_is_required_in_same_record[False-missing_role-049-67]; P.SP.02_OP_22/tests/test_fix_now_code_register_xml.py::test_collective_ue_party_is_required_in_same_record[True-valid-049-67]; P.SP.02_OP_22/tests/test_fix_now_code_register_xml.py::test_collective_ue_party_is_required_in_same_record[True-inactive-049-67]; P.SP.02_OP_22/tests/test_fix_now_code_register_xml.py::test_collective_ue_party_is_required_in_same_record[True-wrong_owner-049-67]; P.SP.02_OP_22/tests/test_fix_now_code_register_xml.py::test_collective_ue_party_is_required_in_same_record[True-missing_role-049-67],PASS,Confirmed source_refs retained. Generic DSL executes the actual owner; positive and violating production-shape XML proved. Full regression certification is recorded in FIX_NOW_CODE_FINAL_AUDIT.md.
OP22_GAPS_REVIEWED.csv:278,P.SP.02.MSG.049,REQ 19,"Таблица 67, п.19 (R.IP.SP.02.007)",conditional filtering of repeated instances,FIX_NOW_CODE,STILL_UNSUPPORTED,No unconfirmed normative approximation added.,,NOT_CLOSED: source/external blocker,EXTERNAL: collective charter document-kind code is not confirmed locally. A document name alone cannot replace the normative code OR name condition.
OP22_GAPS_REVIEWED.csv:284,P.SP.02.MSG.050,REQ 18,"Таблица 68/49, п.18 (R.IP.SP.02.007)",conditional filtering of repeated instances,FIX_NOW_CODE,IMPLEMENTED_AND_TESTED,P.SP.02_OP_22/message_rules/P.SP.02.MSG.050.yaml: P.SP.02.MSG.050.T68.REQ.18,P.SP.02_OP_22/tests/test_fix_now_code_register_xml.py::test_collective_ue_party_is_required_in_same_record[False-valid-050-68]; P.SP.02_OP_22/tests/test_fix_now_code_register_xml.py::test_collective_ue_party_is_required_in_same_record[False-inactive-050-68]; P.SP.02_OP_22/tests/test_fix_now_code_register_xml.py::test_collective_ue_party_is_required_in_same_record[False-wrong_owner-050-68]; P.SP.02_OP_22/tests/test_fix_now_code_register_xml.py::test_collective_ue_party_is_required_in_same_record[False-missing_role-050-68]; P.SP.02_OP_22/tests/test_fix_now_code_register_xml.py::test_collective_ue_party_is_required_in_same_record[True-valid-050-68]; P.SP.02_OP_22/tests/test_fix_now_code_register_xml.py::test_collective_ue_party_is_required_in_same_record[True-inactive-050-68]; P.SP.02_OP_22/tests/test_fix_now_code_register_xml.py::test_collective_ue_party_is_required_in_same_record[True-wrong_owner-050-68]; P.SP.02_OP_22/tests/test_fix_now_code_register_xml.py::test_collective_ue_party_is_required_in_same_record[True-missing_role-050-68],PASS,Confirmed source_refs retained. Generic DSL executes the actual owner; positive and violating production-shape XML proved. Full regression certification is recorded in FIX_NOW_CODE_FINAL_AUDIT.md.
OP22_GAPS_REVIEWED.csv:285,P.SP.02.MSG.050,REQ 19,"Таблица 68/49, п.19 (R.IP.SP.02.007)",conditional filtering of repeated instances,FIX_NOW_CODE,STILL_UNSUPPORTED,No unconfirmed normative approximation added.,,NOT_CLOSED: source/external blocker,EXTERNAL: collective charter document-kind code is not confirmed locally. A document name alone cannot replace the normative code OR name condition.
OP22_GAPS_REVIEWED.csv:289,P.SP.02.MSG.051,REQ 18,"Таблица 69/49, п.18 (R.IP.SP.02.007)",conditional filtering of repeated instances,FIX_NOW_CODE,IMPLEMENTED_AND_TESTED,P.SP.02_OP_22/message_rules/P.SP.02.MSG.051.yaml: P.SP.02.MSG.051.T69.REQ.18,P.SP.02_OP_22/tests/test_fix_now_code_register_xml.py::test_collective_ue_party_is_required_in_same_record[False-valid-051-69]; P.SP.02_OP_22/tests/test_fix_now_code_register_xml.py::test_collective_ue_party_is_required_in_same_record[False-inactive-051-69]; P.SP.02_OP_22/tests/test_fix_now_code_register_xml.py::test_collective_ue_party_is_required_in_same_record[False-wrong_owner-051-69]; P.SP.02_OP_22/tests/test_fix_now_code_register_xml.py::test_collective_ue_party_is_required_in_same_record[False-missing_role-051-69]; P.SP.02_OP_22/tests/test_fix_now_code_register_xml.py::test_collective_ue_party_is_required_in_same_record[True-valid-051-69]; P.SP.02_OP_22/tests/test_fix_now_code_register_xml.py::test_collective_ue_party_is_required_in_same_record[True-inactive-051-69]; P.SP.02_OP_22/tests/test_fix_now_code_register_xml.py::test_collective_ue_party_is_required_in_same_record[True-wrong_owner-051-69]; P.SP.02_OP_22/tests/test_fix_now_code_register_xml.py::test_collective_ue_party_is_required_in_same_record[True-missing_role-051-69],PASS,Confirmed source_refs retained. Generic DSL executes the actual owner; positive and violating production-shape XML proved. Full regression certification is recorded in FIX_NOW_CODE_FINAL_AUDIT.md.
OP22_GAPS_REVIEWED.csv:290,P.SP.02.MSG.051,REQ 19,"Таблица 69/49, п.19 (R.IP.SP.02.007)",conditional filtering of repeated instances,FIX_NOW_CODE,STILL_UNSUPPORTED,No unconfirmed normative approximation added.,,NOT_CLOSED: source/external blocker,EXTERNAL: collective charter document-kind code is not confirmed locally. A document name alone cannot replace the normative code OR name condition.
OP22_GAPS_REVIEWED.csv:291,P.SP.02.MSG.052,REQ 3,"Таблица 70, п.3 (R.IP.SP.02.007)",cardinality after predicate,FIX_NOW_CODE,IMPLEMENTED_AND_TESTED,P.SP.02_OP_22/message_rules/P.SP.02.MSG.052.yaml: P.SP.02.MSG.052.T70.REQ.3,P.SP.02_OP_22/tests/test_fix_now_code_register_xml.py::test_msg052_new_record_required_after_cancel_goods_filter[records0-True-052-70]; P.SP.02_OP_22/tests/test_fix_now_code_register_xml.py::test_msg052_new_record_required_after_cancel_goods_filter[records1-False-052-70]; P.SP.02_OP_22/tests/test_fix_now_code_register_xml.py::test_msg052_new_record_required_after_cancel_goods_filter[records2-True-052-70]; P.SP.02_OP_22/tests/test_fix_now_code_register_xml.py::test_msg052_new_record_required_after_cancel_goods_filter[records3-True-052-70]; P.SP.02_OP_22/tests/test_fix_now_code_register_xml.py::test_msg052_new_record_required_after_cancel_goods_filter[records4-True-052-70]; P.SP.02_OP_22/tests/test_fix_now_code_register_xml.py::test_msg052_new_record_required_after_cancel_goods_filter[records5-True-052-70]; P.SP.02_OP_22/tests/test_fix_now_code_register_xml.py::test_msg052_new_record_required_after_cancel_goods_filter[records6-False-052-70]; P.SP.02_OP_22/tests/test_fix_now_code_register_xml.py::test_msg052_new_record_required_after_cancel_goods_filter[records7-True-052-70],PASS,Confirmed source_refs retained. Generic DSL executes the actual owner; positive and violating production-shape XML proved. Full regression certification is recorded in FIX_NOW_CODE_FINAL_AUDIT.md.
OP22_GAPS_REVIEWED.csv:293,P.SP.02.MSG.052,REQ 18,"Таблица 70/49, п.18 (R.IP.SP.02.007)",conditional filtering of repeated instances,FIX_NOW_CODE,IMPLEMENTED_AND_TESTED,P.SP.02_OP_22/message_rules/P.SP.02.MSG.052.yaml: P.SP.02.MSG.052.T70.REQ.18,P.SP.02_OP_22/tests/test_fix_now_code_register_xml.py::test_collective_ue_party_is_required_in_same_record[False-valid-052-70]; P.SP.02_OP_22/tests/test_fix_now_code_register_xml.py::test_collective_ue_party_is_required_in_same_record[False-inactive-052-70]; P.SP.02_OP_22/tests/test_fix_now_code_register_xml.py::test_collective_ue_party_is_required_in_same_record[False-wrong_owner-052-70]; P.SP.02_OP_22/tests/test_fix_now_code_register_xml.py::test_collective_ue_party_is_required_in_same_record[False-missing_role-052-70]; P.SP.02_OP_22/tests/test_fix_now_code_register_xml.py::test_collective_ue_party_is_required_in_same_record[True-valid-052-70]; P.SP.02_OP_22/tests/test_fix_now_code_register_xml.py::test_collective_ue_party_is_required_in_same_record[True-inactive-052-70]; P.SP.02_OP_22/tests/test_fix_now_code_register_xml.py::test_collective_ue_party_is_required_in_same_record[True-wrong_owner-052-70]; P.SP.02_OP_22/tests/test_fix_now_code_register_xml.py::test_collective_ue_party_is_required_in_same_record[True-missing_role-052-70],PASS,Confirmed source_refs retained. Generic DSL executes the actual owner; positive and violating production-shape XML proved. Full regression certification is recorded in FIX_NOW_CODE_FINAL_AUDIT.md.
OP22_GAPS_REVIEWED.csv:294,P.SP.02.MSG.052,REQ 19,"Таблица 70/49, п.19 (R.IP.SP.02.007)",conditional filtering of repeated instances,FIX_NOW_CODE,STILL_UNSUPPORTED,No unconfirmed normative approximation added.,,NOT_CLOSED: source/external blocker,EXTERNAL: collective charter document-kind code is not confirmed locally. A document name alone cannot replace the normative code OR name condition.
OP22_GAPS_REVIEWED.csv:296,P.SP.02.MSG.052,REQ 21,"Таблица 70, п.21 (R.IP.SP.02.007)",typed date comparison,FIX_NOW_CODE,STILL_UNSUPPORTED,No unconfirmed normative approximation added.,,NOT_CLOSED: source/external blocker,EXTERNAL: Table70 compares CANCEL start with the unified resource start; the external resource is not an input to the production rule.
OP22_GAPS_REVIEWED.csv:297,P.SP.02.MSG.052,REQ 22,"Таблица 70, п.22 (R.IP.SP.02.007)",typed date comparison,FIX_NOW_CODE,IMPLEMENTED_AND_TESTED,"P.SP.02_OP_22/message_rules/P.SP.02.MSG.052.yaml: P.SP.02.MSG.052.T70.REQ.22.CANCEL, P.SP.02.MSG.052.T70.REQ.22.NEW",P.SP.02_OP_22/tests/test_fix_now_code_msg052_xml.py::test_msg052_production_date_and_equality[valid-CANCEL_NEW]; P.SP.02_OP_22/tests/test_fix_now_code_msg052_xml.py::test_msg052_production_date_and_equality[valid-NEW_CANCEL]; P.SP.02_OP_22/tests/test_fix_now_code_msg052_xml.py::test_msg052_production_date_and_equality[equal_start-CANCEL_NEW]; P.SP.02_OP_22/tests/test_fix_now_code_msg052_xml.py::test_msg052_production_date_and_equality[equal_start-NEW_CANCEL]; P.SP.02_OP_22/tests/test_fix_now_code_msg052_xml.py::test_msg052_production_date_and_equality[equal_new-CANCEL_NEW]; P.SP.02_OP_22/tests/test_fix_now_code_msg052_xml.py::test_msg052_production_date_and_equality[equal_new-NEW_CANCEL]; P.SP.02_OP_22/tests/test_fix_now_code_msg052_xml.py::test_msg052_production_date_and_equality[after_new-CANCEL_NEW]; P.SP.02_OP_22/tests/test_fix_now_code_msg052_xml.py::test_msg052_production_date_and_equality[after_new-NEW_CANCEL]; P.SP.02_OP_22/tests/test_fix_now_code_msg052_xml.py::test_msg052_production_date_and_equality[invalid-CANCEL_NEW]; P.SP.02_OP_22/tests/test_fix_now_code_msg052_xml.py::test_msg052_production_date_and_equality[invalid-NEW_CANCEL]; P.SP.02_OP_22/tests/test_fix_now_code_msg052_xml.py::test_msg052_production_date_and_equality[missing_end-CANCEL_NEW]; P.SP.02_OP_22/tests/test_fix_now_code_msg052_xml.py::test_msg052_production_date_and_equality[missing_end-NEW_CANCEL]; P.SP.02_OP_22/tests/test_fix_now_code_msg052_xml.py::test_msg052_production_date_and_equality[wrong_date_qname-CANCEL_NEW]; P.SP.02_OP_22/tests/test_fix_now_code_msg052_xml.py::test_msg052_production_date_and_equality[wrong_date_qname-NEW_CANCEL]; P.SP.02_OP_22/tests/test_fix_now_code_msg052_xml.py::test_msg052_production_date_and_equality[different_id-CANCEL_NEW]; P.SP.02_OP_22/tests/test_fix_now_code_msg052_xml.py::test_msg052_production_date_and_equality[different_id-NEW_CANCEL]; P.SP.02_OP_22/tests/test_fix_now_code_msg052_xml.py::test_msg052_production_date_and_equality[missing_id-CANCEL_NEW]; P.SP.02_OP_22/tests/test_fix_now_code_msg052_xml.py::test_msg052_production_date_and_equality[missing_id-NEW_CANCEL]; P.SP.02_OP_22/tests/test_fix_now_code_msg052_xml.py::test_msg052_production_date_and_equality[misowned_id-CANCEL_NEW]; P.SP.02_OP_22/tests/test_fix_now_code_msg052_xml.py::test_msg052_production_date_and_equality[misowned_id-NEW_CANCEL]; P.SP.02_OP_22/tests/test_fix_now_code_msg052_xml.py::test_msg052_production_date_and_equality[wrong_id_qname-CANCEL_NEW]; P.SP.02_OP_22/tests/test_fix_now_code_msg052_xml.py::test_msg052_production_date_and_equality[wrong_id_qname-NEW_CANCEL],PASS,Confirmed source_refs retained. Generic DSL executes the actual owner; positive and violating production-shape XML proved. Full regression certification is recorded in FIX_NOW_CODE_FINAL_AUDIT.md.
OP22_GAPS_REVIEWED.csv:298,P.SP.02.MSG.052,REQ 24,"Таблица 70, п.24 (R.IP.SP.02.007)",cross-instance equality,FIX_NOW_CODE,IMPLEMENTED_AND_TESTED,P.SP.02_OP_22/message_rules/P.SP.02.MSG.052.yaml: P.SP.02.MSG.052.T70.REQ.24,P.SP.02_OP_22/tests/test_fix_now_code_msg052_xml.py::test_msg052_production_date_and_equality[valid-CANCEL_NEW]; P.SP.02_OP_22/tests/test_fix_now_code_msg052_xml.py::test_msg052_production_date_and_equality[valid-NEW_CANCEL]; P.SP.02_OP_22/tests/test_fix_now_code_msg052_xml.py::test_msg052_production_date_and_equality[equal_start-CANCEL_NEW]; P.SP.02_OP_22/tests/test_fix_now_code_msg052_xml.py::test_msg052_production_date_and_equality[equal_start-NEW_CANCEL]; P.SP.02_OP_22/tests/test_fix_now_code_msg052_xml.py::test_msg052_production_date_and_equality[equal_new-CANCEL_NEW]; P.SP.02_OP_22/tests/test_fix_now_code_msg052_xml.py::test_msg052_production_date_and_equality[equal_new-NEW_CANCEL]; P.SP.02_OP_22/tests/test_fix_now_code_msg052_xml.py::test_msg052_production_date_and_equality[after_new-CANCEL_NEW]; P.SP.02_OP_22/tests/test_fix_now_code_msg052_xml.py::test_msg052_production_date_and_equality[after_new-NEW_CANCEL]; P.SP.02_OP_22/tests/test_fix_now_code_msg052_xml.py::test_msg052_production_date_and_equality[invalid-CANCEL_NEW]; P.SP.02_OP_22/tests/test_fix_now_code_msg052_xml.py::test_msg052_production_date_and_equality[invalid-NEW_CANCEL]; P.SP.02_OP_22/tests/test_fix_now_code_msg052_xml.py::test_msg052_production_date_and_equality[missing_end-CANCEL_NEW]; P.SP.02_OP_22/tests/test_fix_now_code_msg052_xml.py::test_msg052_production_date_and_equality[missing_end-NEW_CANCEL]; P.SP.02_OP_22/tests/test_fix_now_code_msg052_xml.py::test_msg052_production_date_and_equality[wrong_date_qname-CANCEL_NEW]; P.SP.02_OP_22/tests/test_fix_now_code_msg052_xml.py::test_msg052_production_date_and_equality[wrong_date_qname-NEW_CANCEL]; P.SP.02_OP_22/tests/test_fix_now_code_msg052_xml.py::test_msg052_production_date_and_equality[different_id-CANCEL_NEW]; P.SP.02_OP_22/tests/test_fix_now_code_msg052_xml.py::test_msg052_production_date_and_equality[different_id-NEW_CANCEL]; P.SP.02_OP_22/tests/test_fix_now_code_msg052_xml.py::test_msg052_production_date_and_equality[missing_id-CANCEL_NEW]; P.SP.02_OP_22/tests/test_fix_now_code_msg052_xml.py::test_msg052_production_date_and_equality[missing_id-NEW_CANCEL]; P.SP.02_OP_22/tests/test_fix_now_code_msg052_xml.py::test_msg052_production_date_and_equality[misowned_id-CANCEL_NEW]; P.SP.02_OP_22/tests/test_fix_now_code_msg052_xml.py::test_msg052_production_date_and_equality[misowned_id-NEW_CANCEL]; P.SP.02_OP_22/tests/test_fix_now_code_msg052_xml.py::test_msg052_production_date_and_equality[wrong_id_qname-CANCEL_NEW]; P.SP.02_OP_22/tests/test_fix_now_code_msg052_xml.py::test_msg052_production_date_and_equality[wrong_id_qname-NEW_CANCEL],PASS,Confirmed source_refs retained. Generic DSL executes the actual owner; positive and violating production-shape XML proved. Full regression certification is recorded in FIX_NOW_CODE_FINAL_AUDIT.md.
OP22_GAPS_REVIEWED.csv:306,P.SP.02.MSG.053,REQ 18,"Таблица 71/49, п.18 (R.IP.SP.02.007)",conditional filtering of repeated instances,FIX_NOW_CODE,IMPLEMENTED_AND_TESTED,P.SP.02_OP_22/message_rules/P.SP.02.MSG.053.yaml: P.SP.02.MSG.053.T71.REQ.18,P.SP.02_OP_22/tests/test_fix_now_code_register_xml.py::test_collective_ue_party_is_required_in_same_record[False-valid-053-71]; P.SP.02_OP_22/tests/test_fix_now_code_register_xml.py::test_collective_ue_party_is_required_in_same_record[False-inactive-053-71]; P.SP.02_OP_22/tests/test_fix_now_code_register_xml.py::test_collective_ue_party_is_required_in_same_record[False-wrong_owner-053-71]; P.SP.02_OP_22/tests/test_fix_now_code_register_xml.py::test_collective_ue_party_is_required_in_same_record[False-missing_role-053-71]; P.SP.02_OP_22/tests/test_fix_now_code_register_xml.py::test_collective_ue_party_is_required_in_same_record[True-valid-053-71]; P.SP.02_OP_22/tests/test_fix_now_code_register_xml.py::test_collective_ue_party_is_required_in_same_record[True-inactive-053-71]; P.SP.02_OP_22/tests/test_fix_now_code_register_xml.py::test_collective_ue_party_is_required_in_same_record[True-wrong_owner-053-71]; P.SP.02_OP_22/tests/test_fix_now_code_register_xml.py::test_collective_ue_party_is_required_in_same_record[True-missing_role-053-71],PASS,Confirmed source_refs retained. Generic DSL executes the actual owner; positive and violating production-shape XML proved. Full regression certification is recorded in FIX_NOW_CODE_FINAL_AUDIT.md.
OP22_GAPS_REVIEWED.csv:307,P.SP.02.MSG.053,REQ 19,"Таблица 71/49, п.19 (R.IP.SP.02.007)",conditional filtering of repeated instances,FIX_NOW_CODE,STILL_UNSUPPORTED,No unconfirmed normative approximation added.,,NOT_CLOSED: source/external blocker,EXTERNAL: collective charter document-kind code is not confirmed locally. A document name alone cannot replace the normative code OR name condition.
OP22_GAPS_REVIEWED.csv:315,P.SP.02.MSG.055,REQ 7,"Таблица 73, п.7 (R.IP.SP.03.003)",cardinality after predicate,FIX_NOW_CODE,IMPLEMENTED_AND_TESTED,"P.SP.02_OP_22/message_rules/P.SP.02.MSG.055.yaml: P.SP.02.MSG.055.T73.REQ.7.PRESENCE, P.SP.02.MSG.055.T73.REQ.7.ACCOUNTS",P.SP.02_OP_22/tests/test_fix_now_code_register_xml.py::test_msg055_inclusive_account_or_per_payment_owner[False-False-False]; P.SP.02_OP_22/tests/test_fix_now_code_register_xml.py::test_msg055_inclusive_account_or_per_payment_owner[False-True-False]; P.SP.02_OP_22/tests/test_fix_now_code_register_xml.py::test_msg055_inclusive_account_or_per_payment_owner[False-False-True]; P.SP.02_OP_22/tests/test_fix_now_code_register_xml.py::test_msg055_inclusive_account_or_per_payment_owner[False-True-True]; P.SP.02_OP_22/tests/test_fix_now_code_register_xml.py::test_msg055_inclusive_account_or_per_payment_owner[True-False-False]; P.SP.02_OP_22/tests/test_fix_now_code_register_xml.py::test_msg055_inclusive_account_or_per_payment_owner[True-True-False]; P.SP.02_OP_22/tests/test_fix_now_code_register_xml.py::test_msg055_inclusive_account_or_per_payment_owner[True-False-True]; P.SP.02_OP_22/tests/test_fix_now_code_register_xml.py::test_msg055_inclusive_account_or_per_payment_owner[True-True-True]; P.SP.02_OP_22/tests/test_fix_now_code_register_xml.py::test_msg055_payment_presence_is_not_created_by_rule,PASS,Confirmed source_refs retained. Generic DSL executes the actual owner; positive and violating production-shape XML proved. Full regression certification is recorded in FIX_NOW_CODE_FINAL_AUDIT.md.
OP22_GAPS_REVIEWED.csv:331,P.SP.02.MSG.061,REQ 16,"Таблица 80/44, п.16 (R.IP.SP.02.002)",disjunction,FIX_NOW_CODE,IMPLEMENTED_AND_TESTED,P.SP.02_OP_22/message_rules/P.SP.02.MSG.061.yaml: P.SP.02.MSG.061.T80.REQ.16,P.SP.02_OP_22/tests/test_fix_now_code_msg012_xml.py::test_production_requirement_per_owner[OLD_NEW-positive-16-P.SP.02.MSG.061-80]; P.SP.02_OP_22/tests/test_fix_now_code_msg012_xml.py::test_production_requirement_per_owner[OLD_NEW-negative-16-P.SP.02.MSG.061-80]; P.SP.02_OP_22/tests/test_fix_now_code_msg012_xml.py::test_production_requirement_per_owner[NEW_OLD-positive-16-P.SP.02.MSG.061-80]; P.SP.02_OP_22/tests/test_fix_now_code_msg012_xml.py::test_production_requirement_per_owner[NEW_OLD-negative-16-P.SP.02.MSG.061-80],PASS,Confirmed source_refs retained. Generic DSL executes the actual owner; positive and violating production-shape XML proved. Full regression certification is recorded in FIX_NOW_CODE_FINAL_AUDIT.md.
OP22_GAPS_REVIEWED.csv:332,P.SP.02.MSG.061,REQ 17,"Таблица 80/44, п.17 (R.IP.SP.02.002)",disjunction,FIX_NOW_CODE,IMPLEMENTED_AND_TESTED,"P.SP.02_OP_22/message_rules/P.SP.02.MSG.061.yaml: P.SP.02.MSG.061.T80.REQ.17, P.SP.02.MSG.061.T80.REQ.17.LANGUAGE",P.SP.02_OP_22/tests/test_fix_now_code_msg012_xml.py::test_production_requirement_per_owner[OLD_NEW-positive-17-P.SP.02.MSG.061-80]; P.SP.02_OP_22/tests/test_fix_now_code_msg012_xml.py::test_production_requirement_per_owner[OLD_NEW-negative-17-P.SP.02.MSG.061-80]; P.SP.02_OP_22/tests/test_fix_now_code_msg012_xml.py::test_production_requirement_per_owner[NEW_OLD-positive-17-P.SP.02.MSG.061-80]; P.SP.02_OP_22/tests/test_fix_now_code_msg012_xml.py::test_production_requirement_per_owner[NEW_OLD-negative-17-P.SP.02.MSG.061-80]; P.SP.02_OP_22/tests/test_fix_now_code_msg012_xml.py::test_original_name_count_is_exactly_one_per_ap[OLD_NEW-missing_original-P.SP.02.MSG.061-80]; P.SP.02_OP_22/tests/test_fix_now_code_msg012_xml.py::test_original_name_count_is_exactly_one_per_ap[OLD_NEW-duplicate_original-P.SP.02.MSG.061-80]; P.SP.02_OP_22/tests/test_fix_now_code_msg012_xml.py::test_original_name_count_is_exactly_one_per_ap[NEW_OLD-missing_original-P.SP.02.MSG.061-80]; P.SP.02_OP_22/tests/test_fix_now_code_msg012_xml.py::test_original_name_count_is_exactly_one_per_ap[NEW_OLD-duplicate_original-P.SP.02.MSG.061-80],PASS,Confirmed source_refs retained. Generic DSL executes the actual owner; positive and violating production-shape XML proved. Full regression certification is recorded in FIX_NOW_CODE_FINAL_AUDIT.md.
OP22_GAPS_REVIEWED.csv:333,P.SP.02.MSG.061,REQ 18,"Таблица 80/44, п.18 (R.IP.SP.02.002)",positional/ordinal access,FIX_NOW_CODE,IMPLEMENTED_AND_TESTED,P.SP.02_OP_22/message_rules/P.SP.02.MSG.061.yaml: P.SP.02.MSG.061.T80.REQ.18,P.SP.02_OP_22/tests/test_fix_now_code_msg012_xml.py::test_production_requirement_per_owner[OLD_NEW-positive-18-P.SP.02.MSG.061-80]; P.SP.02_OP_22/tests/test_fix_now_code_msg012_xml.py::test_production_requirement_per_owner[OLD_NEW-negative-18-P.SP.02.MSG.061-80]; P.SP.02_OP_22/tests/test_fix_now_code_msg012_xml.py::test_production_requirement_per_owner[NEW_OLD-positive-18-P.SP.02.MSG.061-80]; P.SP.02_OP_22/tests/test_fix_now_code_msg012_xml.py::test_production_requirement_per_owner[NEW_OLD-negative-18-P.SP.02.MSG.061-80],PASS,Confirmed source_refs retained. Generic DSL executes the actual owner; positive and violating production-shape XML proved. Full regression certification is recorded in FIX_NOW_CODE_FINAL_AUDIT.md.
OP22_GAPS_REVIEWED.csv:334,P.SP.02.MSG.061,REQ 19,"Таблица 80/44, п.19 (R.IP.SP.02.002)",positional/ordinal access,FIX_NOW_CODE,IMPLEMENTED_AND_TESTED,P.SP.02_OP_22/message_rules/P.SP.02.MSG.061.yaml: P.SP.02.MSG.061.T80.REQ.19,P.SP.02_OP_22/tests/test_fix_now_code_msg012_xml.py::test_production_requirement_per_owner[OLD_NEW-positive-19-P.SP.02.MSG.061-80]; P.SP.02_OP_22/tests/test_fix_now_code_msg012_xml.py::test_production_requirement_per_owner[OLD_NEW-negative-19-P.SP.02.MSG.061-80]; P.SP.02_OP_22/tests/test_fix_now_code_msg012_xml.py::test_production_requirement_per_owner[NEW_OLD-positive-19-P.SP.02.MSG.061-80]; P.SP.02_OP_22/tests/test_fix_now_code_msg012_xml.py::test_production_requirement_per_owner[NEW_OLD-negative-19-P.SP.02.MSG.061-80],PASS,Confirmed source_refs retained. Generic DSL executes the actual owner; positive and violating production-shape XML proved. Full regression certification is recorded in FIX_NOW_CODE_FINAL_AUDIT.md.
OP22_GAPS_REVIEWED.csv:335,P.SP.02.MSG.061,REQ 20,"Таблица 80/44, п.20 (R.IP.SP.02.002)",disjunction,FIX_NOW_CODE,IMPLEMENTED_AND_TESTED,P.SP.02_OP_22/message_rules/P.SP.02.MSG.061.yaml: P.SP.02.MSG.061.T80.REQ.20,P.SP.02_OP_22/tests/test_fix_now_code_msg012_xml.py::test_production_requirement_per_owner[OLD_NEW-positive-20-P.SP.02.MSG.061-80]; P.SP.02_OP_22/tests/test_fix_now_code_msg012_xml.py::test_production_requirement_per_owner[OLD_NEW-negative-20-P.SP.02.MSG.061-80]; P.SP.02_OP_22/tests/test_fix_now_code_msg012_xml.py::test_production_requirement_per_owner[NEW_OLD-positive-20-P.SP.02.MSG.061-80]; P.SP.02_OP_22/tests/test_fix_now_code_msg012_xml.py::test_production_requirement_per_owner[NEW_OLD-negative-20-P.SP.02.MSG.061-80],PASS,"Confirmed source_refs retained. Generic DSL executes the actual owner; positive and violating production-shape XML proved. Full regression certification is recorded in FIX_NOW_CODE_FINAL_AUDIT.md. Registry capability label is retained for arithmetic; normative Table34 REQ20 is AddressKindCode literal 2 under AP, not the second address. No fabricated ordinal restriction."
OP22_GAPS_REVIEWED.csv:340,P.SP.02.MSG.062,REQ 18,"Таблица 81/44/34, п.18 (R.IP.SP.02.002)",positional/ordinal access,FIX_NOW_CODE,IMPLEMENTED_AND_TESTED,P.SP.02_OP_22/message_rules/P.SP.02.MSG.062.yaml: P.SP.02.MSG.062.T81.REQ.18,P.SP.02_OP_22/tests/test_fix_now_code_msg012_xml.py::test_production_requirement_per_owner[OLD_NEW-positive-18-P.SP.02.MSG.062-81]; P.SP.02_OP_22/tests/test_fix_now_code_msg012_xml.py::test_production_requirement_per_owner[OLD_NEW-negative-18-P.SP.02.MSG.062-81]; P.SP.02_OP_22/tests/test_fix_now_code_msg012_xml.py::test_production_requirement_per_owner[NEW_OLD-positive-18-P.SP.02.MSG.062-81]; P.SP.02_OP_22/tests/test_fix_now_code_msg012_xml.py::test_production_requirement_per_owner[NEW_OLD-negative-18-P.SP.02.MSG.062-81],PASS,Confirmed source_refs retained. Generic DSL executes the actual owner; positive and violating production-shape XML proved. Full regression certification is recorded in FIX_NOW_CODE_FINAL_AUDIT.md.
OP22_GAPS_REVIEWED.csv:341,P.SP.02.MSG.062,REQ 19,"Таблица 81/44/34, п.19 (R.IP.SP.02.002)",positional/ordinal access,FIX_NOW_CODE,IMPLEMENTED_AND_TESTED,P.SP.02_OP_22/message_rules/P.SP.02.MSG.062.yaml: P.SP.02.MSG.062.T81.REQ.19,P.SP.02_OP_22/tests/test_fix_now_code_msg012_xml.py::test_production_requirement_per_owner[OLD_NEW-positive-19-P.SP.02.MSG.062-81]; P.SP.02_OP_22/tests/test_fix_now_code_msg012_xml.py::test_production_requirement_per_owner[OLD_NEW-negative-19-P.SP.02.MSG.062-81]; P.SP.02_OP_22/tests/test_fix_now_code_msg012_xml.py::test_production_requirement_per_owner[NEW_OLD-positive-19-P.SP.02.MSG.062-81]; P.SP.02_OP_22/tests/test_fix_now_code_msg012_xml.py::test_production_requirement_per_owner[NEW_OLD-negative-19-P.SP.02.MSG.062-81],PASS,Confirmed source_refs retained. Generic DSL executes the actual owner; positive and violating production-shape XML proved. Full regression certification is recorded in FIX_NOW_CODE_FINAL_AUDIT.md.
