severity,category,op,process,procedure,transaction,operation,message,requirement,source,source_page,structure,xml_owner,xml_qname,xml_path,current_state,missing_information,required_material,required_engine_capability,can_fix_without_external_docs,blocks_delivery,recommended_action,notes,review_status,review_can_close_now,corrected_category,review_priority,review_plain,what_exactly_needed,verified_pdf_page,verified_evidence
MEDIUM,CLASSIFIERS_AND_REFERENCE_DATA,OP22,P.SP.02,P.SP.02.PRC.001,P.SP.02.TRN.001,P.SP.02.OPR.001,P.SP.02.MSG.001,REQ 4,"Table 34, п.4",,R.IP.SP.02.002,ipcdo:TrademarkApplicationDetails,ipcdo:TrademarkApplicationDetails; ipsdo:IPDocKindCode; ipsdo:IPDocKindName,ipcdo:TrademarkApplicationDetails; ipsdo:IPDocKindCode; ipsdo:IPDocKindName,Классифицировано как EXTERNAL,"при включении в классификатор видов документов, сведений и материалов, используемых в сфере интеллектуальной собственности, утвержденный Решением Коллегии Комиссии от 27 июля 2021 г. № 92 (далее – кла",Решение Коллегии ЕЭК №92 / реестр Союза,NONE,NO,NO,Подключить машиночитаемый справочник/классификатор ЕЭК,"при включении в классификатор видов документов, сведений и материалов, используемых в сфере интеллектуальной собственности, утвержденный Решением Коллегии Комиссии от 27 июля 2021 г. № 92 (далее – кла",NEEDS_REFERENCE_DATA,NO,CLASSIFIERS_AND_REFERENCE_DATA,P2,"Правило в PDF есть, но полная офлайн-проверка зависит от официального справочника/классификатора. Одного текста регламента недостаточно, если нужно определить наличие кода или допустимое значение.","Получить официальный машиночитаемый классификатор/справочник, зафиксировать его версию/дату, сохранить локальный снимок и подключить его к валидатору.",Точная нормативная таблица указана в source; страницу нужно фиксировать при подключении соответствующего справочника.,Для R.IP.SP.02.002 структура и QName уже подтверждены; незакрытая часть — именно reference data.
MEDIUM,CLASSIFIERS_AND_REFERENCE_DATA,OP22,P.SP.02,P.SP.02.PRC.001,P.SP.02.TRN.001,P.SP.02.OPR.001,P.SP.02.MSG.001,REQ 5,"Table 34, п.5",,R.IP.SP.02.002,ipcdo:TrademarkApplicationDetails,ipcdo:TrademarkApplicationDetails; ipsdo:IPDocKindCode; ipsdo:IPDocKindName,ipcdo:TrademarkApplicationDetails; ipsdo:IPDocKindCode; ipsdo:IPDocKindName,Классифицировано как EXTERNAL,"при отсутствии в классификаторе видов документов, сведений и материалов значения, соответствующего виду документа «Заявка на регистрацию товарного знака, знака обслуживания Евразийского экономического",Решение Коллегии ЕЭК №92 / реестр Союза,NONE,NO,NO,Подключить машиночитаемый справочник/классификатор ЕЭК,"при отсутствии в классификаторе видов документов, сведений и материалов значения, соответствующего виду документа «Заявка на регистрацию товарного знака, знака обслуживания Евразийского экономического",NEEDS_REFERENCE_DATA,NO,CLASSIFIERS_AND_REFERENCE_DATA,P2,"Правило в PDF есть, но полная офлайн-проверка зависит от официального справочника/классификатора. Одного текста регламента недостаточно, если нужно определить наличие кода или допустимое значение.","Получить официальный машиночитаемый классификатор/справочник, зафиксировать его версию/дату, сохранить локальный снимок и подключить его к валидатору.",Точная нормативная таблица указана в source; страницу нужно фиксировать при подключении соответствующего справочника.,Для R.IP.SP.02.002 структура и QName уже подтверждены; незакрытая часть — именно reference data.
HIGH,ENGINE_CAPABILITY_GAPS,OP22,P.SP.02,P.SP.02.PRC.001,P.SP.02.TRN.001,P.SP.02.OPR.001,P.SP.02.MSG.001,REQ 13,"Table 34, п.13",,R.IP.SP.02.002,ipsdo:IPPartyKindCode,ipsdo:IPPartyKindCode,ipsdo:IPPartyKindCode,Классифицировано как ENGINE_UNSUPPORTED,NONE,Движок валидации правил,conditional filtering of repeated instances,YES,NO,Добавить поддержку возможности в rules engine: Сложный предикат / межролевая фильтрация,значение реквизита «Код вида участника отношений в сфере регистрации и использования прав на объекты интеллектуальной собственности» (ipsdo:IPPartyKindCode) должно соответствовать значению «AP» – «зая,FIX_NOW_CODE,YES,ENGINE_CAPABILITY_GAPS,P1,"Можно закрывать сейчас. Нормативное правило уже найдено; пробел связан не с документами, а с отсутствующей возможностью rules_engine.",Реализовать capability: conditional filtering of repeated instances; добавить положительные и отрицательные тесты.,Использовать таблицу/пункт из поля source; дополнительных внешних документов не требуется.,Исходный реестр уже помечает can_fix_without_external_docs=YES для этой категории.
HIGH,ENGINE_CAPABILITY_GAPS,OP22,P.SP.02,P.SP.02.PRC.001,P.SP.02.TRN.001,P.SP.02.OPR.001,P.SP.02.MSG.001,REQ 14,"Table 34, п.14",,R.IP.SP.02.002,ipcdo:IPPartyDetails,ipcdo:IPPartyDetails; ipsdo:IPPartyKindCode,ipcdo:IPPartyDetails; ipsdo:IPPartyKindCode,Классифицировано как ENGINE_UNSUPPORTED,NONE,Движок валидации правил,cardinality after predicate,YES,NO,Добавить поддержку возможности в rules engine: Сложный предикат / межролевая фильтрация,"в электронном документе (сведениях) «Сведения о заявке, ходатайстве для прохождения процедур регистрации ТЗ Союза» (R.IP.SP.02.002) должен быть заполнен 1 экземпляр реквизита «Участник отношений в сфе",FIX_NOW_CODE,YES,ENGINE_CAPABILITY_GAPS,P1,"Можно закрывать сейчас. Нормативное правило уже найдено; пробел связан не с документами, а с отсутствующей возможностью rules_engine.",Реализовать capability: cardinality after predicate; добавить положительные и отрицательные тесты.,Использовать таблицу/пункт из поля source; дополнительных внешних документов не требуется.,Исходный реестр уже помечает can_fix_without_external_docs=YES для этой категории.
HIGH,ENGINE_CAPABILITY_GAPS,OP22,P.SP.02,P.SP.02.PRC.001,P.SP.02.TRN.001,P.SP.02.OPR.001,P.SP.02.MSG.001,REQ 15,"Table 34, п.15",,R.IP.SP.02.002,ipcdo:IPPartyDetails,ipcdo:IPPartyDetails; ipsdo:IPPartyKindCode; csdo:UnifiedCountryCode; ipsdo:IPSubjectName,ipcdo:IPPartyDetails; ipsdo:IPPartyKindCode; csdo:UnifiedCountryCode; ipsdo:IPSubjectName,Классифицировано как ENGINE_UNSUPPORTED,NONE,Движок валидации правил,conditional filtering of repeated instances,YES,NO,Добавить поддержку возможности в rules engine: Сложный предикат / межролевая фильтрация,если в составе реквизита «Участник отношений в сфере регистрации и использования прав на объекты интеллектуальной собственности» (ipcdo:IPPartyDetails) значение реквизита «Код вида участника отношений,FIX_NOW_CODE,YES,ENGINE_CAPABILITY_GAPS,P1,"Можно закрывать сейчас. Нормативное правило уже найдено; пробел связан не с документами, а с отсутствующей возможностью rules_engine.",Реализовать capability: conditional filtering of repeated instances; добавить положительные и отрицательные тесты.,Использовать таблицу/пункт из поля source; дополнительных внешних документов не требуется.,Исходный реестр уже помечает can_fix_without_external_docs=YES для этой категории.
HIGH,ENGINE_CAPABILITY_GAPS,OP22,P.SP.02,P.SP.02.PRC.001,P.SP.02.TRN.001,P.SP.02.OPR.001,P.SP.02.MSG.001,REQ 16,"Table 34, п.16",,R.IP.SP.02.002,ipcdo:IPPartyDetails,ipcdo:IPPartyDetails; ipsdo:IPPartyKindCode; ipsdo:IPSubjectName,ipcdo:IPPartyDetails; ipsdo:IPPartyKindCode; ipsdo:IPSubjectName,Классифицировано как ENGINE_UNSUPPORTED,NONE,Движок валидации правил,conditional filtering of repeated instances,YES,NO,Добавить поддержку возможности в rules engine: Сложный предикат / межролевая фильтрация,если в составе реквизита «Участник отношений в сфере регистрации и использования прав на объекты интеллектуальной собственности» (ipcdo:IPPartyDetails) значение реквизита «Код вида участника отношений,FIX_NOW_CODE,YES,ENGINE_CAPABILITY_GAPS,P1,"Можно закрывать сейчас. Нормативное правило уже найдено; пробел связан не с документами, а с отсутствующей возможностью rules_engine.",Реализовать capability: conditional filtering of repeated instances; добавить положительные и отрицательные тесты.,Использовать таблицу/пункт из поля source; дополнительных внешних документов не требуется.,Исходный реестр уже помечает can_fix_without_external_docs=YES для этой категории.
HIGH,ENGINE_CAPABILITY_GAPS,OP22,P.SP.02,P.SP.02.PRC.001,P.SP.02.TRN.001,P.SP.02.OPR.001,P.SP.02.MSG.001,REQ 17,"Table 34, п.17",,R.IP.SP.02.002,ipcdo:IPPartyDetails,ipcdo:IPPartyDetails; ipsdo:IPPartyKindCode; ipsdo:IPSubjectName,ipcdo:IPPartyDetails; ipsdo:IPPartyKindCode; ipsdo:IPSubjectName,Классифицировано как ENGINE_UNSUPPORTED,NONE,Движок валидации правил,conditional filtering of repeated instances,YES,NO,Добавить поддержку возможности в rules engine: Сложный предикат / межролевая фильтрация,если в составе реквизита «Участник отношений в сфере регистрации и использования прав на объекты интеллектуальной собственности» (ipcdo:IPPartyDetails) значение реквизита «Код вида участника отношений,FIX_NOW_CODE,YES,ENGINE_CAPABILITY_GAPS,P1,"Можно закрывать сейчас. Нормативное правило уже найдено; пробел связан не с документами, а с отсутствующей возможностью rules_engine.",Реализовать capability: conditional filtering of repeated instances; добавить положительные и отрицательные тесты.,Использовать таблицу/пункт из поля source; дополнительных внешних документов не требуется.,Исходный реестр уже помечает can_fix_without_external_docs=YES для этой категории.
HIGH,ENGINE_CAPABILITY_GAPS,OP22,P.SP.02,P.SP.02.PRC.001,P.SP.02.TRN.001,P.SP.02.OPR.001,P.SP.02.MSG.001,REQ 18,"Table 34, п.18",,R.IP.SP.02.002,ipcdo:IPPartyDetails,ipcdo:IPPartyDetails; ipsdo:IPPartyKindCode; ipsdo:IPSubjectName,ipcdo:IPPartyDetails; ipsdo:IPPartyKindCode; ipsdo:IPSubjectName,Классифицировано как ENGINE_UNSUPPORTED,NONE,Движок валидации правил,conditional filtering of repeated instances,YES,NO,Добавить поддержку возможности в rules engine: Сложный предикат / межролевая фильтрация,если в составе реквизита «Участник отношений в сфере регистрации и использования прав на объекты интеллектуальной собственности» (ipcdo:IPPartyDetails) значение реквизита «Код вида участника отношений,FIX_NOW_CODE,YES,ENGINE_CAPABILITY_GAPS,P1,"Можно закрывать сейчас. Нормативное правило уже найдено; пробел связан не с документами, а с отсутствующей возможностью rules_engine.",Реализовать capability: conditional filtering of repeated instances; добавить положительные и отрицательные тесты.,Использовать таблицу/пункт из поля source; дополнительных внешних документов не требуется.,Исходный реестр уже помечает can_fix_without_external_docs=YES для этой категории.
HIGH,ENGINE_CAPABILITY_GAPS,OP22,P.SP.02,P.SP.02.PRC.001,P.SP.02.TRN.001,P.SP.02.OPR.001,P.SP.02.MSG.001,REQ 19,"Table 34, п.19",,R.IP.SP.02.002,ipcdo:IPPartyDetails,ipcdo:IPPartyDetails; ipsdo:IPPartyKindCode; ipsdo:IPSubjectName,ipcdo:IPPartyDetails; ipsdo:IPPartyKindCode; ipsdo:IPSubjectName,Классифицировано как ENGINE_UNSUPPORTED,NONE,Движок валидации правил,conditional filtering of repeated instances,YES,NO,Добавить поддержку возможности в rules engine: Сложный предикат / межролевая фильтрация,если в составе реквизита «Участник отношений в сфере регистрации и использования прав на объекты интеллектуальной собственности» (ipcdo:IPPartyDetails) значение реквизита «Код вида участника отношений,FIX_NOW_CODE,YES,ENGINE_CAPABILITY_GAPS,P1,"Можно закрывать сейчас. Нормативное правило уже найдено; пробел связан не с документами, а с отсутствующей возможностью rules_engine.",Реализовать capability: conditional filtering of repeated instances; добавить положительные и отрицательные тесты.,Использовать таблицу/пункт из поля source; дополнительных внешних документов не требуется.,Исходный реестр уже помечает can_fix_without_external_docs=YES для этой категории.
HIGH,ENGINE_CAPABILITY_GAPS,OP22,P.SP.02,P.SP.02.PRC.001,P.SP.02.TRN.001,P.SP.02.OPR.001,P.SP.02.MSG.001,REQ 20,"Table 34, п.20",,R.IP.SP.02.002,ipcdo:IPPartyDetails,ipcdo:IPPartyDetails; ipsdo:IPPartyKindCode; ccdo:SubjectAddressDetails; csdo:AddressKindCode,ipcdo:IPPartyDetails; ipsdo:IPPartyKindCode; ccdo:SubjectAddressDetails; csdo:AddressKindCode,Классифицировано как ENGINE_UNSUPPORTED,NONE,Движок валидации правил,conditional filtering of repeated instances,YES,NO,Добавить поддержку возможности в rules engine: Сложный предикат / межролевая фильтрация,если в составе реквизита «Участник отношений в сфере регистрации и использования прав на объекты интеллектуальной собственности» (ipcdo:IPPartyDetails) значение реквизита «Код вида участника отношений,FIX_NOW_CODE,YES,ENGINE_CAPABILITY_GAPS,P1,"Можно закрывать сейчас. Нормативное правило уже найдено; пробел связан не с документами, а с отсутствующей возможностью rules_engine.",Реализовать capability: conditional filtering of repeated instances; добавить положительные и отрицательные тесты.,Использовать таблицу/пункт из поля source; дополнительных внешних документов не требуется.,Исходный реестр уже помечает can_fix_without_external_docs=YES для этой категории.
HIGH,ENGINE_CAPABILITY_GAPS,OP22,P.SP.02,P.SP.02.PRC.001,P.SP.02.TRN.001,P.SP.02.OPR.001,P.SP.02.MSG.001,REQ 21,"Table 34, п.21",,R.IP.SP.02.002,ipcdo:IPPartyDetails,ipcdo:IPPartyDetails; ipsdo:IPPartyKindCode; csdo:UnifiedCountryCode; ipsdo:IPSubjectName,ipcdo:IPPartyDetails; ipsdo:IPPartyKindCode; csdo:UnifiedCountryCode; ipsdo:IPSubjectName,Классифицировано как ENGINE_UNSUPPORTED,NONE,Движок валидации правил,conditional filtering of repeated instances,YES,NO,Добавить поддержку возможности в rules engine: Сложный предикат / межролевая фильтрация,если в состав электронного документа (сведений) включен экземпляр реквизита «Участник отношений в сфере регистрации и использования прав на объекты интеллектуальной собственности» (ipcdo:IPPartyDetail,FIX_NOW_CODE,YES,ENGINE_CAPABILITY_GAPS,P1,"Можно закрывать сейчас. Нормативное правило уже найдено; пробел связан не с документами, а с отсутствующей возможностью rules_engine.",Реализовать capability: conditional filtering of repeated instances; добавить положительные и отрицательные тесты.,Использовать таблицу/пункт из поля source; дополнительных внешних документов не требуется.,Исходный реестр уже помечает can_fix_without_external_docs=YES для этой категории.
HIGH,ENGINE_CAPABILITY_GAPS,OP22,P.SP.02,P.SP.02.PRC.001,P.SP.02.TRN.001,P.SP.02.OPR.001,P.SP.02.MSG.001,REQ 22,"Table 34, п.22",,R.IP.SP.02.002,ipcdo:IPPartyDetails,ipcdo:IPPartyDetails; ipsdo:IPPartyKindCode; csdo:UnifiedCountryCode; ipsdo:IPSubjectName,ipcdo:IPPartyDetails; ipsdo:IPPartyKindCode; csdo:UnifiedCountryCode; ipsdo:IPSubjectName,Классифицировано как ENGINE_UNSUPPORTED,NONE,Движок валидации правил,conditional filtering of repeated instances,YES,NO,Добавить поддержку возможности в rules engine: Сложный предикат / межролевая фильтрация,если в состав электронного документа (сведений) включен экземпляр реквизита «Участник отношений в сфере регистрации и использования прав на объекты интеллектуальной собственности» (ipcdo:IPPartyDetail,FIX_NOW_CODE,YES,ENGINE_CAPABILITY_GAPS,P1,"Можно закрывать сейчас. Нормативное правило уже найдено; пробел связан не с документами, а с отсутствующей возможностью rules_engine.",Реализовать capability: conditional filtering of repeated instances; добавить положительные и отрицательные тесты.,Использовать таблицу/пункт из поля source; дополнительных внешних документов не требуется.,Исходный реестр уже помечает can_fix_without_external_docs=YES для этой категории.
HIGH,ENGINE_CAPABILITY_GAPS,OP22,P.SP.02,P.SP.02.PRC.001,P.SP.02.TRN.001,P.SP.02.OPR.001,P.SP.02.MSG.001,REQ 26,"Table 34, п.26",,R.IP.SP.02.002,ipcdo:TrademarkApplicationDetails,ipcdo:TrademarkApplicationDetails; ipcdo:TrademarkDetails; ipsdo:TrademarkKindCode; ipsdo:TrademarkKindName,ipcdo:TrademarkApplicationDetails; ipcdo:TrademarkDetails; ipsdo:TrademarkKindCode; ipsdo:TrademarkKindName,Классифицировано как ENGINE_UNSUPPORTED,NONE,Движок валидации правил,disjunction,YES,NO,Добавить поддержку возможности в rules engine: Сложный предикат / межролевая фильтрация,"в составе реквизита «Заявка на товарный знак Союза (ходатайство, жалоба)» (ipcdo:TrademarkApplicationDetails), в составе реквизита «Товарный знак Союза» (ipcdo:TrademarkDetails) значение реквизита «Ко",FIX_NOW_CODE,YES,ENGINE_CAPABILITY_GAPS,P1,"Можно закрывать сейчас. Нормативное правило уже найдено; пробел связан не с документами, а с отсутствующей возможностью rules_engine.",Реализовать capability: disjunction; добавить положительные и отрицательные тесты.,Использовать таблицу/пункт из поля source; дополнительных внешних документов не требуется.,Исходный реестр уже помечает can_fix_without_external_docs=YES для этой категории.
HIGH,ENGINE_CAPABILITY_GAPS,OP22,P.SP.02,P.SP.02.PRC.001,P.SP.02.TRN.001,P.SP.02.OPR.001,P.SP.02.MSG.001,REQ 27,"Table 34, п.27",,R.IP.SP.02.002,ipcdo:TrademarkDetails,ipcdo:TrademarkDetails; ipsdo:TrademarkKindCode; ipsdo:TrademarkKindName; ipsdo:TrademarkColourName,ipcdo:TrademarkDetails; ipsdo:TrademarkKindCode; ipsdo:TrademarkKindName; ipsdo:TrademarkColourName,Классифицировано как ENGINE_UNSUPPORTED,NONE,Движок валидации правил,conditional filtering of repeated instances,YES,NO,Добавить поддержку возможности в rules engine: Сложный предикат / межролевая фильтрация,если в составе реквизита «Товарный знак Союза» (ipcdo:TrademarkDetails) значение реквизита «Код вида товарного знака» (ipsdo:TrademarkKindCode) или реквизита «Наименование вида товарного знака» (ipsdo,FIX_NOW_CODE,YES,ENGINE_CAPABILITY_GAPS,P1,"Можно закрывать сейчас. Нормативное правило уже найдено; пробел связан не с документами, а с отсутствующей возможностью rules_engine.",Реализовать capability: conditional filtering of repeated instances; добавить положительные и отрицательные тесты.,Использовать таблицу/пункт из поля source; дополнительных внешних документов не требуется.,Исходный реестр уже помечает can_fix_without_external_docs=YES для этой категории.
HIGH,ENGINE_CAPABILITY_GAPS,OP22,P.SP.02,P.SP.02.PRC.001,P.SP.02.TRN.001,P.SP.02.OPR.001,P.SP.02.MSG.001,REQ 32,"Table 34, п.32",,R.IP.SP.02.002,ipcdo:TrademarkPriorityDetails,ipcdo:TrademarkPriorityDetails; ipsdo:PriorityKindCode,ipcdo:TrademarkPriorityDetails; ipsdo:PriorityKindCode,Классифицировано как ENGINE_UNSUPPORTED,NONE,Движок валидации правил,conditional filtering of repeated instances,YES,NO,Добавить поддержку возможности в rules engine: Сложный предикат / межролевая фильтрация,"если в состав электронного документа (сведений) включен и заполнен экземпляр реквизита «Приоритет товарного знака Союза» (ipcdo:TrademarkPriorityDetails), то значение реквизита «Код вида приоритета то",FIX_NOW_CODE,YES,ENGINE_CAPABILITY_GAPS,P1,"Можно закрывать сейчас. Нормативное правило уже найдено; пробел связан не с документами, а с отсутствующей возможностью rules_engine.",Реализовать capability: conditional filtering of repeated instances; добавить положительные и отрицательные тесты.,Использовать таблицу/пункт из поля source; дополнительных внешних документов не требуется.,Исходный реестр уже помечает can_fix_without_external_docs=YES для этой категории.
HIGH,ENGINE_CAPABILITY_GAPS,OP22,P.SP.02,P.SP.02.PRC.001,P.SP.02.TRN.001,P.SP.02.OPR.001,P.SP.02.MSG.001,REQ 33,"Table 34, п.33",,R.IP.SP.02.002,ipcdo:AccompanyingDocumentsDetails,ipcdo:AccompanyingDocumentsDetails; ipsdo:IPDocKindCode; ipsdo:IPDocKindName; csdo:DocId,ipcdo:AccompanyingDocumentsDetails; ipsdo:IPDocKindCode; ipsdo:IPDocKindName; csdo:DocId,Классифицировано как ENGINE_UNSUPPORTED,NONE,Движок валидации правил,conditional filtering of repeated instances,YES,NO,Добавить поддержку возможности в rules engine: Сложный предикат / межролевая фильтрация,"если в состав электронного документа (сведений) включен экземпляр реквизита «Прилагаемый документ» (ipcdo:AccompanyingDocumentsDetails), то в составе такого экземпляра реквизита должны быть заполнены ",FIX_NOW_CODE,YES,ENGINE_CAPABILITY_GAPS,P1,"Можно закрывать сейчас. Нормативное правило уже найдено; пробел связан не с документами, а с отсутствующей возможностью rules_engine.",Реализовать capability: conditional filtering of repeated instances; добавить положительные и отрицательные тесты.,Использовать таблицу/пункт из поля source; дополнительных внешних документов не требуется.,Исходный реестр уже помечает can_fix_without_external_docs=YES для этой категории.
MEDIUM,CLASSIFIERS_AND_REFERENCE_DATA,OP22,P.SP.02,P.SP.02.PRC.005,P.SP.02.TRN.002,P.SP.02.OPR.018,P.SP.02.MSG.003,REQ 4,"Table 35/36/37, п.4",,R.010,ipsdo:IPDocKindCode,ipsdo:IPDocKindCode; ipsdo:IPDocKindName,ipsdo:IPDocKindCode; ipsdo:IPDocKindName,Классифицировано как EXTERNAL,"при отсутствии в классификаторе видов документов, сведений и материалов вида документа «Решение об отказе в регистрации товарного знака, знака обслуживания Евразийского экономического союза», реквизит",Решение Коллегии ЕЭК №92 / реестр Союза,NONE,NO,NO,Подключить машиночитаемый справочник/классификатор ЕЭК,"при отсутствии в классификаторе видов документов, сведений и материалов вида документа «Решение об отказе в регистрации товарного знака, знака обслуживания Евразийского экономического союза», реквизит",NEEDS_REFERENCE_DATA,NO,CLASSIFIERS_AND_REFERENCE_DATA,P2,"Правило в PDF есть, но полная офлайн-проверка зависит от официального справочника/классификатора. Одного текста регламента недостаточно, если нужно определить наличие кода или допустимое значение.","Получить официальный машиночитаемый классификатор/справочник, зафиксировать его версию/дату, сохранить локальный снимок и подключить его к валидатору.",Точная нормативная таблица указана в source; страницу нужно фиксировать при подключении соответствующего справочника.,Для R.IP.SP.02.002 структура и QName уже подтверждены; незакрытая часть — именно reference data.
MEDIUM,CLASSIFIERS_AND_REFERENCE_DATA,OP22,P.SP.02,P.SP.02.PRC.005,P.SP.02.TRN.002,P.SP.02.OPR.018,P.SP.02.MSG.003,REQ 4 (Table 35/36/37),"Table 35/36/37, п.4",,R.010,ipsdo:IPDocKindCode,ipsdo:IPDocKindCode; ipsdo:IPDocKindName,ipsdo:IPDocKindCode; ipsdo:IPDocKindName,Классифицировано как EXTERNAL,"при включении в классификатор видов документов, сведений и материалов значения, соответствующего одному из видов документа, приведённых ниже: «Решение о регистрации товарного знака, знака обслуживания",Решение Коллегии ЕЭК №92 / реестр Союза,NONE,NO,NO,Подключить машиночитаемый справочник/классификатор ЕЭК,"при включении в классификатор видов документов, сведений и материалов значения, соответствующего одному из видов документа, приведённых ниже: «Решение о регистрации товарного знака, знака обслуживания",NEEDS_REFERENCE_DATA,NO,CLASSIFIERS_AND_REFERENCE_DATA,P2,"Правило в PDF есть, но полная офлайн-проверка зависит от официального справочника/классификатора. Одного текста регламента недостаточно, если нужно определить наличие кода или допустимое значение.","Получить официальный машиночитаемый классификатор/справочник, зафиксировать его версию/дату, сохранить локальный снимок и подключить его к валидатору.",Точная нормативная таблица указана в source; страницу нужно фиксировать при подключении соответствующего справочника.,Для R.IP.SP.02.002 структура и QName уже подтверждены; незакрытая часть — именно reference data.
HIGH,ENGINE_CAPABILITY_GAPS,OP22,P.SP.02,P.SP.02.PRC.005,P.SP.02.TRN.002,P.SP.02.OPR.018,P.SP.02.MSG.003,REQ 18,"Table 35/36/37, п.18",,R.010,ipcdo:TrademarkDetails,ipcdo:TrademarkDetails; ipsdo:CollectiveMarkIndicator; ipcdo:IPPartyDetails; ipsdo:IPPartyKindCode,ipcdo:TrademarkDetails; ipsdo:CollectiveMarkIndicator; ipcdo:IPPartyDetails; ipsdo:IPPartyKindCode,Классифицировано как ENGINE_UNSUPPORTED,NONE,Движок валидации правил,conditional filtering of repeated instances,YES,NO,Добавить поддержку возможности в rules engine: Сложный предикат / межролевая фильтрация,если в составе реквизита «Товарный знак Союза» (ipcdo:TrademarkDetails) значение реквизита «Признак коллективного знака» (ipsdo:CollectiveMarkIndicator) соответствует значению «1» – «товарный знак явл,FIX_NOW_CODE,YES,ENGINE_CAPABILITY_GAPS,P1,"Можно закрывать сейчас. Нормативное правило уже найдено; пробел связан не с документами, а с отсутствующей возможностью rules_engine.",Реализовать capability: conditional filtering of repeated instances; добавить положительные и отрицательные тесты.,Использовать таблицу/пункт из поля source; дополнительных внешних документов не требуется.,Исходный реестр уже помечает can_fix_without_external_docs=YES для этой категории.
HIGH,ENGINE_CAPABILITY_GAPS,OP22,P.SP.02,P.SP.02.PRC.005,P.SP.02.TRN.002,P.SP.02.OPR.018,P.SP.02.MSG.003,REQ 19,"Table 35/36/37, п.19",,R.010,ipcdo:TrademarkDetails,ipcdo:TrademarkDetails; ipsdo:CollectiveMarkIndicator; ipcdo:AccompanyingDocumentsDetails; ipsdo:IPDocKindCode,ipcdo:TrademarkDetails; ipsdo:CollectiveMarkIndicator; ipcdo:AccompanyingDocumentsDetails; ipsdo:IPDocKindCode,Классифицировано как ENGINE_UNSUPPORTED,NONE,Движок валидации правил,conditional filtering of repeated instances,YES,NO,Добавить поддержку возможности в rules engine: Сложный предикат / межролевая фильтрация,если в составе реквизита «Товарный знак Союза» (ipcdo:TrademarkDetails) значение реквизита «Признак коллективного знака» (ipsdo:CollectiveMarkIndicator) соответствует значению «1» – «товарный знак явл,FIX_NOW_CODE,YES,ENGINE_CAPABILITY_GAPS,P1,"Можно закрывать сейчас. Нормативное правило уже найдено; пробел связан не с документами, а с отсутствующей возможностью rules_engine.",Реализовать capability: conditional filtering of repeated instances; добавить положительные и отрицательные тесты.,Использовать таблицу/пункт из поля source; дополнительных внешних документов не требуется.,Исходный реестр уже помечает can_fix_without_external_docs=YES для этой категории.
MEDIUM,CLASSIFIERS_AND_REFERENCE_DATA,OP22,P.SP.02,P.SP.02.PRC.008,P.SP.02.TRN.003,P.SP.02.OPR.028,P.SP.02.MSG.004,REQ 2,"Table 38, п.2",,R.IP.SP.02.002,ipcdo:TrademarkApplicationDetails,ipcdo:TrademarkApplicationDetails; ipsdo:IPDocKindCode; ipsdo:IPDocKindName,ipcdo:TrademarkApplicationDetails; ipsdo:IPDocKindCode; ipsdo:IPDocKindName,Классифицировано как EXTERNAL,"при включении в классификатор видов документов, сведений и материалов значения, соответствующего виду документа «Обращение заинтересованного лица о наличии оснований для отказа в регистрации товарного",Решение Коллегии ЕЭК №92 / реестр Союза,NONE,NO,NO,Подключить машиночитаемый справочник/классификатор ЕЭК,"при включении в классификатор видов документов, сведений и материалов значения, соответствующего виду документа «Обращение заинтересованного лица о наличии оснований для отказа в регистрации товарного",NEEDS_REFERENCE_DATA,NO,CLASSIFIERS_AND_REFERENCE_DATA,P2,"Правило в PDF есть, но полная офлайн-проверка зависит от официального справочника/классификатора. Одного текста регламента недостаточно, если нужно определить наличие кода или допустимое значение.","Получить официальный машиночитаемый классификатор/справочник, зафиксировать его версию/дату, сохранить локальный снимок и подключить его к валидатору.",Точная нормативная таблица указана в source; страницу нужно фиксировать при подключении соответствующего справочника.,Для R.IP.SP.02.002 структура и QName уже подтверждены; незакрытая часть — именно reference data.
MEDIUM,CLASSIFIERS_AND_REFERENCE_DATA,OP22,P.SP.02,P.SP.02.PRC.008,P.SP.02.TRN.003,P.SP.02.OPR.028,P.SP.02.MSG.004,REQ 3,"Table 38, п.3",,R.IP.SP.02.002,ipcdo:TrademarkApplicationDetails,ipcdo:TrademarkApplicationDetails; ipsdo:IPDocKindCode; ipsdo:IPDocKindName,ipcdo:TrademarkApplicationDetails; ipsdo:IPDocKindCode; ipsdo:IPDocKindName,Классифицировано как EXTERNAL,"при отсутствии в классификаторе видов документов, сведений и материалов значения, соответствующего виду документа «Обращение заинтересованного лица о наличии оснований для отказа в регистрации товарно",Решение Коллегии ЕЭК №92 / реестр Союза,NONE,NO,NO,Подключить машиночитаемый справочник/классификатор ЕЭК,"при отсутствии в классификаторе видов документов, сведений и материалов значения, соответствующего виду документа «Обращение заинтересованного лица о наличии оснований для отказа в регистрации товарно",NEEDS_REFERENCE_DATA,NO,CLASSIFIERS_AND_REFERENCE_DATA,P2,"Правило в PDF есть, но полная офлайн-проверка зависит от официального справочника/классификатора. Одного текста регламента недостаточно, если нужно определить наличие кода или допустимое значение.","Получить официальный машиночитаемый классификатор/справочник, зафиксировать его версию/дату, сохранить локальный снимок и подключить его к валидатору.",Точная нормативная таблица указана в source; страницу нужно фиксировать при подключении соответствующего справочника.,Для R.IP.SP.02.002 структура и QName уже подтверждены; незакрытая часть — именно reference data.
MEDIUM,CLASSIFIERS_AND_REFERENCE_DATA,OP22,P.SP.02,P.SP.02.PRC.009,P.SP.02.TRN.004,P.SP.02.OPR.032,P.SP.02.MSG.005,REQ 2,"Table 39, п.2",,R.IP.SP.02.002,ipsdo:IPDocKindCode,ipsdo:IPDocKindCode; ipsdo:IPDocKindName,ipsdo:IPDocKindCode; ipsdo:IPDocKindName,Классифицировано как EXTERNAL,"при включении в классификатор видов документов, сведений и материалов значения, соответствующего виду документа «Доводы заявителя в отношении обращения заинтересованного лица о наличии оснований для о",Решение Коллегии ЕЭК №92 / реестр Союза,NONE,NO,NO,Подключить машиночитаемый справочник/классификатор ЕЭК,"при включении в классификатор видов документов, сведений и материалов значения, соответствующего виду документа «Доводы заявителя в отношении обращения заинтересованного лица о наличии оснований для о",NEEDS_REFERENCE_DATA,NO,CLASSIFIERS_AND_REFERENCE_DATA,P2,"Правило в PDF есть, но полная офлайн-проверка зависит от официального справочника/классификатора. Одного текста регламента недостаточно, если нужно определить наличие кода или допустимое значение.","Получить официальный машиночитаемый классификатор/справочник, зафиксировать его версию/дату, сохранить локальный снимок и подключить его к валидатору.",Точная нормативная таблица указана в source; страницу нужно фиксировать при подключении соответствующего справочника.,Для R.IP.SP.02.002 структура и QName уже подтверждены; незакрытая часть — именно reference data.
MEDIUM,CLASSIFIERS_AND_REFERENCE_DATA,OP22,P.SP.02,P.SP.02.PRC.009,P.SP.02.TRN.004,P.SP.02.OPR.032,P.SP.02.MSG.005,REQ 3,"Table 39, п.3",,R.IP.SP.02.002,ipsdo:IPDocKindCode,ipsdo:IPDocKindCode; ipsdo:IPDocKindName,ipsdo:IPDocKindCode; ipsdo:IPDocKindName,Классифицировано как EXTERNAL,"при отсутствии указанного вида документа в классификаторе ipsdo:IPDocKindCode не заполняется, а ipsdo:IPDocKindName должен быть заполнен наименованием «Доводы заявителя в отношении обращения заинтерес",Решение Коллегии ЕЭК №92 / реестр Союза,NONE,NO,NO,Подключить машиночитаемый справочник/классификатор ЕЭК,"при отсутствии указанного вида документа в классификаторе ipsdo:IPDocKindCode не заполняется, а ipsdo:IPDocKindName должен быть заполнен наименованием «Доводы заявителя в отношении обращения заинтерес",NEEDS_REFERENCE_DATA,NO,CLASSIFIERS_AND_REFERENCE_DATA,P2,"Правило в PDF есть, но полная офлайн-проверка зависит от официального справочника/классификатора. Одного текста регламента недостаточно, если нужно определить наличие кода или допустимое значение.","Получить официальный машиночитаемый классификатор/справочник, зафиксировать его версию/дату, сохранить локальный снимок и подключить его к валидатору.",Точная нормативная таблица указана в source; страницу нужно фиксировать при подключении соответствующего справочника.,Для R.IP.SP.02.002 структура и QName уже подтверждены; незакрытая часть — именно reference data.
HIGH,ENGINE_CAPABILITY_GAPS,OP22,P.SP.02,P.SP.02.PRC.009,P.SP.02.TRN.004,P.SP.02.OPR.032,P.SP.02.MSG.005,REQ 33,"Table 39, п.33",,R.IP.SP.02.002,ipcdo:ArgumentDetails,ipcdo:ArgumentDetails; csdo:DescriptionText; csdo:EventDate,ipcdo:ArgumentDetails; csdo:DescriptionText; csdo:EventDate,Классифицировано как ENGINE_UNSUPPORTED,NONE,Движок валидации правил,conditional filtering of repeated instances,YES,NO,Добавить поддержку возможности в rules engine: Сложный предикат / межролевая фильтрация,в составе ipcdo:ArgumentDetails должны быть заполнены csdo:DescriptionText и csdo:EventDate,FIX_NOW_CODE,YES,ENGINE_CAPABILITY_GAPS,P1,"Можно закрывать сейчас. Нормативное правило уже найдено; пробел связан не с документами, а с отсутствующей возможностью rules_engine.",Реализовать capability: conditional filtering of repeated instances; добавить положительные и отрицательные тесты.,Использовать таблицу/пункт из поля source; дополнительных внешних документов не требуется.,Исходный реестр уже помечает can_fix_without_external_docs=YES для этой категории.
MEDIUM,CLASSIFIERS_AND_REFERENCE_DATA,OP22,P.SP.02,P.SP.02.PRC.010,P.SP.02.TRN.005,P.SP.02.OPR.040,P.SP.02.MSG.006,REQ 2,"Table 40, п.2",,R.IP.SP.02.002,ipsdo:IPDocKindCode,ipsdo:IPDocKindCode; ipsdo:IPDocKindName,ipsdo:IPDocKindCode; ipsdo:IPDocKindName,Классифицировано как EXTERNAL,"при наличии соответствующего вида документа в классификаторе ipsdo:IPDocKindCode заполняется кодом документа «Документ, содержащий доказательства в подтверждение приобретения заявленным обозначением р",Решение Коллегии ЕЭК №92 / реестр Союза,NONE,NO,NO,Подключить машиночитаемый справочник/классификатор ЕЭК,"при наличии соответствующего вида документа в классификаторе ipsdo:IPDocKindCode заполняется кодом документа «Документ, содержащий доказательства в подтверждение приобретения заявленным обозначением р",NEEDS_REFERENCE_DATA,NO,CLASSIFIERS_AND_REFERENCE_DATA,P2,"Правило в PDF есть, но полная офлайн-проверка зависит от официального справочника/классификатора. Одного текста регламента недостаточно, если нужно определить наличие кода или допустимое значение.","Получить официальный машиночитаемый классификатор/справочник, зафиксировать его версию/дату, сохранить локальный снимок и подключить его к валидатору.",Точная нормативная таблица указана в source; страницу нужно фиксировать при подключении соответствующего справочника.,Для R.IP.SP.02.002 структура и QName уже подтверждены; незакрытая часть — именно reference data.
MEDIUM,CLASSIFIERS_AND_REFERENCE_DATA,OP22,P.SP.02,P.SP.02.PRC.010,P.SP.02.TRN.005,P.SP.02.OPR.040,P.SP.02.MSG.006,REQ 3,"Table 40, п.3",,R.IP.SP.02.002,ipsdo:IPDocKindCode,ipsdo:IPDocKindCode; ipsdo:IPDocKindName,ipsdo:IPDocKindCode; ipsdo:IPDocKindName,Классифицировано как EXTERNAL,"при отсутствии соответствующего вида документа в классификаторе ipsdo:IPDocKindCode не заполняется, ipsdo:IPDocKindName заполняется указанным наименованием документа",Решение Коллегии ЕЭК №92 / реестр Союза,NONE,NO,NO,Подключить машиночитаемый справочник/классификатор ЕЭК,"при отсутствии соответствующего вида документа в классификаторе ipsdo:IPDocKindCode не заполняется, ipsdo:IPDocKindName заполняется указанным наименованием документа",NEEDS_REFERENCE_DATA,NO,CLASSIFIERS_AND_REFERENCE_DATA,P2,"Правило в PDF есть, но полная офлайн-проверка зависит от официального справочника/классификатора. Одного текста регламента недостаточно, если нужно определить наличие кода или допустимое значение.","Получить официальный машиночитаемый классификатор/справочник, зафиксировать его версию/дату, сохранить локальный снимок и подключить его к валидатору.",Точная нормативная таблица указана в source; страницу нужно фиксировать при подключении соответствующего справочника.,Для R.IP.SP.02.002 структура и QName уже подтверждены; незакрытая часть — именно reference data.
HIGH,ENGINE_CAPABILITY_GAPS,OP22,P.SP.02,P.SP.02.PRC.014,P.SP.02.TRN.006,P.SP.02.OPR.057,P.SP.02.MSG.007,REQ 2,"Table 41, п.2",,R.IP.SP.02.002,ipsdo:IPDocKindCode,ipsdo:IPDocKindCode; ipsdo:IPDocKindName,ipsdo:IPDocKindCode; ipsdo:IPDocKindName,Классифицировано как ENGINE_UNSUPPORTED,NONE,Движок валидации правил,conditional filtering of repeated instances,YES,NO,Добавить поддержку возможности в rules engine: Сложный предикат / межролевая фильтрация,"при наличии вида документа «Другие документы, подтверждающие правомочность требования установления приоритета более раннего, чем дата подачи заявки на товарный знак (знак обслуживания) Евразийского эк",FIX_NOW_CODE,YES,ENGINE_CAPABILITY_GAPS,P1,"Можно закрывать сейчас. Нормативное правило уже найдено; пробел связан не с документами, а с отсутствующей возможностью rules_engine.",Реализовать capability: conditional filtering of repeated instances; добавить положительные и отрицательные тесты.,Использовать таблицу/пункт из поля source; дополнительных внешних документов не требуется.,Исходный реестр уже помечает can_fix_without_external_docs=YES для этой категории.
HIGH,ENGINE_CAPABILITY_GAPS,OP22,P.SP.02,P.SP.02.PRC.014,P.SP.02.TRN.006,P.SP.02.OPR.057,P.SP.02.MSG.007,REQ 3,"Table 41, п.3",,R.IP.SP.02.002,ipsdo:IPDocKindCode,ipsdo:IPDocKindCode; ipsdo:IPDocKindName,ipsdo:IPDocKindCode; ipsdo:IPDocKindName,Классифицировано как ENGINE_UNSUPPORTED,NONE,Движок валидации правил,conditional filtering of repeated instances,YES,NO,Добавить поддержку возможности в rules engine: Сложный предикат / межролевая фильтрация,"при отсутствии указанного вида документа ipsdo:IPDocKindCode не заполняется, ipsdo:IPDocKindName заполняется указанным наименованием",FIX_NOW_CODE,YES,ENGINE_CAPABILITY_GAPS,P1,"Можно закрывать сейчас. Нормативное правило уже найдено; пробел связан не с документами, а с отсутствующей возможностью rules_engine.",Реализовать capability: conditional filtering of repeated instances; добавить положительные и отрицательные тесты.,Использовать таблицу/пункт из поля source; дополнительных внешних документов не требуется.,Исходный реестр уже помечает can_fix_without_external_docs=YES для этой категории.
HIGH,ENGINE_CAPABILITY_GAPS,OP22,P.SP.02,P.SP.02.PRC.017,P.SP.02.TRN.007,P.SP.02.OPR.067,P.SP.02.MSG.009,REQ 2,"Table 42, п.2",,R.IP.SP.02.002,ipsdo:IPDocKindCode,ipsdo:IPDocKindCode; ipsdo:IPDocKindName,ipsdo:IPDocKindCode; ipsdo:IPDocKindName,Классифицировано как ENGINE_UNSUPPORTED,NONE,Движок валидации правил,conditional filtering of repeated instances,YES,NO,Добавить поддержку возможности в rules engine: Сложный предикат / межролевая фильтрация,"при наличии соответствующего вида документа о преобразовании заявки в национальную заявку ipsdo:IPDocKindCode заполняется его кодом, ipsdo:IPDocKindName не заполняется",FIX_NOW_CODE,YES,ENGINE_CAPABILITY_GAPS,P1,"Можно закрывать сейчас. Нормативное правило уже найдено; пробел связан не с документами, а с отсутствующей возможностью rules_engine.",Реализовать capability: conditional filtering of repeated instances; добавить положительные и отрицательные тесты.,Использовать таблицу/пункт из поля source; дополнительных внешних документов не требуется.,Исходный реестр уже помечает can_fix_without_external_docs=YES для этой категории.
HIGH,ENGINE_CAPABILITY_GAPS,OP22,P.SP.02,P.SP.02.PRC.017,P.SP.02.TRN.007,P.SP.02.OPR.067,P.SP.02.MSG.009,REQ 3,"Table 42, п.3",,R.IP.SP.02.002,ipsdo:IPDocKindCode,ipsdo:IPDocKindCode; ipsdo:IPDocKindName,ipsdo:IPDocKindCode; ipsdo:IPDocKindName,Классифицировано как ENGINE_UNSUPPORTED,NONE,Движок валидации правил,conditional filtering of repeated instances,YES,NO,Добавить поддержку возможности в rules engine: Сложный предикат / межролевая фильтрация,"при отсутствии соответствующего вида документа ipsdo:IPDocKindCode не заполняется, ipsdo:IPDocKindName заполняется нормативным наименованием ходатайства",FIX_NOW_CODE,YES,ENGINE_CAPABILITY_GAPS,P1,"Можно закрывать сейчас. Нормативное правило уже найдено; пробел связан не с документами, а с отсутствующей возможностью rules_engine.",Реализовать capability: conditional filtering of repeated instances; добавить положительные и отрицательные тесты.,Использовать таблицу/пункт из поля source; дополнительных внешних документов не требуется.,Исходный реестр уже помечает can_fix_without_external_docs=YES для этой категории.
HIGH,ENGINE_CAPABILITY_GAPS,OP22,P.SP.02,P.SP.02.PRC.018,P.SP.02.TRN.008,P.SP.02.OPR.075,P.SP.02.MSG.010,REQ 2,"Table 43, п.2",,R.IP.SP.02.002,ipsdo:IPDocKindCode,ipsdo:IPDocKindCode; ipsdo:IPDocKindName,ipsdo:IPDocKindCode; ipsdo:IPDocKindName,Классифицировано как ENGINE_UNSUPPORTED,NONE,Движок валидации правил,conditional filtering of repeated instances,YES,NO,Добавить поддержку возможности в rules engine: Сложный предикат / межролевая фильтрация,"при наличии вида документа о преобразовании заявки на коллективный знак Союза в заявку на ТЗ Союза ipsdo:IPDocKindCode заполняется кодом, ipsdo:IPDocKindName не заполняется",FIX_NOW_CODE,YES,ENGINE_CAPABILITY_GAPS,P1,"Можно закрывать сейчас. Нормативное правило уже найдено; пробел связан не с документами, а с отсутствующей возможностью rules_engine.",Реализовать capability: conditional filtering of repeated instances; добавить положительные и отрицательные тесты.,Использовать таблицу/пункт из поля source; дополнительных внешних документов не требуется.,Исходный реестр уже помечает can_fix_without_external_docs=YES для этой категории.
HIGH,ENGINE_CAPABILITY_GAPS,OP22,P.SP.02,P.SP.02.PRC.018,P.SP.02.TRN.008,P.SP.02.OPR.075,P.SP.02.MSG.010,REQ 3,"Table 43, п.3",,R.IP.SP.02.002,ipsdo:IPDocKindCode,ipsdo:IPDocKindCode; ipsdo:IPDocKindName,ipsdo:IPDocKindCode; ipsdo:IPDocKindName,Классифицировано как ENGINE_UNSUPPORTED,NONE,Движок валидации правил,conditional filtering of repeated instances,YES,NO,Добавить поддержку возможности в rules engine: Сложный предикат / межролевая фильтрация,"при отсутствии такого вида документа ipsdo:IPDocKindCode не заполняется, ipsdo:IPDocKindName заполняется нормативным наименованием ходатайства",FIX_NOW_CODE,YES,ENGINE_CAPABILITY_GAPS,P1,"Можно закрывать сейчас. Нормативное правило уже найдено; пробел связан не с документами, а с отсутствующей возможностью rules_engine.",Реализовать capability: conditional filtering of repeated instances; добавить положительные и отрицательные тесты.,Использовать таблицу/пункт из поля source; дополнительных внешних документов не требуется.,Исходный реестр уже помечает can_fix_without_external_docs=YES для этой категории.
HIGH,ENGINE_CAPABILITY_GAPS,OP22,P.SP.02,P.SP.02.PRC.019,P.SP.02.TRN.009,P.SP.02.OPR.083,P.SP.02.MSG.011,REQ 2,"Table 44, п.2",,R.IP.SP.02.002,ipsdo:IPDocKindCode,ipsdo:IPDocKindCode; ipsdo:IPDocKindName,ipsdo:IPDocKindCode; ipsdo:IPDocKindName,Классифицировано как ENGINE_UNSUPPORTED,NONE,Движок валидации правил,conditional filtering of repeated instances,YES,NO,Добавить поддержку возможности в rules engine: Сложный предикат / межролевая фильтрация,"при наличии вида документа о преобразовании заявки на ТЗ Союза в заявку на коллективный знак Союза ipsdo:IPDocKindCode заполняется кодом, ipsdo:IPDocKindName не заполняется",FIX_NOW_CODE,YES,ENGINE_CAPABILITY_GAPS,P1,"Можно закрывать сейчас. Нормативное правило уже найдено; пробел связан не с документами, а с отсутствующей возможностью rules_engine.",Реализовать capability: conditional filtering of repeated instances; добавить положительные и отрицательные тесты.,Использовать таблицу/пункт из поля source; дополнительных внешних документов не требуется.,Исходный реестр уже помечает can_fix_without_external_docs=YES для этой категории.
HIGH,ENGINE_CAPABILITY_GAPS,OP22,P.SP.02,P.SP.02.PRC.019,P.SP.02.TRN.009,P.SP.02.OPR.083,P.SP.02.MSG.011,REQ 3,"Table 44, п.3",,R.IP.SP.02.002,ipsdo:IPDocKindCode,ipsdo:IPDocKindCode; ipsdo:IPDocKindName,ipsdo:IPDocKindCode; ipsdo:IPDocKindName,Классифицировано как ENGINE_UNSUPPORTED,NONE,Движок валидации правил,conditional filtering of repeated instances,YES,NO,Добавить поддержку возможности в rules engine: Сложный предикат / межролевая фильтрация,"при отсутствии такого вида документа ipsdo:IPDocKindCode не заполняется, ipsdo:IPDocKindName заполняется нормативным наименованием ходатайства",FIX_NOW_CODE,YES,ENGINE_CAPABILITY_GAPS,P1,"Можно закрывать сейчас. Нормативное правило уже найдено; пробел связан не с документами, а с отсутствующей возможностью rules_engine.",Реализовать capability: conditional filtering of repeated instances; добавить положительные и отрицательные тесты.,Использовать таблицу/пункт из поля source; дополнительных внешних документов не требуется.,Исходный реестр уже помечает can_fix_without_external_docs=YES для этой категории.
MEDIUM,CLASSIFIERS_AND_REFERENCE_DATA,OP22,P.SP.02,P.SP.02.PRC.020,P.SP.02.TRN.010,P.SP.02.OPR.091,P.SP.02.MSG.012,REQ 2,"Таблица 45, п.2 (R.IP.SP.02.002)",,R.IP.SP.02.002,ipcdo:TrademarkApplicationDetails,ipsdo:IPDocKindCode,ipcdo:TrademarkApplicationDetails/ipsdo:IPDocKindCode,Классифицировано как EXTERNAL,national patent-office classifier and prior role assignment,Решение Коллегии ЕЭК №92 / реестр Союза,NONE,NO,NO,Подключить машиночитаемый справочник/классификатор ЕЭК,Document-kind classifier and prior role selection are external.,NEEDS_REFERENCE_DATA,NO,CLASSIFIERS_AND_REFERENCE_DATA,P2,"Правило в PDF есть, но полная офлайн-проверка зависит от официального справочника/классификатора. Одного текста регламента недостаточно, если нужно определить наличие кода или допустимое значение.","Получить официальный машиночитаемый классификатор/справочник, зафиксировать его версию/дату, сохранить локальный снимок и подключить его к валидатору.",Точная нормативная таблица указана в source; страницу нужно фиксировать при подключении соответствующего справочника.,Для R.IP.SP.02.002 структура и QName уже подтверждены; незакрытая часть — именно reference data.
MEDIUM,CLASSIFIERS_AND_REFERENCE_DATA,OP22,P.SP.02,P.SP.02.PRC.020,P.SP.02.TRN.010,P.SP.02.OPR.091,P.SP.02.MSG.012,REQ 3,"Таблица 45, п.3 (R.IP.SP.02.002)",,R.IP.SP.02.002,ipcdo:TrademarkApplicationDetails,ipsdo:IPDocKindCode,ipcdo:TrademarkApplicationDetails/ipsdo:IPDocKindCode,Классифицировано как EXTERNAL,national patent-office classifier and prior role assignment,Решение Коллегии ЕЭК №92 / реестр Союза,NONE,NO,NO,Подключить машиночитаемый справочник/классификатор ЕЭК,Document-kind classifier absence check and prior role selection are external.,NEEDS_REFERENCE_DATA,NO,CLASSIFIERS_AND_REFERENCE_DATA,P2,"Правило в PDF есть, но полная офлайн-проверка зависит от официального справочника/классификатора. Одного текста регламента недостаточно, если нужно определить наличие кода или допустимое значение.","Получить официальный машиночитаемый классификатор/справочник, зафиксировать его версию/дату, сохранить локальный снимок и подключить его к валидатору.",Точная нормативная таблица указана в source; страницу нужно фиксировать при подключении соответствующего справочника.,Для R.IP.SP.02.002 структура и QName уже подтверждены; незакрытая часть — именно reference data.
MEDIUM,CLASSIFIERS_AND_REFERENCE_DATA,OP22,P.SP.02,P.SP.02.PRC.020,P.SP.02.TRN.010,P.SP.02.OPR.091,P.SP.02.MSG.012,REQ 4,"Таблица 45, п.4 (R.IP.SP.02.002)",,R.IP.SP.02.002,ipcdo:TrademarkApplicationDetails,ipsdo:IPDocKindCode,ipcdo:TrademarkApplicationDetails/ipsdo:IPDocKindCode,Классифицировано как EXTERNAL,national patent-office classifier and divided role assignment,Решение Коллегии ЕЭК №92 / реестр Союза,NONE,NO,NO,Подключить машиночитаемый справочник/классификатор ЕЭК,Document-kind classifier and divided role selection are external.,NEEDS_REFERENCE_DATA,NO,CLASSIFIERS_AND_REFERENCE_DATA,P2,"Правило в PDF есть, но полная офлайн-проверка зависит от официального справочника/классификатора. Одного текста регламента недостаточно, если нужно определить наличие кода или допустимое значение.","Получить официальный машиночитаемый классификатор/справочник, зафиксировать его версию/дату, сохранить локальный снимок и подключить его к валидатору.",Точная нормативная таблица указана в source; страницу нужно фиксировать при подключении соответствующего справочника.,Для R.IP.SP.02.002 структура и QName уже подтверждены; незакрытая часть — именно reference data.
MEDIUM,CLASSIFIERS_AND_REFERENCE_DATA,OP22,P.SP.02,P.SP.02.PRC.020,P.SP.02.TRN.010,P.SP.02.OPR.091,P.SP.02.MSG.012,REQ 5,"Таблица 45, п.5 (R.IP.SP.02.002)",,R.IP.SP.02.002,ipcdo:TrademarkApplicationDetails,ipsdo:IPDocKindCode,ipcdo:TrademarkApplicationDetails/ipsdo:IPDocKindCode,Классифицировано как EXTERNAL,national patent-office classifier and divided role assignment,Решение Коллегии ЕЭК №92 / реестр Союза,NONE,NO,NO,Подключить машиночитаемый справочник/классификатор ЕЭК,Document-kind classifier absence check and divided role selection are external.,NEEDS_REFERENCE_DATA,NO,CLASSIFIERS_AND_REFERENCE_DATA,P2,"Правило в PDF есть, но полная офлайн-проверка зависит от официального справочника/классификатора. Одного текста регламента недостаточно, если нужно определить наличие кода или допустимое значение.","Получить официальный машиночитаемый классификатор/справочник, зафиксировать его версию/дату, сохранить локальный снимок и подключить его к валидатору.",Точная нормативная таблица указана в source; страницу нужно фиксировать при подключении соответствующего справочника.,Для R.IP.SP.02.002 структура и QName уже подтверждены; незакрытая часть — именно reference data.
MEDIUM,SEMANTIC_CLARIFICATIONS,OP22,P.SP.02,P.SP.02.PRC.020,P.SP.02.TRN.010,P.SP.02.OPR.091,P.SP.02.MSG.012,REQ 13,"Таблица 45/34, п.13 (R.IP.SP.02.002)",,R.IP.SP.02.002,ipcdo:IPPartyDetails,ipsdo:IPPartyKindCode,ipcdo:TrademarkApplicationDetails/ipcdo:IPPartyDetails/ipsdo:IPPartyKindCode,Классифицировано как AMBIGUOUS,Ambiguous normative definition in isolation; IPPartyKindCode AP is enforced as part of requirement 14.,Нормативный источник / XSD,NONE,NO,NO,Уточнить нормативную формулировку сферы действия требования,Ambiguous normative definition in isolation; IPPartyKindCode AP is enforced as part of requirement 14.,NEEDS_NORMATIVE_CLARIFICATION,NO,SEMANTIC_CLARIFICATIONS,P2,"Не закрывать догадкой. Формулировка IPPartyKindCode=AP без явного repeated-owner scope конфликтует с последующими правилами, где допускаются отдельные экземпляры PA и RE.","Официально подтвердить область действия REQ 13: это условие для конкретного экземпляра заявителя, а не глобальный запрет других IPPartyDetails. Зафиксировать разъяснение/исправленную редакцию.",ОП_22.pdf: пример блока REQ 13–22 — PDF 515–518; точная таблица конкретной строки указана в source,REQ 13 требует AP; REQ 14 требует ровно один экземпляр IPPartyDetails с AP; REQ 21 и 22 отдельно разрешают PA и RE. Глобальная трактовка REQ 13 поэтому противоречива.
HIGH,ENGINE_CAPABILITY_GAPS,OP22,P.SP.02,P.SP.02.PRC.020,P.SP.02.TRN.010,P.SP.02.OPR.091,P.SP.02.MSG.012,REQ 16,"Таблица 45/34, п.16 (R.IP.SP.02.002)",,R.IP.SP.02.002,ipcdo:TrademarkApplicationDetails,ipcdo:TrademarkApplicationDetails,ipcdo:TrademarkApplicationDetails,Классифицировано как ENGINE_UNSUPPORTED,NONE,Движок валидации правил,positional/ordinal access,YES,NO,Добавить поддержку возможности в rules engine: Ordinal positional indexing of repeated sibling children is unsupported.,"Requires ordinal positional indexing of multiple IPSubjectName instances within a repeatable parent, which is unsupported by the engine.",FIX_NOW_CODE,YES,ENGINE_CAPABILITY_GAPS,P1,"Можно закрывать сейчас. Нормативное правило уже найдено; пробел связан не с документами, а с отсутствующей возможностью rules_engine.",Реализовать capability: positional/ordinal access; добавить положительные и отрицательные тесты.,Использовать таблицу/пункт из поля source; дополнительных внешних документов не требуется.,Исходный реестр уже помечает can_fix_without_external_docs=YES для этой категории.
HIGH,ENGINE_CAPABILITY_GAPS,OP22,P.SP.02,P.SP.02.PRC.020,P.SP.02.TRN.010,P.SP.02.OPR.091,P.SP.02.MSG.012,REQ 17,"Таблица 45/34, п.17 (R.IP.SP.02.002)",,R.IP.SP.02.002,ipcdo:TrademarkApplicationDetails,ipcdo:TrademarkApplicationDetails,ipcdo:TrademarkApplicationDetails,Классифицировано как ENGINE_UNSUPPORTED,NONE,Движок валидации правил,positional/ordinal access,YES,NO,Добавить поддержку возможности в rules engine: Ordinal positional indexing of repeated sibling children is unsupported.,"Requires ordinal positional indexing of multiple IPSubjectName instances within a repeatable parent, which is unsupported by the engine.",FIX_NOW_CODE,YES,ENGINE_CAPABILITY_GAPS,P1,"Можно закрывать сейчас. Нормативное правило уже найдено; пробел связан не с документами, а с отсутствующей возможностью rules_engine.",Реализовать capability: positional/ordinal access; добавить положительные и отрицательные тесты.,Использовать таблицу/пункт из поля source; дополнительных внешних документов не требуется.,Исходный реестр уже помечает can_fix_without_external_docs=YES для этой категории.
HIGH,ENGINE_CAPABILITY_GAPS,OP22,P.SP.02,P.SP.02.PRC.020,P.SP.02.TRN.010,P.SP.02.OPR.091,P.SP.02.MSG.012,REQ 18,"Таблица 45/34, п.18 (R.IP.SP.02.002)",,R.IP.SP.02.002,ipcdo:TrademarkApplicationDetails,ipcdo:TrademarkApplicationDetails,ipcdo:TrademarkApplicationDetails,Классифицировано как ENGINE_UNSUPPORTED,NONE,Движок валидации правил,positional/ordinal access,YES,NO,Добавить поддержку возможности в rules engine: Ordinal positional indexing of repeated sibling children is unsupported.,"Requires ordinal positional indexing of multiple IPSubjectName instances within a repeatable parent, which is unsupported by the engine.",FIX_NOW_CODE,YES,ENGINE_CAPABILITY_GAPS,P1,"Можно закрывать сейчас. Нормативное правило уже найдено; пробел связан не с документами, а с отсутствующей возможностью rules_engine.",Реализовать capability: positional/ordinal access; добавить положительные и отрицательные тесты.,Использовать таблицу/пункт из поля source; дополнительных внешних документов не требуется.,Исходный реестр уже помечает can_fix_without_external_docs=YES для этой категории.
HIGH,ENGINE_CAPABILITY_GAPS,OP22,P.SP.02,P.SP.02.PRC.020,P.SP.02.TRN.010,P.SP.02.OPR.091,P.SP.02.MSG.012,REQ 19,"Таблица 45/34, п.19 (R.IP.SP.02.002)",,R.IP.SP.02.002,ipcdo:TrademarkApplicationDetails,ipcdo:TrademarkApplicationDetails,ipcdo:TrademarkApplicationDetails,Классифицировано как ENGINE_UNSUPPORTED,NONE,Движок валидации правил,positional/ordinal access,YES,NO,Добавить поддержку возможности в rules engine: Ordinal positional indexing of repeated sibling children is unsupported.,"Requires ordinal positional indexing of multiple IPSubjectName instances within a repeatable parent, which is unsupported by the engine.",FIX_NOW_CODE,YES,ENGINE_CAPABILITY_GAPS,P1,"Можно закрывать сейчас. Нормативное правило уже найдено; пробел связан не с документами, а с отсутствующей возможностью rules_engine.",Реализовать capability: positional/ordinal access; добавить положительные и отрицательные тесты.,Использовать таблицу/пункт из поля source; дополнительных внешних документов не требуется.,Исходный реестр уже помечает can_fix_without_external_docs=YES для этой категории.
HIGH,ENGINE_CAPABILITY_GAPS,OP22,P.SP.02,P.SP.02.PRC.020,P.SP.02.TRN.010,P.SP.02.OPR.091,P.SP.02.MSG.012,REQ 20,"Таблица 45/34, п.20 (R.IP.SP.02.002)",,R.IP.SP.02.002,ipcdo:TrademarkApplicationDetails,ipcdo:TrademarkApplicationDetails,ipcdo:TrademarkApplicationDetails,Классифицировано как ENGINE_UNSUPPORTED,NONE,Движок валидации правил,positional/ordinal access,YES,NO,Добавить поддержку возможности в rules engine: Ordinal positional indexing of repeated sibling children is unsupported.,"Requires ordinal positional indexing of multiple IPSubjectName instances within a repeatable parent, which is unsupported by the engine.",FIX_NOW_CODE,YES,ENGINE_CAPABILITY_GAPS,P1,"Можно закрывать сейчас. Нормативное правило уже найдено; пробел связан не с документами, а с отсутствующей возможностью rules_engine.",Реализовать capability: positional/ordinal access; добавить положительные и отрицательные тесты.,Использовать таблицу/пункт из поля source; дополнительных внешних документов не требуется.,Исходный реестр уже помечает can_fix_without_external_docs=YES для этой категории.
MEDIUM,CLASSIFIERS_AND_REFERENCE_DATA,OP22,P.SP.02,P.SP.02.PRC.020,P.SP.02.TRN.010,P.SP.02.OPR.091,P.SP.02.MSG.012,REQ 32,"Таблица 45, п.32 (R.IP.SP.02.002)",,R.IP.SP.02.002,ipcdo:TrademarkApplicationDetails,ipsdo:TrademarkApplicationId,ipcdo:TrademarkApplicationDetails/ipsdo:TrademarkApplicationId,Классифицировано как EXTERNAL,national patent-office application information resource and prior/divided role assignment,Решение Коллегии ЕЭК №92 / реестр Союза,NONE,NO,NO,Подключить машиночитаемый справочник/классификатор ЕЭК,Both role-specific resource existence/absence checks are external and require identifying the two instances.,NEEDS_REFERENCE_DATA,NO,CLASSIFIERS_AND_REFERENCE_DATA,P2,"Правило в PDF есть, но полная офлайн-проверка зависит от официального справочника/классификатора. Одного текста регламента недостаточно, если нужно определить наличие кода или допустимое значение.","Получить официальный машиночитаемый классификатор/справочник, зафиксировать его версию/дату, сохранить локальный снимок и подключить его к валидатору.",Точная нормативная таблица указана в source; страницу нужно фиксировать при подключении соответствующего справочника.,Для R.IP.SP.02.002 структура и QName уже подтверждены; незакрытая часть — именно reference data.
HIGH,ENGINE_CAPABILITY_GAPS,OP22,P.SP.02,P.SP.02.PRC.021,P.SP.02.TRN.011,P.SP.02.OPR.099,P.SP.02.MSG.013,REQ 2,"Table 46, п.2",,R.IP.SP.02.002,ipsdo:IPDocKindCode,ipsdo:IPDocKindCode; ipsdo:IPDocKindName,ipsdo:IPDocKindCode; ipsdo:IPDocKindName,Классифицировано как ENGINE_UNSUPPORTED,NONE,Движок валидации правил,conditional filtering of repeated instances,YES,NO,Добавить поддержку возможности в rules engine: Сложный предикат / межролевая фильтрация,"при наличии вида документа «Ходатайство об отзыве заявки ... (по инициативе заявителя)» ipsdo:IPDocKindCode заполняется кодом, ipsdo:IPDocKindName не заполняется",FIX_NOW_CODE,YES,ENGINE_CAPABILITY_GAPS,P1,"Можно закрывать сейчас. Нормативное правило уже найдено; пробел связан не с документами, а с отсутствующей возможностью rules_engine.",Реализовать capability: conditional filtering of repeated instances; добавить положительные и отрицательные тесты.,Использовать таблицу/пункт из поля source; дополнительных внешних документов не требуется.,Исходный реестр уже помечает can_fix_without_external_docs=YES для этой категории.
HIGH,ENGINE_CAPABILITY_GAPS,OP22,P.SP.02,P.SP.02.PRC.021,P.SP.02.TRN.011,P.SP.02.OPR.099,P.SP.02.MSG.013,REQ 3,"Table 46, п.3",,R.IP.SP.02.002,ipsdo:IPDocKindCode,ipsdo:IPDocKindCode; ipsdo:IPDocKindName,ipsdo:IPDocKindCode; ipsdo:IPDocKindName,Классифицировано как ENGINE_UNSUPPORTED,NONE,Движок валидации правил,conditional filtering of repeated instances,YES,NO,Добавить поддержку возможности в rules engine: Сложный предикат / межролевая фильтрация,"при отсутствии указанного вида документа ipsdo:IPDocKindCode не заполняется, ipsdo:IPDocKindName заполняется нормативным наименованием ходатайства",FIX_NOW_CODE,YES,ENGINE_CAPABILITY_GAPS,P1,"Можно закрывать сейчас. Нормативное правило уже найдено; пробел связан не с документами, а с отсутствующей возможностью rules_engine.",Реализовать capability: conditional filtering of repeated instances; добавить положительные и отрицательные тесты.,Использовать таблицу/пункт из поля source; дополнительных внешних документов не требуется.,Исходный реестр уже помечает can_fix_without_external_docs=YES для этой категории.
HIGH,ENGINE_CAPABILITY_GAPS,OP22,P.SP.02,P.SP.02.PRC.022,P.SP.02.TRN.012,P.SP.02.OPR.107,P.SP.02.MSG.014,REQ 2,"Table 47, п.2",,R.IP.SP.02.002,ipcdo:TrademarkApplicationDetails,ipsdo:TrademarkApplicationId; ipcdo:IPEntityStatusDetails/csdo:StatusCode; ipcdo:IPEntityStatusDetails/csdo:StartDateTime,ipcdo:TrademarkApplicationDetails/ipsdo:TrademarkApplicationId; ipcdo:TrademarkApplicationDetails/ipcdo:IPEntityStatusDetails/csdo:StatusCode,Классифицировано как ENGINE_UNSUPPORTED,NONE,Движок валидации правил,conditional filtering of repeated instances,YES,NO,Добавить поддержку возможности в rules engine: Сложный предикат / межролевая фильтрация,"в ресурсах Комиссии должна существовать активная запись заявки со статусом «01» или «02», у которой совокупность TrademarkApplicationId, StatusCode и StartDateTime совпадает с изменяемыми сведениями",FIX_NOW_CODE,YES,ENGINE_CAPABILITY_GAPS,P1,"Можно закрывать сейчас. Нормативное правило уже найдено; пробел связан не с документами, а с отсутствующей возможностью rules_engine.",Реализовать capability: conditional filtering of repeated instances; добавить положительные и отрицательные тесты.,Использовать таблицу/пункт из поля source; дополнительных внешних документов не требуется.,Исходный реестр уже помечает can_fix_without_external_docs=YES для этой категории.
MEDIUM,CLASSIFIERS_AND_REFERENCE_DATA,OP22,P.SP.02,P.SP.02.PRC.022,P.SP.02.TRN.012,P.SP.02.OPR.107,P.SP.02.MSG.014,REQ 4,"Table 47, п.4",,R.IP.SP.02.002,ipsdo:IPDocKindCode,ipsdo:IPDocKindCode; ipsdo:IPDocKindName,ipsdo:IPDocKindCode; ipsdo:IPDocKindName,Классифицировано как EXTERNAL,"при наличии в классификаторе соответствующего вида ходатайства о внесении изменений ipsdo:IPDocKindCode заполняется его кодом, ipsdo:IPDocKindName не заполняется",Решение Коллегии ЕЭК №92 / реестр Союза,NONE,NO,NO,Подключить машиночитаемый справочник/классификатор ЕЭК,"при наличии в классификаторе соответствующего вида ходатайства о внесении изменений ipsdo:IPDocKindCode заполняется его кодом, ipsdo:IPDocKindName не заполняется",NEEDS_REFERENCE_DATA,NO,CLASSIFIERS_AND_REFERENCE_DATA,P2,"Правило в PDF есть, но полная офлайн-проверка зависит от официального справочника/классификатора. Одного текста регламента недостаточно, если нужно определить наличие кода или допустимое значение.","Получить официальный машиночитаемый классификатор/справочник, зафиксировать его версию/дату, сохранить локальный снимок и подключить его к валидатору.",Точная нормативная таблица указана в source; страницу нужно фиксировать при подключении соответствующего справочника.,Для R.IP.SP.02.002 структура и QName уже подтверждены; незакрытая часть — именно reference data.
HIGH,ENGINE_CAPABILITY_GAPS,OP22,P.SP.02,P.SP.02.PRC.022,P.SP.02.TRN.012,P.SP.02.OPR.107,P.SP.02.MSG.014,REQ 5,"Table 47, п.5",,R.IP.SP.02.002,ipsdo:IPDocKindCode,ipsdo:IPDocKindCode; ipsdo:IPDocKindName,ipsdo:IPDocKindCode; ipsdo:IPDocKindName,Классифицировано как ENGINE_UNSUPPORTED,NONE,Движок валидации правил,conditional filtering of repeated instances,YES,NO,Добавить поддержку возможности в rules engine: Сложный предикат / межролевая фильтрация,"при отсутствии соответствующего вида ходатайства ipsdo:IPDocKindCode не заполняется, ipsdo:IPDocKindName заполняется соответствующим нормативным наименованием",FIX_NOW_CODE,YES,ENGINE_CAPABILITY_GAPS,P1,"Можно закрывать сейчас. Нормативное правило уже найдено; пробел связан не с документами, а с отсутствующей возможностью rules_engine.",Реализовать capability: conditional filtering of repeated instances; добавить положительные и отрицательные тесты.,Использовать таблицу/пункт из поля source; дополнительных внешних документов не требуется.,Исходный реестр уже помечает can_fix_without_external_docs=YES для этой категории.
HIGH,ENGINE_CAPABILITY_GAPS,OP22,P.SP.02,P.SP.02.PRC.022,P.SP.02.TRN.012,P.SP.02.OPR.107,P.SP.02.MSG.014,REQ 30,"Table 47, п.30",,R.IP.SP.02.002,ipcdo:AccompanyingDocumentsDetails,ipcdo:AccompanyingDocumentsDetails; ipsdo:IPDocKindCode; ipsdo:IPPartyKindCode,ipcdo:AccompanyingDocumentsDetails/ipsdo:IPDocKindCode; ipcdo:IPPartyDetails/ipsdo:IPPartyKindCode,Классифицировано как ENGINE_UNSUPPORTED,NONE,Движок валидации правил,conditional filtering of repeated instances,YES,NO,Добавить поддержку возможности в rules engine: Сложный предикат / межролевая фильтрация,"если вид документа соответствует ходатайству об изменениях, связанных с передачей или переходом права на заявку, и IPPartyKindCode = «AS», в AccompanyingDocumentsDetails должна быть хотя бы одна запис",FIX_NOW_CODE,YES,ENGINE_CAPABILITY_GAPS,P1,"Можно закрывать сейчас. Нормативное правило уже найдено; пробел связан не с документами, а с отсутствующей возможностью rules_engine.",Реализовать capability: conditional filtering of repeated instances; добавить положительные и отрицательные тесты.,Использовать таблицу/пункт из поля source; дополнительных внешних документов не требуется.,Исходный реестр уже помечает can_fix_without_external_docs=YES для этой категории.
MEDIUM,CLASSIFIERS_AND_REFERENCE_DATA,OP22,P.SP.02,P.SP.02.PRC.023,P.SP.02.TRN.013,P.SP.02.OPR.115,P.SP.02.MSG.015,REQ 1,"Таблица 48, п.1 (R.IP.SP.02.007)",,R.IP.SP.02.007,ipcdo:UnifiedRegisterRecordsDetails,ipsdo:IPDocKindCode,ipcdo:UnifiedRegisterRecordsDetails/ipsdo:IPDocKindCode,Классифицировано как EXTERNAL,Unified classifier of IP document kinds,Решение Коллегии ЕЭК №92 / реестр Союза,NONE,NO,NO,Подключить машиночитаемый справочник/классификатор ЕЭК,Requires external lookup in unified classifier resource for IP document kind presence. Non-executable.,NEEDS_REFERENCE_DATA,NO,CLASSIFIERS_AND_REFERENCE_DATA,P2,"Правило в PDF есть, но полная офлайн-проверка зависит от официального справочника/классификатора. Одного текста регламента недостаточно, если нужно определить наличие кода или допустимое значение.","Получить официальный машиночитаемый классификатор/справочник, зафиксировать его версию/дату, сохранить локальный снимок и подключить его к валидатору.",Точная нормативная таблица указана в source; страницу нужно фиксировать при подключении соответствующего справочника.,Для R.IP.SP.02.002 структура и QName уже подтверждены; незакрытая часть — именно reference data.
MEDIUM,CLASSIFIERS_AND_REFERENCE_DATA,OP22,P.SP.02,P.SP.02.PRC.023,P.SP.02.TRN.013,P.SP.02.OPR.115,P.SP.02.MSG.015,REQ 2,"Таблица 48, п.2 (R.IP.SP.02.007)",,R.IP.SP.02.007,ipcdo:UnifiedRegisterRecordsDetails,ipsdo:IPDocKindCode,ipcdo:UnifiedRegisterRecordsDetails/ipsdo:IPDocKindCode,Классифицировано как EXTERNAL,Unified classifier of IP document kinds,Решение Коллегии ЕЭК №92 / реестр Союза,NONE,NO,NO,Подключить машиночитаемый справочник/классификатор ЕЭК,Requires external lookup verifying absence of document kind in unified classifier resource. Non-executable.,NEEDS_REFERENCE_DATA,NO,CLASSIFIERS_AND_REFERENCE_DATA,P2,"Правило в PDF есть, но полная офлайн-проверка зависит от официального справочника/классификатора. Одного текста регламента недостаточно, если нужно определить наличие кода или допустимое значение.","Получить официальный машиночитаемый классификатор/справочник, зафиксировать его версию/дату, сохранить локальный снимок и подключить его к валидатору.",Точная нормативная таблица указана в source; страницу нужно фиксировать при подключении соответствующего справочника.,Для R.IP.SP.02.002 структура и QName уже подтверждены; незакрытая часть — именно reference data.
LOW,CLASSIFIERS_AND_REFERENCE_DATA,OP22,P.SP.02,P.SP.02.PRC.023,P.SP.02.TRN.013,P.SP.02.OPR.115,P.SP.02.MSG.015,REQ 3,"Таблица 48, п.3 (R.IP.SP.02.007)",,R.IP.SP.02.007,ipcdo:UnifiedRegisterRecordsDetails,ipsdo:TrademarkId,ipcdo:UnifiedRegisterRecordsDetails/ipsdo:TrademarkId,Классифицировано как SAFE_PARTIAL,Unified Register external records,Решение Коллегии ЕЭК №92 / реестр Союза,NONE,NO,NO,Расширить валидацию после получения эталонного реестра,Local predicate mapped: TrademarkId is required in each record. External lookup of canceled status 04 in registry remains unmapped remainder.,NEEDS_REFERENCE_DATA,NO,CLASSIFIERS_AND_REFERENCE_DATA,P2,"Правило в PDF есть, но полная офлайн-проверка зависит от официального справочника/классификатора. Одного текста регламента недостаточно, если нужно определить наличие кода или допустимое значение.","Получить официальный машиночитаемый классификатор/справочник, зафиксировать его версию/дату, сохранить локальный снимок и подключить его к валидатору.",Точная нормативная таблица указана в source; страницу нужно фиксировать при подключении соответствующего справочника.,Для R.IP.SP.02.002 структура и QName уже подтверждены; незакрытая часть — именно reference data.
HIGH,ENGINE_CAPABILITY_GAPS,OP22,P.SP.02,P.SP.02.PRC.029,P.SP.02.TRN.018,P.SP.02.OPR.158,P.SP.02.MSG.020,REQ 3,"Table 53, п.3",,R.IP.SP.02.007,ipcdo:GoodsBaseDetails,ipcdo:GoodsBaseDetails; ipsdo:CancellationStatusIndicator; ipcdo:UnifiedRegisterRecordsDetails,ipcdo:GoodsBaseDetails/ipsdo:CancellationStatusIndicator; ipcdo:UnifiedRegisterRecordsDetails,Классифицировано как ENGINE_UNSUPPORTED,NONE,Движок валидации правил,positional/ordinal access,YES,NO,Добавить поддержку возможности в rules engine: Сложный предикат / межролевая фильтрация,"Если CancellationStatusIndicator хотя бы для одного GoodsBaseDetails = «1», должен быть второй экземпляр с регистрацией нового ТЗ Союза.",FIX_NOW_CODE,YES,ENGINE_CAPABILITY_GAPS,P1,"Можно закрывать сейчас. Нормативное правило уже найдено; пробел связан не с документами, а с отсутствующей возможностью rules_engine.",Реализовать capability: positional/ordinal access; добавить положительные и отрицательные тесты.,Использовать таблицу/пункт из поля source; дополнительных внешних документов не требуется.,Исходный реестр уже помечает can_fix_without_external_docs=YES для этой категории.
HIGH,ENGINE_CAPABILITY_GAPS,OP22,P.SP.02,P.SP.02.PRC.030,P.SP.02.TRN.019,P.SP.02.OPR.166,P.SP.02.MSG.021,REQ 22,"Table 54, п.22",,R.IP.SP.02.007,ipcdo:IPDocumentDetails,csdo:DocValidityDate,ipcdo:IPDocumentDetails/csdo:DocValidityDate,Классифицировано как ENGINE_UNSUPPORTED,NONE,Движок валидации правил,conditional filtering of repeated instances,YES,NO,Добавить поддержку возможности в rules engine: Сложный предикат / межролевая фильтрация,"Все прежние DocValidityDate должны совпадать со значениями сообщения, кроме одного нового значения.",FIX_NOW_CODE,YES,ENGINE_CAPABILITY_GAPS,P1,"Можно закрывать сейчас. Нормативное правило уже найдено; пробел связан не с документами, а с отсутствующей возможностью rules_engine.",Реализовать capability: conditional filtering of repeated instances; добавить положительные и отрицательные тесты.,Использовать таблицу/пункт из поля source; дополнительных внешних документов не требуется.,Исходный реестр уже помечает can_fix_without_external_docs=YES для этой категории.
HIGH,ENGINE_CAPABILITY_GAPS,OP22,P.SP.02,P.SP.02.PRC.030,P.SP.02.TRN.019,P.SP.02.OPR.166,P.SP.02.MSG.021,REQ 23,"Table 54, п.23",,R.IP.SP.02.007,ipcdo:IPDocumentDetails,csdo:DocValidityDate,ipcdo:IPDocumentDetails/csdo:DocValidityDate,Классифицировано как ENGINE_UNSUPPORTED,NONE,Движок валидации правил,conditional filtering of repeated instances,YES,NO,Добавить поддержку возможности в rules engine: Сложный предикат / межролевая фильтрация,Новое DocValidityDate должно быть больше остальных DocValidityDate в сообщении.,FIX_NOW_CODE,YES,ENGINE_CAPABILITY_GAPS,P1,"Можно закрывать сейчас. Нормативное правило уже найдено; пробел связан не с документами, а с отсутствующей возможностью rules_engine.",Реализовать capability: conditional filtering of repeated instances; добавить положительные и отрицательные тесты.,Использовать таблицу/пункт из поля source; дополнительных внешних документов не требуется.,Исходный реестр уже помечает can_fix_without_external_docs=YES для этой категории.
HIGH,ENGINE_CAPABILITY_GAPS,OP22,P.SP.02,P.SP.02.PRC.032,P.SP.02.TRN.021,P.SP.02.OPR.173,P.SP.02.MSG.024,REQ 2,"Table 56, п.2",,R.IP.SP.02.008,ipcdo:AccompanyingDocumentsDetails,ipcdo:AccompanyingDocumentsDetails; ipsdo:ApellationOfOriginApplicationId,ipcdo:AccompanyingDocumentsDetails; ipsdo:ApellationOfOriginApplicationId,Классифицировано как ENGINE_UNSUPPORTED,NONE,Движок валидации правил,conditional filtering of repeated instances,YES,NO,Добавить поддержку возможности в rules engine: Сложный предикат / межролевая фильтрация,ipcdo:AccompanyingDocumentsDetails и ipsdo:ApellationOfOriginApplicationId не заполняются.,FIX_NOW_CODE,YES,ENGINE_CAPABILITY_GAPS,P1,"Можно закрывать сейчас. Нормативное правило уже найдено; пробел связан не с документами, а с отсутствующей возможностью rules_engine.",Реализовать capability: conditional filtering of repeated instances; добавить положительные и отрицательные тесты.,Использовать таблицу/пункт из поля source; дополнительных внешних документов не требуется.,Исходный реестр уже помечает can_fix_without_external_docs=YES для этой категории.
LOW,CLASSIFIERS_AND_REFERENCE_DATA,OP22,P.SP.02,P.SP.02.PRC.034,P.SP.02.TRN.022,P.SP.02.OPR.179,P.SP.02.MSG.027,REQ 2,"Table 57, п.2",,R.IP.SP.02.002,ipsdo:IPDocKindCode,ipsdo:IPDocKindCode,ipsdo:IPDocKindCode,Классифицировано как SAFE_PARTIAL,classifier existence; correct classifier code; classifier version/context; code semantics,Решение Коллегии ЕЭК №92 / реестр Союза,NONE,NO,NO,Расширить валидацию после получения эталонного реестра,,NEEDS_REFERENCE_DATA,NO,CLASSIFIERS_AND_REFERENCE_DATA,P2,"Правило в PDF есть, но полная офлайн-проверка зависит от официального справочника/классификатора. Одного текста регламента недостаточно, если нужно определить наличие кода или допустимое значение.","Получить официальный машиночитаемый классификатор/справочник, зафиксировать его версию/дату, сохранить локальный снимок и подключить его к валидатору.",Точная нормативная таблица указана в source; страницу нужно фиксировать при подключении соответствующего справочника.,Для R.IP.SP.02.002 структура и QName уже подтверждены; незакрытая часть — именно reference data.
LOW,CLASSIFIERS_AND_REFERENCE_DATA,OP22,P.SP.02,P.SP.02.PRC.034,P.SP.02.TRN.022,P.SP.02.OPR.179,P.SP.02.MSG.027,REQ 3,"Table 57, п.3",,R.IP.SP.02.002,ipsdo:IPDocKindCode,ipsdo:IPDocKindCode,ipsdo:IPDocKindCode,Классифицировано как SAFE_PARTIAL,authoritative proof that the corresponding document kind is absent from the classifier,Решение Коллегии ЕЭК №92 / реестр Союза,NONE,NO,NO,Расширить валидацию после получения эталонного реестра,,NEEDS_REFERENCE_DATA,NO,CLASSIFIERS_AND_REFERENCE_DATA,P2,"Правило в PDF есть, но полная офлайн-проверка зависит от официального справочника/классификатора. Одного текста регламента недостаточно, если нужно определить наличие кода или допустимое значение.","Получить официальный машиночитаемый классификатор/справочник, зафиксировать его версию/дату, сохранить локальный снимок и подключить его к валидатору.",Точная нормативная таблица указана в source; страницу нужно фиксировать при подключении соответствующего справочника.,Для R.IP.SP.02.002 структура и QName уже подтверждены; незакрытая часть — именно reference data.
LOW,CLASSIFIERS_AND_REFERENCE_DATA,OP22,P.SP.02,P.SP.02.PRC.034,P.SP.02.TRN.022,P.SP.02.OPR.179,P.SP.02.MSG.027,REQ 4,"Table 57, п.4",,R.IP.SP.02.002,ipcdo:TrademarkApplicationDetails,ipcdo:TrademarkApplicationDetails,ipcdo:TrademarkApplicationDetails,Классифицировано как SAFE_PARTIAL,external Commission record existence; external status 01/02; external EndDateTime absence; identifier equality with external record,Решение Коллегии ЕЭК №92 / реестр Союза,NONE,NO,NO,Расширить валидацию после получения эталонного реестра,,NEEDS_REFERENCE_DATA,NO,CLASSIFIERS_AND_REFERENCE_DATA,P2,"Правило в PDF есть, но полная офлайн-проверка зависит от официального справочника/классификатора. Одного текста регламента недостаточно, если нужно определить наличие кода или допустимое значение.","Получить официальный машиночитаемый классификатор/справочник, зафиксировать его версию/дату, сохранить локальный снимок и подключить его к валидатору.",Точная нормативная таблица указана в source; страницу нужно фиксировать при подключении соответствующего справочника.,Для R.IP.SP.02.002 структура и QName уже подтверждены; незакрытая часть — именно reference data.
MEDIUM,SEMANTIC_CLARIFICATIONS,OP22,P.SP.02,P.SP.02.PRC.034,P.SP.02.TRN.022,P.SP.02.OPR.179,P.SP.02.MSG.027,REQ 13,"Table 57, п.13",,R.IP.SP.02.002,ipcdo:IPPartyDetails,ipsdo:IPPartyKindCode,ipcdo:IPPartyDetails/ipsdo:IPPartyKindCode,Классифицировано как AMBIGUOUS,Exact repeated owner is ambiguous; global AP enforcement would conflict with PA/RE roles.,Классификаторы / база данных Союза,NONE,NO,NO,Уточнить нормативную формулировку сферы действия требования,Exact repeated owner is ambiguous; global AP enforcement would conflict with PA/RE roles.,NEEDS_NORMATIVE_CLARIFICATION,NO,SEMANTIC_CLARIFICATIONS,P2,"Не закрывать догадкой. Формулировка IPPartyKindCode=AP без явного repeated-owner scope конфликтует с последующими правилами, где допускаются отдельные экземпляры PA и RE.","Официально подтвердить область действия REQ 13: это условие для конкретного экземпляра заявителя, а не глобальный запрет других IPPartyDetails. Зафиксировать разъяснение/исправленную редакцию.",ОП_22.pdf: пример блока REQ 13–22 — PDF 515–518; точная таблица конкретной строки указана в source,REQ 13 требует AP; REQ 14 требует ровно один экземпляр IPPartyDetails с AP; REQ 21 и 22 отдельно разрешают PA и RE. Глобальная трактовка REQ 13 поэтому противоречива.
HIGH,ENGINE_CAPABILITY_GAPS,OP22,P.SP.02,P.SP.02.PRC.034,P.SP.02.TRN.022,P.SP.02.OPR.179,P.SP.02.MSG.027,REQ 16,"Table 57, п.16",,R.IP.SP.02.002,ipcdo:IPPartyDetails,ipsdo:IPSubjectName,ipcdo:IPPartyDetails/ipsdo:IPSubjectName,Классифицировано как ENGINE_UNSUPPORTED,NONE,Движок валидации правил,conditional filtering of repeated instances,YES,NO,Добавить поддержку возможности в rules engine: missing exact AP-scoped correlation to repeated IPSubjectName representation attributes,Requires AP-scoped correlation to repeated IPSubjectName attributes.,FIX_NOW_CODE,YES,ENGINE_CAPABILITY_GAPS,P1,"Можно закрывать сейчас. Нормативное правило уже найдено; пробел связан не с документами, а с отсутствующей возможностью rules_engine.",Реализовать capability: conditional filtering of repeated instances; добавить положительные и отрицательные тесты.,Использовать таблицу/пункт из поля source; дополнительных внешних документов не требуется.,Исходный реестр уже помечает can_fix_without_external_docs=YES для этой категории.
HIGH,ENGINE_CAPABILITY_GAPS,OP22,P.SP.02,P.SP.02.PRC.034,P.SP.02.TRN.022,P.SP.02.OPR.179,P.SP.02.MSG.027,REQ 17,"Table 57, п.17",,R.IP.SP.02.002,ipcdo:IPPartyDetails,ipsdo:IPSubjectName,ipcdo:IPPartyDetails/ipsdo:IPSubjectName,Классифицировано как ENGINE_UNSUPPORTED,NONE,Движок валидации правил,cardinality after predicate,YES,NO,Добавить поддержку возможности в rules engine: missing exact per-AP filtered cardinality over repeated IPSubjectName plus representation/language attributes,Requires per-AP filtered cardinality over repeated IPSubjectName plus attributes.,FIX_NOW_CODE,YES,ENGINE_CAPABILITY_GAPS,P1,"Можно закрывать сейчас. Нормативное правило уже найдено; пробел связан не с документами, а с отсутствующей возможностью rules_engine.",Реализовать capability: cardinality after predicate; добавить положительные и отрицательные тесты.,Использовать таблицу/пункт из поля source; дополнительных внешних документов не требуется.,Исходный реестр уже помечает can_fix_without_external_docs=YES для этой категории.
HIGH,ENGINE_CAPABILITY_GAPS,OP22,P.SP.02,P.SP.02.PRC.034,P.SP.02.TRN.022,P.SP.02.OPR.179,P.SP.02.MSG.027,REQ 18,"Table 57, п.18",,R.IP.SP.02.002,ipcdo:IPPartyDetails,ipsdo:IPSubjectName; csdo:LanguageCode,ipcdo:IPPartyDetails/ipsdo:IPSubjectName; ipcdo:IPPartyDetails/ipsdo:IPSubjectName/csdo:LanguageCode,Классифицировано как ENGINE_UNSUPPORTED,NONE,Движок валидации правил,positional/ordinal access,YES,NO,Добавить поддержку возможности в rules engine: missing exact AP-scoped second-instance semantics for languageCode=RU in IPSubjectName,Requires AP-scoped languageCode=RU second-instance semantics.,FIX_NOW_CODE,YES,ENGINE_CAPABILITY_GAPS,P1,"Можно закрывать сейчас. Нормативное правило уже найдено; пробел связан не с документами, а с отсутствующей возможностью rules_engine.",Реализовать capability: positional/ordinal access; добавить положительные и отрицательные тесты.,Использовать таблицу/пункт из поля source; дополнительных внешних документов не требуется.,Исходный реестр уже помечает can_fix_without_external_docs=YES для этой категории.
HIGH,ENGINE_CAPABILITY_GAPS,OP22,P.SP.02,P.SP.02.PRC.034,P.SP.02.TRN.022,P.SP.02.OPR.179,P.SP.02.MSG.027,REQ 19,"Table 57, п.19",,R.IP.SP.02.002,ipcdo:IPPartyDetails,ipsdo:IPSubjectName; csdo:LanguageCode,ipcdo:IPPartyDetails/ipsdo:IPSubjectName; ipcdo:IPPartyDetails/ipsdo:IPSubjectName/csdo:LanguageCode,Классифицировано как ENGINE_UNSUPPORTED,NONE,Движок валидации правил,positional/ordinal access,YES,NO,Добавить поддержку возможности в rules engine: missing exact AP-scoped second-instance semantics for languageCode!=RU (LA) in IPSubjectName,Requires AP-scoped languageCode!=RU second-instance LA semantics.,FIX_NOW_CODE,YES,ENGINE_CAPABILITY_GAPS,P1,"Можно закрывать сейчас. Нормативное правило уже найдено; пробел связан не с документами, а с отсутствующей возможностью rules_engine.",Реализовать capability: positional/ordinal access; добавить положительные и отрицательные тесты.,Использовать таблицу/пункт из поля source; дополнительных внешних документов не требуется.,Исходный реестр уже помечает can_fix_without_external_docs=YES для этой категории.
HIGH,ENGINE_CAPABILITY_GAPS,OP22,P.SP.02,P.SP.02.PRC.034,P.SP.02.TRN.022,P.SP.02.OPR.179,P.SP.02.MSG.027,REQ 20,"Table 57, п.20",,R.IP.SP.02.002,ipcdo:IPPartyDetails,ccdo:SubjectAddressDetails; csdo:AddressKindCode,ipcdo:IPPartyDetails/ccdo:SubjectAddressDetails/csdo:AddressKindCode,Классифицировано как ENGINE_UNSUPPORTED,NONE,Движок валидации правил,conditional filtering of repeated instances,YES,NO,Добавить поддержку возможности в rules engine: missing exact AP-role correlated nested repeated SubjectAddressDetails filter semantics,Requires AP role correlated with nested repeated SubjectAddressDetails.,FIX_NOW_CODE,YES,ENGINE_CAPABILITY_GAPS,P1,"Можно закрывать сейчас. Нормативное правило уже найдено; пробел связан не с документами, а с отсутствующей возможностью rules_engine.",Реализовать capability: conditional filtering of repeated instances; добавить положительные и отрицательные тесты.,Использовать таблицу/пункт из поля source; дополнительных внешних документов не требуется.,Исходный реестр уже помечает can_fix_without_external_docs=YES для этой категории.
HIGH,SOURCE_CONFLICT_RESOLUTION,OP22,P.SP.02,P.SP.02.PRC.034,P.SP.02.TRN.022,P.SP.02.OPR.179,P.SP.02.MSG.027,REQ 27,"Table 57, п.27",,R.IP.SP.02.002,ipcdo:TrademarkDetails,ipsdo:TrademarkColourName; ipsdo:TrademarkColourPictureImage,ipcdo:TrademarkDetails/ipsdo:TrademarkColourName; ipcdo:TrademarkDetails/ipsdo:TrademarkColourPictureImage,Классифицировано как SOURCE_CONFLICT,Table34 image QName conflicts with R.IP.SP.02.002 TrademarkPicture/TrademarkColourName semantics.,Классификаторы / база данных Союза,NONE,NO,NO,Запросить официальное разъяснение регулятора ЕЭК по конфликту таблицы и схемы,Table34 image QName conflicts with R.IP.SP.02.002 TrademarkPicture/TrademarkColourName semantics.,CONFIRMED_SOURCE_CONFLICT,NO,SOURCE_CONFLICT_RESOLUTION,P1,Конфликт подтвержден. Сейчас нельзя выбирать QName/path по догадке: бизнес-таблица и структура R.IP.SP.02.002 дают несовместимую привязку элемента.,Получить приоритетный/исправленный нормативный источник либо официальное разъяснение. До этого сохранить конфликт в реестре и не подменять отсутствующий путь похожим QName.,ОП_22.pdf: табл. 57 начинается на PDF 578; точная привязка REQ 27 требует ручной сверки; TrademarkColourName в структуре — PDF 871,Table34 image QName conflicts with R.IP.SP.02.002 TrademarkPicture/TrademarkColourName semantics.
LOW,CLASSIFIERS_AND_REFERENCE_DATA,OP22,P.SP.02,P.SP.02.PRC.002,P.SP.02.TRN.023,P.SP.02.OPR.005,P.SP.02.MSG.028,REQ 3,"Table 44, п.3",,R.IP.SP.02.002,ipcdo:TrademarkApplicationDetails,ipcdo:TrademarkApplicationDetails,ipcdo:TrademarkApplicationDetails,Классифицировано как SAFE_PARTIAL,external check that no matching TrademarkApplicationId record exists in the national patent-office information resource,Решение Коллегии ЕЭК №92 / реестр Союза,NONE,NO,NO,Расширить валидацию после получения эталонного реестра,,NEEDS_REFERENCE_DATA,NO,CLASSIFIERS_AND_REFERENCE_DATA,P2,"Правило в PDF есть, но полная офлайн-проверка зависит от официального справочника/классификатора. Одного текста регламента недостаточно, если нужно определить наличие кода или допустимое значение.","Получить официальный машиночитаемый классификатор/справочник, зафиксировать его версию/дату, сохранить локальный снимок и подключить его к валидатору.",Точная нормативная таблица указана в source; страницу нужно фиксировать при подключении соответствующего справочника.,Для R.IP.SP.02.002 структура и QName уже подтверждены; незакрытая часть — именно reference data.
LOW,CLASSIFIERS_AND_REFERENCE_DATA,OP22,P.SP.02,P.SP.02.PRC.002,P.SP.02.TRN.023,P.SP.02.OPR.005,P.SP.02.MSG.028,REQ 4,"Table 44, п.4",,R.IP.SP.02.002,ipsdo:IPDocKindCode,ipsdo:IPDocKindCode,ipsdo:IPDocKindCode,Классифицировано как SAFE_PARTIAL,classifier membership/existence semantics for the MSG028 document kind; authoritative classifier code semantics,Решение Коллегии ЕЭК №92 / реестр Союза,NONE,NO,NO,Расширить валидацию после получения эталонного реестра,,NEEDS_REFERENCE_DATA,NO,CLASSIFIERS_AND_REFERENCE_DATA,P2,"Правило в PDF есть, но полная офлайн-проверка зависит от официального справочника/классификатора. Одного текста регламента недостаточно, если нужно определить наличие кода или допустимое значение.","Получить официальный машиночитаемый классификатор/справочник, зафиксировать его версию/дату, сохранить локальный снимок и подключить его к валидатору.",Точная нормативная таблица указана в source; страницу нужно фиксировать при подключении соответствующего справочника.,Для R.IP.SP.02.002 структура и QName уже подтверждены; незакрытая часть — именно reference data.
LOW,CLASSIFIERS_AND_REFERENCE_DATA,OP22,P.SP.02,P.SP.02.PRC.002,P.SP.02.TRN.023,P.SP.02.OPR.005,P.SP.02.MSG.028,REQ 5,"Table 44, п.5",,R.IP.SP.02.002,ipsdo:IPDocKindCode,ipsdo:IPDocKindCode,ipsdo:IPDocKindCode,Классифицировано как SAFE_PARTIAL,authoritative proof that the MSG028 document kind is absent from the classifier,Решение Коллегии ЕЭК №92 / реестр Союза,NONE,NO,NO,Расширить валидацию после получения эталонного реестра,,NEEDS_REFERENCE_DATA,NO,CLASSIFIERS_AND_REFERENCE_DATA,P2,"Правило в PDF есть, но полная офлайн-проверка зависит от официального справочника/классификатора. Одного текста регламента недостаточно, если нужно определить наличие кода или допустимое значение.","Получить официальный машиночитаемый классификатор/справочник, зафиксировать его версию/дату, сохранить локальный снимок и подключить его к валидатору.",Точная нормативная таблица указана в source; страницу нужно фиксировать при подключении соответствующего справочника.,Для R.IP.SP.02.002 структура и QName уже подтверждены; незакрытая часть — именно reference data.
LOW,CLASSIFIERS_AND_REFERENCE_DATA,OP22,P.SP.02,P.SP.02.PRC.002,P.SP.02.TRN.023,P.SP.02.OPR.005,P.SP.02.MSG.028,REQ 37,"Table 44, п.37",,R.IP.SP.02.002,ccdo:ResourceItemStatusDetails,ccdo:ResourceItemStatusDetails,ccdo:ResourceItemStatusDetails,Классифицировано как SAFE_PARTIAL,equality of StartDateTime to the external/contextual national-register inclusion timestamp,Решение Коллегии ЕЭК №92 / реестр Союза,NONE,NO,NO,Расширить валидацию после получения эталонного реестра,,NEEDS_REFERENCE_DATA,NO,CLASSIFIERS_AND_REFERENCE_DATA,P2,"Правило в PDF есть, но полная офлайн-проверка зависит от официального справочника/классификатора. Одного текста регламента недостаточно, если нужно определить наличие кода или допустимое значение.","Получить официальный машиночитаемый классификатор/справочник, зафиксировать его версию/дату, сохранить локальный снимок и подключить его к валидатору.",Точная нормативная таблица указана в source; страницу нужно фиксировать при подключении соответствующего справочника.,Для R.IP.SP.02.002 структура и QName уже подтверждены; незакрытая часть — именно reference data.
MEDIUM,SEMANTIC_CLARIFICATIONS,OP22,P.SP.02,P.SP.02.PRC.002,P.SP.02.TRN.023,P.SP.02.OPR.005,P.SP.02.MSG.028,REQ 13,"Table 44, п.13",,R.IP.SP.02.002,ipcdo:IPPartyDetails,ipsdo:IPPartyKindCode,ipcdo:IPPartyDetails/ipsdo:IPPartyKindCode,Классифицировано как AMBIGUOUS,The row states IPPartyKindCode=AP without an unambiguous repeated owner; global enforcement would contradict PA/RE rows.,Классификаторы / база данных Союза,NONE,NO,NO,Уточнить нормативную формулировку сферы действия требования,The row states IPPartyKindCode=AP without an unambiguous repeated owner; global enforcement would contradict PA/RE rows.,NEEDS_NORMATIVE_CLARIFICATION,NO,SEMANTIC_CLARIFICATIONS,P2,"Не закрывать догадкой. Формулировка IPPartyKindCode=AP без явного repeated-owner scope конфликтует с последующими правилами, где допускаются отдельные экземпляры PA и RE.","Официально подтвердить область действия REQ 13: это условие для конкретного экземпляра заявителя, а не глобальный запрет других IPPartyDetails. Зафиксировать разъяснение/исправленную редакцию.",ОП_22.pdf: пример блока REQ 13–22 — PDF 515–518; точная таблица конкретной строки указана в source,REQ 13 требует AP; REQ 14 требует ровно один экземпляр IPPartyDetails с AP; REQ 21 и 22 отдельно разрешают PA и RE. Глобальная трактовка REQ 13 поэтому противоречива.
HIGH,ENGINE_CAPABILITY_GAPS,OP22,P.SP.02,P.SP.02.PRC.002,P.SP.02.TRN.023,P.SP.02.OPR.005,P.SP.02.MSG.028,REQ 18,"Table 44, п.18",,R.IP.SP.02.002,ipcdo:IPPartyDetails,ipsdo:IPSubjectName; csdo:LanguageCode,ipcdo:IPPartyDetails/ipsdo:IPSubjectName; ipcdo:IPPartyDetails/ipsdo:IPSubjectName/csdo:LanguageCode,Классифицировано как ENGINE_UNSUPPORTED,NONE,Движок валидации правил,positional/ordinal access,YES,NO,Добавить поддержку возможности в rules engine: missing exact AP-scoped second-instance semantics for languageCode=RU in IPSubjectName,Requires AP-scoped languageCode=RU second-instance semantics.,FIX_NOW_CODE,YES,ENGINE_CAPABILITY_GAPS,P1,"Можно закрывать сейчас. Нормативное правило уже найдено; пробел связан не с документами, а с отсутствующей возможностью rules_engine.",Реализовать capability: positional/ordinal access; добавить положительные и отрицательные тесты.,Использовать таблицу/пункт из поля source; дополнительных внешних документов не требуется.,Исходный реестр уже помечает can_fix_without_external_docs=YES для этой категории.
HIGH,ENGINE_CAPABILITY_GAPS,OP22,P.SP.02,P.SP.02.PRC.002,P.SP.02.TRN.023,P.SP.02.OPR.005,P.SP.02.MSG.028,REQ 19,"Table 44, п.19",,R.IP.SP.02.002,ipcdo:IPPartyDetails,ipsdo:IPSubjectName; csdo:LanguageCode,ipcdo:IPPartyDetails/ipsdo:IPSubjectName; ipcdo:IPPartyDetails/ipsdo:IPSubjectName/csdo:LanguageCode,Классифицировано как ENGINE_UNSUPPORTED,NONE,Движок валидации правил,positional/ordinal access,YES,NO,Добавить поддержку возможности в rules engine: missing exact AP-scoped second-instance semantics for languageCode!=RU (LA) in IPSubjectName,Requires AP-scoped languageCode!=RU second-instance LA semantics.,FIX_NOW_CODE,YES,ENGINE_CAPABILITY_GAPS,P1,"Можно закрывать сейчас. Нормативное правило уже найдено; пробел связан не с документами, а с отсутствующей возможностью rules_engine.",Реализовать capability: positional/ordinal access; добавить положительные и отрицательные тесты.,Использовать таблицу/пункт из поля source; дополнительных внешних документов не требуется.,Исходный реестр уже помечает can_fix_without_external_docs=YES для этой категории.
MEDIUM,CLASSIFIERS_AND_REFERENCE_DATA,OP22,P.SP.02,P.SP.02.PRC.002,P.SP.02.TRN.023,P.SP.02.OPR.005,P.SP.02.MSG.028,REQ 32,"Table 44, п.32",,R.IP.SP.02.002,ipcdo:TrademarkPriorityDetails,ipsdo:PriorityKindCode,ipcdo:TrademarkPriorityDetails/ipsdo:PriorityKindCode,Классифицировано как EXTERNAL,Requires authoritative priority-characteristic classifier/reference data not available to the current evaluator.,Классификаторы / база данных Союза,NONE,NO,NO,Подключить машиночитаемый справочник/классификатор ЕЭК,Requires authoritative priority-characteristic classifier/reference data not available to the current evaluator.,NEEDS_REFERENCE_DATA,NO,CLASSIFIERS_AND_REFERENCE_DATA,P2,"Правило в PDF есть, но полная офлайн-проверка зависит от официального справочника/классификатора. Одного текста регламента недостаточно, если нужно определить наличие кода или допустимое значение.","Получить официальный машиночитаемый классификатор/справочник, зафиксировать его версию/дату, сохранить локальный снимок и подключить его к валидатору.",Точная нормативная таблица указана в source; страницу нужно фиксировать при подключении соответствующего справочника.,Для R.IP.SP.02.002 структура и QName уже подтверждены; незакрытая часть — именно reference data.
HIGH,SOURCE_CONFLICT_RESOLUTION,OP22,P.SP.02,P.SP.02.PRC.003,P.SP.02.TRN.024,P.SP.02.OPR.008,P.SP.02.MSG.029,SOURCE_CONFLICT,Table 45,,R.IP.SP.02.002,ipcdo:TrademarkApplicationDetails,ipsdo:InconsistencyText,ipcdo:TrademarkApplicationDetails/ipsdo:InconsistencyText,Классифицировано как SOURCE_CONFLICT,"Table45 REQ32 assigns ipsdo:InconsistencyText to the selected ipcdo:GoodsBaseDetails instance, but the StructureDefinition places that QName directly under ipcdo:TrademarkApplicationDetails.",Нормативный источник / XSD,NONE,NO,NO,Запросить официальное разъяснение регулятора ЕЭК по конфликту таблицы и схемы,"Table45 REQ32 assigns ipsdo:InconsistencyText to the selected ipcdo:GoodsBaseDetails instance, but the StructureDefinition places that QName directly under ipcdo:TrademarkApplicationDetails.",CONFIRMED_SOURCE_CONFLICT,NO,SOURCE_CONFLICT_RESOLUTION,P1,Конфликт подтвержден. Сейчас нельзя выбирать QName/path по догадке: бизнес-таблица и структура R.IP.SP.02.002 дают несовместимую привязку элемента.,Получить приоритетный/исправленный нормативный источник либо официальное разъяснение. До этого сохранить конфликт в реестре и не подменять отсутствующий путь похожим QName.,ОП_22.pdf: табл. 45 — PDF 724–726; REQ 32 — PDF 726; структура InconsistencyText — PDF 876,"Table45 REQ32 assigns ipsdo:InconsistencyText to the selected ipcdo:GoodsBaseDetails instance, but the StructureDefinition places that QName directly under ipcdo:TrademarkApplicationDetails."
LOW,CLASSIFIERS_AND_REFERENCE_DATA,OP22,P.SP.02,P.SP.02.PRC.003,P.SP.02.TRN.024,P.SP.02.OPR.008,P.SP.02.MSG.029,REQ 2,"Table 45, п.2",,R.IP.SP.02.002,ipcdo:TrademarkApplicationDetails,ipcdo:TrademarkApplicationDetails,ipcdo:TrademarkApplicationDetails,Классифицировано как SAFE_PARTIAL,"external filing-office information-resource lookup; external record StatusCode in {01, 02}; external record EndDateTime absent; external TrademarkApplicationId equality with the message value",Решение Коллегии ЕЭК №92 / реестр Союза,NONE,NO,NO,Расширить валидацию после получения эталонного реестра,,NEEDS_REFERENCE_DATA,NO,CLASSIFIERS_AND_REFERENCE_DATA,P2,"Правило в PDF есть, но полная офлайн-проверка зависит от официального справочника/классификатора. Одного текста регламента недостаточно, если нужно определить наличие кода или допустимое значение.","Получить официальный машиночитаемый классификатор/справочник, зафиксировать его версию/дату, сохранить локальный снимок и подключить его к валидатору.",Точная нормативная таблица указана в source; страницу нужно фиксировать при подключении соответствующего справочника.,Для R.IP.SP.02.002 структура и QName уже подтверждены; незакрытая часть — именно reference data.
LOW,CLASSIFIERS_AND_REFERENCE_DATA,OP22,P.SP.02,P.SP.02.PRC.003,P.SP.02.TRN.024,P.SP.02.OPR.008,P.SP.02.MSG.029,REQ 4,"Table 45, п.4",,R.IP.SP.02.002,ipsdo:IPDocKindCode,ipsdo:IPDocKindCode,ipsdo:IPDocKindCode,Классифицировано как SAFE_PARTIAL,authoritative classifier-presence predicate for the three MSG029 document kinds; authoritative classifier code designation for the selected MSG029 document kind; required IPDocKindCode when that exter,Решение Коллегии ЕЭК №92 / реестр Союза,NONE,NO,NO,Расширить валидацию после получения эталонного реестра,,NEEDS_REFERENCE_DATA,NO,CLASSIFIERS_AND_REFERENCE_DATA,P2,"Правило в PDF есть, но полная офлайн-проверка зависит от официального справочника/классификатора. Одного текста регламента недостаточно, если нужно определить наличие кода или допустимое значение.","Получить официальный машиночитаемый классификатор/справочник, зафиксировать его версию/дату, сохранить локальный снимок и подключить его к валидатору.",Точная нормативная таблица указана в source; страницу нужно фиксировать при подключении соответствующего справочника.,Для R.IP.SP.02.002 структура и QName уже подтверждены; незакрытая часть — именно reference data.
LOW,CLASSIFIERS_AND_REFERENCE_DATA,OP22,P.SP.02,P.SP.02.PRC.003,P.SP.02.TRN.024,P.SP.02.OPR.008,P.SP.02.MSG.029,REQ 5,"Table 45, п.5",,R.IP.SP.02.002,ipsdo:IPDocKindCode,ipsdo:IPDocKindCode,ipsdo:IPDocKindCode,Классифицировано как SAFE_PARTIAL,authoritative classifier-absence predicate for the three MSG029 document kinds; conditional membership of IPDocKindName in the three Table45 document names cannot be expressed by the current evaluator,Решение Коллегии ЕЭК №92 / реестр Союза,NONE,NO,NO,Расширить валидацию после получения эталонного реестра,,NEEDS_REFERENCE_DATA,NO,CLASSIFIERS_AND_REFERENCE_DATA,P2,"Правило в PDF есть, но полная офлайн-проверка зависит от официального справочника/классификатора. Одного текста регламента недостаточно, если нужно определить наличие кода или допустимое значение.","Получить официальный машиночитаемый классификатор/справочник, зафиксировать его версию/дату, сохранить локальный снимок и подключить его к валидатору.",Точная нормативная таблица указана в source; страницу нужно фиксировать при подключении соответствующего справочника.,Для R.IP.SP.02.002 структура и QName уже подтверждены; незакрытая часть — именно reference data.
LOW,CLASSIFIERS_AND_REFERENCE_DATA,OP22,P.SP.02,P.SP.02.PRC.003,P.SP.02.TRN.024,P.SP.02.OPR.008,P.SP.02.MSG.029,REQ 35,"Table 45, п.35",,R.IP.SP.02.002,ccdo:ResourceItemStatusDetails,ccdo:ResourceItemStatusDetails,ccdo:ResourceItemStatusDetails,Классифицировано как SAFE_PARTIAL,equality of StartDateTime to the external national-patent-office information-resource inclusion timestamp,Решение Коллегии ЕЭК №92 / реестр Союза,NONE,NO,NO,Расширить валидацию после получения эталонного реестра,,NEEDS_REFERENCE_DATA,NO,CLASSIFIERS_AND_REFERENCE_DATA,P2,"Правило в PDF есть, но полная офлайн-проверка зависит от официального справочника/классификатора. Одного текста регламента недостаточно, если нужно определить наличие кода или допустимое значение.","Получить официальный машиночитаемый классификатор/справочник, зафиксировать его версию/дату, сохранить локальный снимок и подключить его к валидатору.",Точная нормативная таблица указана в source; страницу нужно фиксировать при подключении соответствующего справочника.,Для R.IP.SP.02.002 структура и QName уже подтверждены; незакрытая часть — именно reference data.
MEDIUM,SEMANTIC_CLARIFICATIONS,OP22,P.SP.02,P.SP.02.PRC.003,P.SP.02.TRN.024,P.SP.02.OPR.008,P.SP.02.MSG.029,REQ 13,"Table 45, п.13",,R.IP.SP.02.002,ipcdo:IPPartyDetails,ipsdo:IPPartyKindCode,ipcdo:IPPartyDetails/ipsdo:IPPartyKindCode,Классифицировано как AMBIGUOUS,Table44 states IPPartyKindCode=AP without an unambiguous repeated owner; global enforcement would contradict the explicitly permitted PA/RE role rows 21 and 22.,Классификаторы / база данных Союза,NONE,NO,NO,Уточнить нормативную формулировку сферы действия требования,Table44 states IPPartyKindCode=AP without an unambiguous repeated owner; global enforcement would contradict the explicitly permitted PA/RE role rows 21 and 22.,NEEDS_NORMATIVE_CLARIFICATION,NO,SEMANTIC_CLARIFICATIONS,P2,"Не закрывать догадкой. Формулировка IPPartyKindCode=AP без явного repeated-owner scope конфликтует с последующими правилами, где допускаются отдельные экземпляры PA и RE.","Официально подтвердить область действия REQ 13: это условие для конкретного экземпляра заявителя, а не глобальный запрет других IPPartyDetails. Зафиксировать разъяснение/исправленную редакцию.",ОП_22.pdf: пример блока REQ 13–22 — PDF 515–518; точная таблица конкретной строки указана в source,REQ 13 требует AP; REQ 14 требует ровно один экземпляр IPPartyDetails с AP; REQ 21 и 22 отдельно разрешают PA и RE. Глобальная трактовка REQ 13 поэтому противоречива.
HIGH,ENGINE_CAPABILITY_GAPS,OP22,P.SP.02,P.SP.02.PRC.003,P.SP.02.TRN.024,P.SP.02.OPR.008,P.SP.02.MSG.029,REQ 16,"Table 45, п.16",,R.IP.SP.02.002,ipcdo:IPPartyDetails,ipsdo:IPSubjectName,ipcdo:IPPartyDetails/ipsdo:IPSubjectName,Классифицировано как ENGINE_UNSUPPORTED,NONE,Движок валидации правил,conditional filtering of repeated instances,YES,NO,Добавить поддержку возможности в rules engine: missing exact AP-scoped correlation to repeated IPSubjectName representation attributes,Requires AP-scoped correlation to repeated IPSubjectName representation attributes.,FIX_NOW_CODE,YES,ENGINE_CAPABILITY_GAPS,P1,"Можно закрывать сейчас. Нормативное правило уже найдено; пробел связан не с документами, а с отсутствующей возможностью rules_engine.",Реализовать capability: conditional filtering of repeated instances; добавить положительные и отрицательные тесты.,Использовать таблицу/пункт из поля source; дополнительных внешних документов не требуется.,Исходный реестр уже помечает can_fix_without_external_docs=YES для этой категории.
HIGH,ENGINE_CAPABILITY_GAPS,OP22,P.SP.02,P.SP.02.PRC.003,P.SP.02.TRN.024,P.SP.02.OPR.008,P.SP.02.MSG.029,REQ 17,"Table 45, п.17",,R.IP.SP.02.002,ipcdo:IPPartyDetails,ipsdo:IPSubjectName,ipcdo:IPPartyDetails/ipsdo:IPSubjectName,Классифицировано как ENGINE_UNSUPPORTED,NONE,Движок валидации правил,cardinality after predicate,YES,NO,Добавить поддержку возможности в rules engine: missing exact per-AP filtered cardinality over repeated IPSubjectName plus representation/language attributes,Requires per-AP filtered cardinality over repeated IPSubjectName plus representation/language attributes.,FIX_NOW_CODE,YES,ENGINE_CAPABILITY_GAPS,P1,"Можно закрывать сейчас. Нормативное правило уже найдено; пробел связан не с документами, а с отсутствующей возможностью rules_engine.",Реализовать capability: cardinality after predicate; добавить положительные и отрицательные тесты.,Использовать таблицу/пункт из поля source; дополнительных внешних документов не требуется.,Исходный реестр уже помечает can_fix_without_external_docs=YES для этой категории.
HIGH,ENGINE_CAPABILITY_GAPS,OP22,P.SP.02,P.SP.02.PRC.003,P.SP.02.TRN.024,P.SP.02.OPR.008,P.SP.02.MSG.029,REQ 18,"Table 45, п.18",,R.IP.SP.02.002,ipcdo:IPPartyDetails,ipsdo:IPSubjectName; csdo:LanguageCode,ipcdo:IPPartyDetails/ipsdo:IPSubjectName; ipcdo:IPPartyDetails/ipsdo:IPSubjectName/csdo:LanguageCode,Классифицировано как ENGINE_UNSUPPORTED,NONE,Движок валидации правил,positional/ordinal access,YES,NO,Добавить поддержку возможности в rules engine: missing exact AP-scoped second-instance semantics for languageCode=RU in IPSubjectName,Requires AP-scoped languageCode=RU second-instance semantics.,FIX_NOW_CODE,YES,ENGINE_CAPABILITY_GAPS,P1,"Можно закрывать сейчас. Нормативное правило уже найдено; пробел связан не с документами, а с отсутствующей возможностью rules_engine.",Реализовать capability: positional/ordinal access; добавить положительные и отрицательные тесты.,Использовать таблицу/пункт из поля source; дополнительных внешних документов не требуется.,Исходный реестр уже помечает can_fix_without_external_docs=YES для этой категории.
HIGH,ENGINE_CAPABILITY_GAPS,OP22,P.SP.02,P.SP.02.PRC.003,P.SP.02.TRN.024,P.SP.02.OPR.008,P.SP.02.MSG.029,REQ 19,"Table 45, п.19",,R.IP.SP.02.002,ipcdo:IPPartyDetails,ipsdo:IPSubjectName; csdo:LanguageCode,ipcdo:IPPartyDetails/ipsdo:IPSubjectName; ipcdo:IPPartyDetails/ipsdo:IPSubjectName/csdo:LanguageCode,Классифицировано как ENGINE_UNSUPPORTED,NONE,Движок валидации правил,positional/ordinal access,YES,NO,Добавить поддержку возможности в rules engine: missing exact AP-scoped second-instance semantics for languageCode!=RU (LA) in IPSubjectName,Requires AP-scoped languageCode!=RU second-instance LA semantics.,FIX_NOW_CODE,YES,ENGINE_CAPABILITY_GAPS,P1,"Можно закрывать сейчас. Нормативное правило уже найдено; пробел связан не с документами, а с отсутствующей возможностью rules_engine.",Реализовать capability: positional/ordinal access; добавить положительные и отрицательные тесты.,Использовать таблицу/пункт из поля source; дополнительных внешних документов не требуется.,Исходный реестр уже помечает can_fix_without_external_docs=YES для этой категории.
HIGH,ENGINE_CAPABILITY_GAPS,OP22,P.SP.02,P.SP.02.PRC.003,P.SP.02.TRN.024,P.SP.02.OPR.008,P.SP.02.MSG.029,REQ 20,"Table 45, п.20",,R.IP.SP.02.002,ipcdo:IPPartyDetails,ccdo:SubjectAddressDetails; csdo:AddressKindCode,ipcdo:IPPartyDetails/ccdo:SubjectAddressDetails/csdo:AddressKindCode,Классифицировано как ENGINE_UNSUPPORTED,NONE,Движок валидации правил,conditional filtering of repeated instances,YES,NO,Добавить поддержку возможности в rules engine: missing exact AP-role correlated nested repeated SubjectAddressDetails filter semantics,Requires AP role correlated with nested SubjectAddressDetails semantics beyond the current safe selector model.,FIX_NOW_CODE,YES,ENGINE_CAPABILITY_GAPS,P1,"Можно закрывать сейчас. Нормативное правило уже найдено; пробел связан не с документами, а с отсутствующей возможностью rules_engine.",Реализовать capability: conditional filtering of repeated instances; добавить положительные и отрицательные тесты.,Использовать таблицу/пункт из поля source; дополнительных внешних документов не требуется.,Исходный реестр уже помечает can_fix_without_external_docs=YES для этой категории.
HIGH,ENGINE_CAPABILITY_GAPS,OP22,P.SP.02,P.SP.02.PRC.003,P.SP.02.TRN.024,P.SP.02.OPR.008,P.SP.02.MSG.029,REQ 26,"Table 45, п.26",,R.IP.SP.02.002,ipcdo:TrademarkDetails,ipsdo:TrademarkKindCode; ipsdo:TrademarkKindName,ipcdo:TrademarkDetails/ipsdo:TrademarkKindCode; ipcdo:TrademarkDetails/ipsdo:TrademarkKindName,Классифицировано как ENGINE_UNSUPPORTED,NONE,Движок валидации правил,disjunction,YES,NO,Добавить поддержку возможности в rules engine: no exact OR-of-comparisons assertion result inside for_each (disjunctive code-or-name),Original Table44 REQ26 is written as TrademarkKindCode OR TrademarkKindName matching the listed values. The current evaluator has no direct disjunctive comparison assertion for a repeated TrademarkDet,FIX_NOW_CODE,YES,ENGINE_CAPABILITY_GAPS,P1,"Можно закрывать сейчас. Нормативное правило уже найдено; пробел связан не с документами, а с отсутствующей возможностью rules_engine.",Реализовать capability: disjunction; добавить положительные и отрицательные тесты.,Использовать таблицу/пункт из поля source; дополнительных внешних документов не требуется.,Исходный реестр уже помечает can_fix_without_external_docs=YES для этой категории.
HIGH,ENGINE_CAPABILITY_GAPS,OP22,P.SP.02,P.SP.02.PRC.003,P.SP.02.TRN.024,P.SP.02.OPR.008,P.SP.02.MSG.029,REQ 30,"Table 45, п.30",,R.IP.SP.02.002,ipcdo:GoodsBaseDetails,ipsdo:TrademarkRegistrationCode; ipsdo:TrademarkDecisionIndicator,ipcdo:TrademarkApplicationDetails/ipsdo:TrademarkRegistrationCode; ipcdo:GoodsBaseDetails/ipsdo:TrademarkDecisionIndicator,Классифицировано как ENGINE_UNSUPPORTED,NONE,Движок валидации правил,cardinality after predicate,YES,NO,Добавить поддержку возможности в rules engine: missing exact conditional filtered cardinality: TrademarkRegistrationCode=01 scoping GoodsBaseDetails count,"Requires conditional filtered cardinality: for TrademarkRegistrationCode=01, count GoodsBaseDetails with TrademarkDecisionIndicator=0 must be zero.",FIX_NOW_CODE,YES,ENGINE_CAPABILITY_GAPS,P1,"Можно закрывать сейчас. Нормативное правило уже найдено; пробел связан не с документами, а с отсутствующей возможностью rules_engine.",Реализовать capability: cardinality after predicate; добавить положительные и отрицательные тесты.,Использовать таблицу/пункт из поля source; дополнительных внешних документов не требуется.,Исходный реестр уже помечает can_fix_without_external_docs=YES для этой категории.
HIGH,ENGINE_CAPABILITY_GAPS,OP22,P.SP.02,P.SP.02.PRC.003,P.SP.02.TRN.024,P.SP.02.OPR.008,P.SP.02.MSG.029,REQ 31,"Table 45, п.31",,R.IP.SP.02.002,ipcdo:GoodsBaseDetails,ipsdo:TrademarkRegistrationCode; ipsdo:TrademarkDecisionIndicator,ipcdo:TrademarkApplicationDetails/ipsdo:TrademarkRegistrationCode; ipcdo:GoodsBaseDetails/ipsdo:TrademarkDecisionIndicator,Классифицировано как ENGINE_UNSUPPORTED,NONE,Движок валидации правил,cardinality after predicate,YES,NO,"Добавить поддержку возможности в rules engine: missing exact conditional filtered cardinality: TrademarkRegistrationCode in {02,03} scoping GoodsBaseDetails","Requires conditional filtered cardinality: for TrademarkRegistrationCode in {02,03}, at least one GoodsBaseDetails with TrademarkDecisionIndicator=0 must exist.",FIX_NOW_CODE,YES,ENGINE_CAPABILITY_GAPS,P1,"Можно закрывать сейчас. Нормативное правило уже найдено; пробел связан не с документами, а с отсутствующей возможностью rules_engine.",Реализовать capability: cardinality after predicate; добавить положительные и отрицательные тесты.,Использовать таблицу/пункт из поля source; дополнительных внешних документов не требуется.,Исходный реестр уже помечает can_fix_without_external_docs=YES для этой категории.
HIGH,SOURCE_CONFLICT_RESOLUTION,OP22,P.SP.02,P.SP.02.PRC.003,P.SP.02.TRN.024,P.SP.02.OPR.008,P.SP.02.MSG.029,REQ 32,"Table 45, п.32",,R.IP.SP.02.002,ipcdo:GoodsBaseDetails,ipcdo:GoodsBaseDetails; ipsdo:TrademarkDecisionIndicator; ipsdo:TrademarkApplicationId; ipsdo:TrademarkRegRefusalReasonText,ipcdo:GoodsBaseDetails; ipsdo:TrademarkDecisionIndicator; ipsdo:TrademarkApplicationId; ipsdo:TrademarkRegRefusalReasonText,Классифицировано как SOURCE_CONFLICT,"Table45 requires InconsistencyText inside each selected GoodsBaseDetails row, while R.IP.SP.02.002 defines ipsdo:InconsistencyText directly under TrademarkApplicationDetails and has no GoodsBaseDetail",Классификаторы / база данных Союза,NONE,NO,NO,Запросить официальное разъяснение регулятора ЕЭК по конфликту таблицы и схемы,"Table45 requires InconsistencyText inside each selected GoodsBaseDetails row, while R.IP.SP.02.002 defines ipsdo:InconsistencyText directly under TrademarkApplicationDetails and has no GoodsBaseDetail",CONFIRMED_SOURCE_CONFLICT,NO,SOURCE_CONFLICT_RESOLUTION,P1,Конфликт подтвержден. Сейчас нельзя выбирать QName/path по догадке: бизнес-таблица и структура R.IP.SP.02.002 дают несовместимую привязку элемента.,Получить приоритетный/исправленный нормативный источник либо официальное разъяснение. До этого сохранить конфликт в реестре и не подменять отсутствующий путь похожим QName.,ОП_22.pdf: табл. 45 — PDF 724–726; REQ 32 — PDF 726; структура InconsistencyText — PDF 876,"Table45 requires InconsistencyText inside each selected GoodsBaseDetails row, while R.IP.SP.02.002 defines ipsdo:InconsistencyText directly under TrademarkApplicationDetails and has no GoodsBaseDetail"
LOW,CLASSIFIERS_AND_REFERENCE_DATA,OP22,P.SP.02,P.SP.02.PRC.004,P.SP.02.TRN.025,P.SP.02.OPR.011,P.SP.02.MSG.030,REQ 2,"Table 46, п.2",,R.IP.SP.02.002,ipsdo:IPDocKindCode,ipsdo:IPDocKindCode,ipsdo:IPDocKindCode,Классифицировано как SAFE_PARTIAL,authoritative classifier-presence predicate; authoritative classifier code designation; requirement that IPDocKindCode be present when that external classifier branch applies,Решение Коллегии ЕЭК №92 / реестр Союза,NONE,NO,NO,Расширить валидацию после получения эталонного реестра,"Exact branch depends on authoritative classifier membership, which is external to the current values.",NEEDS_REFERENCE_DATA,NO,CLASSIFIERS_AND_REFERENCE_DATA,P2,"Правило в PDF есть, но полная офлайн-проверка зависит от официального справочника/классификатора. Одного текста регламента недостаточно, если нужно определить наличие кода или допустимое значение.","Получить официальный машиночитаемый классификатор/справочник, зафиксировать его версию/дату, сохранить локальный снимок и подключить его к валидатору.",Точная нормативная таблица указана в source; страницу нужно фиксировать при подключении соответствующего справочника.,Для R.IP.SP.02.002 структура и QName уже подтверждены; незакрытая часть — именно reference data.
LOW,CLASSIFIERS_AND_REFERENCE_DATA,OP22,P.SP.02,P.SP.02.PRC.004,P.SP.02.TRN.025,P.SP.02.OPR.011,P.SP.02.MSG.030,REQ 3,"Table 46, п.3",,R.IP.SP.02.002,ipsdo:IPDocKindCode,ipsdo:IPDocKindCode,ipsdo:IPDocKindCode,Классифицировано как SAFE_PARTIAL,authoritative classifier-absence predicate,Решение Коллегии ЕЭК №92 / реестр Союза,NONE,NO,NO,Расширить валидацию после получения эталонного реестра,"Exact branch depends on authoritative classifier absence, which is external to the current values.",NEEDS_REFERENCE_DATA,NO,CLASSIFIERS_AND_REFERENCE_DATA,P2,"Правило в PDF есть, но полная офлайн-проверка зависит от официального справочника/классификатора. Одного текста регламента недостаточно, если нужно определить наличие кода или допустимое значение.","Получить официальный машиночитаемый классификатор/справочник, зафиксировать его версию/дату, сохранить локальный снимок и подключить его к валидатору.",Точная нормативная таблица указана в source; страницу нужно фиксировать при подключении соответствующего справочника.,Для R.IP.SP.02.002 структура и QName уже подтверждены; незакрытая часть — именно reference data.
LOW,CLASSIFIERS_AND_REFERENCE_DATA,OP22,P.SP.02,P.SP.02.PRC.004,P.SP.02.TRN.025,P.SP.02.OPR.011,P.SP.02.MSG.030,REQ 4,"Table 46, п.4",,R.IP.SP.02.002,ipcdo:TrademarkApplicationDetails,ipcdo:TrademarkApplicationDetails,ipcdo:TrademarkApplicationDetails,Классифицировано как SAFE_PARTIAL,national-patent-office information-resource lookup; external StatusCode=02; external EndDateTime absent; external TrademarkApplicationId equality with message value,Решение Коллегии ЕЭК №92 / реестр Союза,NONE,NO,NO,Расширить валидацию после получения эталонного реестра,Local TrademarkApplicationId presence is executable; the required national-patent-office resource lookup and correspondence checks are external.,NEEDS_REFERENCE_DATA,NO,CLASSIFIERS_AND_REFERENCE_DATA,P2,"Правило в PDF есть, но полная офлайн-проверка зависит от официального справочника/классификатора. Одного текста регламента недостаточно, если нужно определить наличие кода или допустимое значение.","Получить официальный машиночитаемый классификатор/справочник, зафиксировать его версию/дату, сохранить локальный снимок и подключить его к валидатору.",Точная нормативная таблица указана в source; страницу нужно фиксировать при подключении соответствующего справочника.,Для R.IP.SP.02.002 структура и QName уже подтверждены; незакрытая часть — именно reference data.
MEDIUM,CLASSIFIERS_AND_REFERENCE_DATA,OP22,P.SP.02,P.SP.02.PRC.004,P.SP.02.TRN.025,P.SP.02.OPR.011,P.SP.02.MSG.030,REQ 13,"Table 46, п.13",,R.IP.SP.02.002,ipcdo:IPPartyDetails,ipsdo:IPPartyKindCode,ipcdo:TrademarkApplicationDetails/ipcdo:IPPartyDetails/ipsdo:IPPartyKindCode,Классифицировано как EXTERNAL,Table44 states IPPartyKindCode=AP without an unambiguous repeated owner; applying it globally would contradict explicitly permitted PA/RE roles.,Классификаторы / база данных Союза,NONE,NO,NO,Подключить машиночитаемый справочник/классификатор ЕЭК,Table44 states IPPartyKindCode=AP without an unambiguous repeated owner; applying it globally would contradict explicitly permitted PA/RE roles.,NEEDS_REFERENCE_DATA,NO,CLASSIFIERS_AND_REFERENCE_DATA,P2,"Правило в PDF есть, но полная офлайн-проверка зависит от официального справочника/классификатора. Одного текста регламента недостаточно, если нужно определить наличие кода или допустимое значение.","Получить официальный машиночитаемый классификатор/справочник, зафиксировать его версию/дату, сохранить локальный снимок и подключить его к валидатору.",Точная нормативная таблица указана в source; страницу нужно фиксировать при подключении соответствующего справочника.,Для R.IP.SP.02.002 структура и QName уже подтверждены; незакрытая часть — именно reference data.
HIGH,ENGINE_CAPABILITY_GAPS,OP22,P.SP.02,P.SP.02.PRC.004,P.SP.02.TRN.025,P.SP.02.OPR.011,P.SP.02.MSG.030,REQ 16,"Table 46, п.16",,R.IP.SP.02.002,ipcdo:IPPartyDetails,ipsdo:IPSubjectName,ipcdo:IPPartyDetails/ipsdo:IPSubjectName,Классифицировано как ENGINE_UNSUPPORTED,NONE,Движок валидации правил,conditional filtering of repeated instances,YES,NO,Добавить поддержку возможности в rules engine: Requires AP-scoped correlation to repeated IPSubjectName representation attributes.,Requires AP-scoped correlation to repeated IPSubjectName representation attributes.,FIX_NOW_CODE,YES,ENGINE_CAPABILITY_GAPS,P1,"Можно закрывать сейчас. Нормативное правило уже найдено; пробел связан не с документами, а с отсутствующей возможностью rules_engine.",Реализовать capability: conditional filtering of repeated instances; добавить положительные и отрицательные тесты.,Использовать таблицу/пункт из поля source; дополнительных внешних документов не требуется.,Исходный реестр уже помечает can_fix_without_external_docs=YES для этой категории.
HIGH,ENGINE_CAPABILITY_GAPS,OP22,P.SP.02,P.SP.02.PRC.004,P.SP.02.TRN.025,P.SP.02.OPR.011,P.SP.02.MSG.030,REQ 17,"Table 46, п.17",,R.IP.SP.02.002,ipcdo:IPPartyDetails,ipsdo:IPSubjectName,ipcdo:IPPartyDetails/ipsdo:IPSubjectName,Классифицировано как ENGINE_UNSUPPORTED,NONE,Движок валидации правил,cardinality after predicate,YES,NO,Добавить поддержку возможности в rules engine: Requires per-AP filtered cardinality over repeated IPSubjectName plus representation/language attributes.,Requires per-AP filtered cardinality over repeated IPSubjectName plus representation/language attributes.,FIX_NOW_CODE,YES,ENGINE_CAPABILITY_GAPS,P1,"Можно закрывать сейчас. Нормативное правило уже найдено; пробел связан не с документами, а с отсутствующей возможностью rules_engine.",Реализовать capability: cardinality after predicate; добавить положительные и отрицательные тесты.,Использовать таблицу/пункт из поля source; дополнительных внешних документов не требуется.,Исходный реестр уже помечает can_fix_without_external_docs=YES для этой категории.
HIGH,ENGINE_CAPABILITY_GAPS,OP22,P.SP.02,P.SP.02.PRC.004,P.SP.02.TRN.025,P.SP.02.OPR.011,P.SP.02.MSG.030,REQ 18,"Table 46, п.18",,R.IP.SP.02.002,ipcdo:IPPartyDetails,ipsdo:IPSubjectName; csdo:LanguageCode,ipcdo:IPPartyDetails/ipsdo:IPSubjectName; ipcdo:IPPartyDetails/ipsdo:IPSubjectName/csdo:LanguageCode,Классифицировано как ENGINE_UNSUPPORTED,NONE,Движок валидации правил,positional/ordinal access,YES,NO,Добавить поддержку возможности в rules engine: Requires AP-scoped languageCode=RU second-instance semantics.,Requires AP-scoped languageCode=RU second-instance semantics.,FIX_NOW_CODE,YES,ENGINE_CAPABILITY_GAPS,P1,"Можно закрывать сейчас. Нормативное правило уже найдено; пробел связан не с документами, а с отсутствующей возможностью rules_engine.",Реализовать capability: positional/ordinal access; добавить положительные и отрицательные тесты.,Использовать таблицу/пункт из поля source; дополнительных внешних документов не требуется.,Исходный реестр уже помечает can_fix_without_external_docs=YES для этой категории.
HIGH,ENGINE_CAPABILITY_GAPS,OP22,P.SP.02,P.SP.02.PRC.004,P.SP.02.TRN.025,P.SP.02.OPR.011,P.SP.02.MSG.030,REQ 19,"Table 46, п.19",,R.IP.SP.02.002,ipcdo:IPPartyDetails,ipsdo:IPSubjectName; csdo:LanguageCode,ipcdo:IPPartyDetails/ipsdo:IPSubjectName; ipcdo:IPPartyDetails/ipsdo:IPSubjectName/csdo:LanguageCode,Классифицировано как ENGINE_UNSUPPORTED,NONE,Движок валидации правил,positional/ordinal access,YES,NO,Добавить поддержку возможности в rules engine: Requires AP-scoped languageCode!=RU second-instance LA semantics.,Requires AP-scoped languageCode!=RU second-instance LA semantics.,FIX_NOW_CODE,YES,ENGINE_CAPABILITY_GAPS,P1,"Можно закрывать сейчас. Нормативное правило уже найдено; пробел связан не с документами, а с отсутствующей возможностью rules_engine.",Реализовать capability: positional/ordinal access; добавить положительные и отрицательные тесты.,Использовать таблицу/пункт из поля source; дополнительных внешних документов не требуется.,Исходный реестр уже помечает can_fix_without_external_docs=YES для этой категории.
HIGH,ENGINE_CAPABILITY_GAPS,OP22,P.SP.02,P.SP.02.PRC.004,P.SP.02.TRN.025,P.SP.02.OPR.011,P.SP.02.MSG.030,REQ 20,"Table 46, п.20",,R.IP.SP.02.002,ipcdo:IPPartyDetails,ccdo:SubjectAddressDetails; csdo:AddressKindCode,ipcdo:IPPartyDetails/ccdo:SubjectAddressDetails/csdo:AddressKindCode,Классифицировано как ENGINE_UNSUPPORTED,NONE,Движок валидации правил,conditional filtering of repeated instances,YES,NO,Добавить поддержку возможности в rules engine: Requires AP-role correlation with nested repeated SubjectAddressDetails semantics beyond the current safe selector model.,Requires AP-role correlation with nested repeated SubjectAddressDetails semantics beyond the current safe selector model.,FIX_NOW_CODE,YES,ENGINE_CAPABILITY_GAPS,P1,"Можно закрывать сейчас. Нормативное правило уже найдено; пробел связан не с документами, а с отсутствующей возможностью rules_engine.",Реализовать capability: conditional filtering of repeated instances; добавить положительные и отрицательные тесты.,Использовать таблицу/пункт из поля source; дополнительных внешних документов не требуется.,Исходный реестр уже помечает can_fix_without_external_docs=YES для этой категории.
HIGH,ENGINE_CAPABILITY_GAPS,OP22,P.SP.02,P.SP.02.PRC.004,P.SP.02.TRN.025,P.SP.02.OPR.011,P.SP.02.MSG.030,REQ 26,"Table 46, п.26",,R.IP.SP.02.002,ipcdo:TrademarkDetails,ipsdo:TrademarkKindCode; ipsdo:TrademarkKindName,ipcdo:TrademarkDetails/ipsdo:TrademarkKindCode; ipcdo:TrademarkDetails/ipsdo:TrademarkKindName,Классифицировано как ENGINE_UNSUPPORTED,NONE,Движок валидации правил,disjunction,YES,NO,Добавить поддержку возможности в rules engine: no direct OR-of-comparisons assertion result in for_each,Table44 REQ26 is explicitly TrademarkKindCode OR TrademarkKindName matching one of the listed kinds. The current evaluator cannot assert that disjunctive comparison per TrademarkDetails without streng,FIX_NOW_CODE,YES,ENGINE_CAPABILITY_GAPS,P1,"Можно закрывать сейчас. Нормативное правило уже найдено; пробел связан не с документами, а с отсутствующей возможностью rules_engine.",Реализовать capability: disjunction; добавить положительные и отрицательные тесты.,Использовать таблицу/пункт из поля source; дополнительных внешних документов не требуется.,Исходный реестр уже помечает can_fix_without_external_docs=YES для этой категории.
LOW,CLASSIFIERS_AND_REFERENCE_DATA,OP22,P.SP.02,P.SP.02.PRC.005,P.SP.02.TRN.026,P.SP.02.OPR.015,P.SP.02.MSG.031,REQ 1,"Таблица 48, п.1 (R.IP.SP.02.002)",,R.010,ipcdo:TrademarkApplicationDetails,ipcdo:TrademarkApplicationDetails; ipcdo:UnifiedRegisterRecordsDetails,ipcdo:TrademarkApplicationDetails; ipcdo:UnifiedRegisterRecordsDetails,Классифицировано как SAFE_PARTIAL,national patent office information resource,Решение Коллегии ЕЭК №92 / реестр Союза,NONE,NO,NO,Расширить валидацию после получения эталонного реестра,Local TrademarkApplicationId presence is executable; national-resource correspondence is external.,NEEDS_REFERENCE_DATA,NO,CLASSIFIERS_AND_REFERENCE_DATA,P2,"Правило в PDF есть, но полная офлайн-проверка зависит от официального справочника/классификатора. Одного текста регламента недостаточно, если нужно определить наличие кода или допустимое значение.","Получить официальный машиночитаемый классификатор/справочник, зафиксировать его версию/дату, сохранить локальный снимок и подключить его к валидатору.",Точная нормативная таблица указана в source; страницу нужно фиксировать при подключении соответствующего справочника.,Для R.IP.SP.02.002 структура и QName уже подтверждены; незакрытая часть — именно reference data.
HIGH,SOURCE_CONFLICT_RESOLUTION,OP22,P.SP.02,P.SP.02.PRC.005,P.SP.02.TRN.026,P.SP.02.OPR.015,P.SP.02.MSG.031,REQ 2,"Таблица 48, п.2 (R.IP.SP.02.002)",,R.010,ipcdo:UnifiedRegisterRecordsDetails,ipcdo:UnifiedRegisterRecordsDetails,ipcdo:UnifiedRegisterRecordsDetails,Классифицировано как SOURCE_CONFLICT,"Table48 REQ2 names a direct TrademarkId, but R.IP.SP.02.002 has no exact direct TrademarkApplicationDetails/ipsdo:TrademarkId; TrademarkId exists under GoodsBaseDetails and must not be substituted.",Нормативный источник / XSD,NONE,NO,NO,Запросить официальное разъяснение регулятора ЕЭК по конфликту таблицы и схемы,"Table48 REQ2 names a direct TrademarkId, but R.IP.SP.02.002 has no exact direct TrademarkApplicationDetails/ipsdo:TrademarkId; TrademarkId exists under GoodsBaseDetails and must not be substituted.",CONFIRMED_SOURCE_CONFLICT,NO,SOURCE_CONFLICT_RESOLUTION,P1,Конфликт подтвержден. Сейчас нельзя выбирать QName/path по догадке: бизнес-таблица и структура R.IP.SP.02.002 дают несовместимую привязку элемента.,Получить приоритетный/исправленный нормативный источник либо официальное разъяснение. До этого сохранить конфликт в реестре и не подменять отсутствующий путь похожим QName.,"ОП_22.pdf: табл. 48 REQ 2 — PDF 733; структура R.IP.SP.02.002 — табл. 10, PDF 840–928","Table48 REQ2 names a direct TrademarkId, but R.IP.SP.02.002 has no exact direct TrademarkApplicationDetails/ipsdo:TrademarkId; TrademarkId exists under GoodsBaseDetails and must not be substituted."
LOW,CLASSIFIERS_AND_REFERENCE_DATA,OP22,P.SP.02,P.SP.02.PRC.005,P.SP.02.TRN.026,P.SP.02.OPR.015,P.SP.02.MSG.031,REQ 3,"Таблица 48, п.3 (R.IP.SP.02.002)",,R.010,ipsdo:IPDocKindCode,ipsdo:IPDocKindCode; ipcdo:UnifiedRegisterRecordsDetails,ipsdo:IPDocKindCode; ipcdo:UnifiedRegisterRecordsDetails,Классифицировано как SAFE_PARTIAL,classifier of document/material kinds,Решение Коллегии ЕЭК №92 / реестр Союза,NONE,NO,NO,Расширить валидацию после получения эталонного реестра,Classifier membership and code designation are external; local mutual-exclusion fragment is safe.,NEEDS_REFERENCE_DATA,NO,CLASSIFIERS_AND_REFERENCE_DATA,P2,"Правило в PDF есть, но полная офлайн-проверка зависит от официального справочника/классификатора. Одного текста регламента недостаточно, если нужно определить наличие кода или допустимое значение.","Получить официальный машиночитаемый классификатор/справочник, зафиксировать его версию/дату, сохранить локальный снимок и подключить его к валидатору.",Точная нормативная таблица указана в source; страницу нужно фиксировать при подключении соответствующего справочника.,Для R.IP.SP.02.002 структура и QName уже подтверждены; незакрытая часть — именно reference data.
LOW,CLASSIFIERS_AND_REFERENCE_DATA,OP22,P.SP.02,P.SP.02.PRC.005,P.SP.02.TRN.026,P.SP.02.OPR.015,P.SP.02.MSG.031,REQ 4,"Таблица 48, п.4 (R.IP.SP.02.002)",,R.010,ipsdo:IPDocKindCode,ipsdo:IPDocKindCode,ipsdo:IPDocKindCode,Классифицировано как SAFE_PARTIAL,classifier of document/material kinds,Решение Коллегии ЕЭК №92 / реестр Союза,NONE,NO,NO,Расширить валидацию после получения эталонного реестра,Classifier absence is external; exact single fallback name is locally enforceable when code is absent.,NEEDS_REFERENCE_DATA,NO,CLASSIFIERS_AND_REFERENCE_DATA,P2,"Правило в PDF есть, но полная офлайн-проверка зависит от официального справочника/классификатора. Одного текста регламента недостаточно, если нужно определить наличие кода или допустимое значение.","Получить официальный машиночитаемый классификатор/справочник, зафиксировать его версию/дату, сохранить локальный снимок и подключить его к валидатору.",Точная нормативная таблица указана в source; страницу нужно фиксировать при подключении соответствующего справочника.,Для R.IP.SP.02.002 структура и QName уже подтверждены; незакрытая часть — именно reference data.
MEDIUM,SEMANTIC_CLARIFICATIONS,OP22,P.SP.02,P.SP.02.PRC.005,P.SP.02.TRN.026,P.SP.02.OPR.015,P.SP.02.MSG.031,REQ 13,"Таблица 48, п.13 (R.IP.SP.02.002)",,R.010,ipcdo:UnifiedRegisterRecordsDetails,ipcdo:UnifiedRegisterRecordsDetails; ipcdo:IPPartyDetails; ccdo:SubjectAddressDetails,ipcdo:UnifiedRegisterRecordsDetails; ipcdo:IPPartyDetails; ccdo:SubjectAddressDetails,Классифицировано как AMBIGUOUS,Original Table44 REQ13 states IPPartyKindCode=AP without an unambiguous repeated-owner/instance scope; global enforcement would conflict with PA/RE roles.,Нормативный источник / XSD,NONE,NO,NO,Уточнить нормативную формулировку сферы действия требования,Original Table44 REQ13 states IPPartyKindCode=AP without an unambiguous repeated-owner/instance scope; global enforcement would conflict with PA/RE roles.,NEEDS_NORMATIVE_CLARIFICATION,NO,SEMANTIC_CLARIFICATIONS,P2,"Не закрывать догадкой. Формулировка IPPartyKindCode=AP без явного repeated-owner scope конфликтует с последующими правилами, где допускаются отдельные экземпляры PA и RE.","Официально подтвердить область действия REQ 13: это условие для конкретного экземпляра заявителя, а не глобальный запрет других IPPartyDetails. Зафиксировать разъяснение/исправленную редакцию.",ОП_22.pdf: пример блока REQ 13–22 — PDF 515–518; точная таблица конкретной строки указана в source,REQ 13 требует AP; REQ 14 требует ровно один экземпляр IPPartyDetails с AP; REQ 21 и 22 отдельно разрешают PA и RE. Глобальная трактовка REQ 13 поэтому противоречива.
HIGH,ENGINE_CAPABILITY_GAPS,OP22,P.SP.02,P.SP.02.PRC.005,P.SP.02.TRN.026,P.SP.02.OPR.015,P.SP.02.MSG.031,REQ 16,"Таблица 48, п.16 (R.IP.SP.02.002)",,R.010,ipcdo:UnifiedRegisterRecordsDetails,ipcdo:UnifiedRegisterRecordsDetails; ipcdo:GoodsBaseDetails,ipcdo:UnifiedRegisterRecordsDetails; ipcdo:GoodsBaseDetails,Классифицировано как ENGINE_UNSUPPORTED,NONE,Движок валидации правил,cardinality after predicate,YES,NO,Добавить поддержку возможности в rules engine: missing exact nested repeated correlation/filter semantics,Original Table44 requirement needs AP-scoped correlation/cardinality across nested repeated values that the current evaluator cannot express exactly.,FIX_NOW_CODE,YES,ENGINE_CAPABILITY_GAPS,P1,"Можно закрывать сейчас. Нормативное правило уже найдено; пробел связан не с документами, а с отсутствующей возможностью rules_engine.",Реализовать capability: cardinality after predicate; добавить положительные и отрицательные тесты.,Использовать таблицу/пункт из поля source; дополнительных внешних документов не требуется.,Исходный реестр уже помечает can_fix_without_external_docs=YES для этой категории.
HIGH,ENGINE_CAPABILITY_GAPS,OP22,P.SP.02,P.SP.02.PRC.005,P.SP.02.TRN.026,P.SP.02.OPR.015,P.SP.02.MSG.031,REQ 17,"Таблица 48, п.17 (R.IP.SP.02.002)",,R.010,ipcdo:UnifiedRegisterRecordsDetails,ipcdo:UnifiedRegisterRecordsDetails; ipcdo:GoodsBaseDetails,ipcdo:UnifiedRegisterRecordsDetails; ipcdo:GoodsBaseDetails,Классифицировано как ENGINE_UNSUPPORTED,NONE,Движок валидации правил,cardinality after predicate,YES,NO,Добавить поддержку возможности в rules engine: missing exact nested repeated correlation/filter semantics,Original Table44 requirement needs AP-scoped correlation/cardinality across nested repeated values that the current evaluator cannot express exactly.,FIX_NOW_CODE,YES,ENGINE_CAPABILITY_GAPS,P1,"Можно закрывать сейчас. Нормативное правило уже найдено; пробел связан не с документами, а с отсутствующей возможностью rules_engine.",Реализовать capability: cardinality after predicate; добавить положительные и отрицательные тесты.,Использовать таблицу/пункт из поля source; дополнительных внешних документов не требуется.,Исходный реестр уже помечает can_fix_without_external_docs=YES для этой категории.
HIGH,ENGINE_CAPABILITY_GAPS,OP22,P.SP.02,P.SP.02.PRC.005,P.SP.02.TRN.026,P.SP.02.OPR.015,P.SP.02.MSG.031,REQ 18,"Таблица 48, п.18 (R.IP.SP.02.002)",,R.010,ipcdo:IPPartyDetails,ipsdo:IPSubjectName; csdo:LanguageCode,ipcdo:IPPartyDetails/ipsdo:IPSubjectName; ipcdo:IPPartyDetails/ipsdo:IPSubjectName/csdo:LanguageCode,Классифицировано как ENGINE_UNSUPPORTED,NONE,Движок валидации правил,positional/ordinal access,YES,NO,Добавить поддержку возможности в rules engine: missing exact nested repeated correlation/filter semantics,Original Table44 requirement needs AP-scoped correlation/cardinality across nested repeated values that the current evaluator cannot express exactly.,FIX_NOW_CODE,YES,ENGINE_CAPABILITY_GAPS,P1,"Можно закрывать сейчас. Нормативное правило уже найдено; пробел связан не с документами, а с отсутствующей возможностью rules_engine.",Реализовать capability: positional/ordinal access; добавить положительные и отрицательные тесты.,Использовать таблицу/пункт из поля source; дополнительных внешних документов не требуется.,Исходный реестр уже помечает can_fix_without_external_docs=YES для этой категории.
HIGH,ENGINE_CAPABILITY_GAPS,OP22,P.SP.02,P.SP.02.PRC.005,P.SP.02.TRN.026,P.SP.02.OPR.015,P.SP.02.MSG.031,REQ 19,"Таблица 48, п.19 (R.IP.SP.02.002)",,R.010,ipcdo:IPPartyDetails,ipsdo:IPSubjectName; csdo:LanguageCode,ipcdo:IPPartyDetails/ipsdo:IPSubjectName; ipcdo:IPPartyDetails/ipsdo:IPSubjectName/csdo:LanguageCode,Классифицировано как ENGINE_UNSUPPORTED,NONE,Движок валидации правил,positional/ordinal access,YES,NO,Добавить поддержку возможности в rules engine: missing exact nested repeated correlation/filter semantics,Original Table44 requirement needs AP-scoped correlation/cardinality across nested repeated values that the current evaluator cannot express exactly.,FIX_NOW_CODE,YES,ENGINE_CAPABILITY_GAPS,P1,"Можно закрывать сейчас. Нормативное правило уже найдено; пробел связан не с документами, а с отсутствующей возможностью rules_engine.",Реализовать capability: positional/ordinal access; добавить положительные и отрицательные тесты.,Использовать таблицу/пункт из поля source; дополнительных внешних документов не требуется.,Исходный реестр уже помечает can_fix_without_external_docs=YES для этой категории.
HIGH,ENGINE_CAPABILITY_GAPS,OP22,P.SP.02,P.SP.02.PRC.005,P.SP.02.TRN.026,P.SP.02.OPR.015,P.SP.02.MSG.031,REQ 20,"Таблица 48, п.20 (R.IP.SP.02.002)",,R.010,ipcdo:UnifiedRegisterRecordsDetails,ipcdo:UnifiedRegisterRecordsDetails; ipcdo:IPEntityStatusDetails,ipcdo:UnifiedRegisterRecordsDetails; ipcdo:IPEntityStatusDetails,Классифицировано как ENGINE_UNSUPPORTED,NONE,Движок валидации правил,cardinality after predicate,YES,NO,Добавить поддержку возможности в rules engine: missing exact nested repeated correlation/filter semantics,Original Table44 requirement needs AP-scoped correlation/cardinality across nested repeated values that the current evaluator cannot express exactly.,FIX_NOW_CODE,YES,ENGINE_CAPABILITY_GAPS,P1,"Можно закрывать сейчас. Нормативное правило уже найдено; пробел связан не с документами, а с отсутствующей возможностью rules_engine.",Реализовать capability: cardinality after predicate; добавить положительные и отрицательные тесты.,Использовать таблицу/пункт из поля source; дополнительных внешних документов не требуется.,Исходный реестр уже помечает can_fix_without_external_docs=YES для этой категории.
HIGH,ENGINE_CAPABILITY_GAPS,OP22,P.SP.02,P.SP.02.PRC.005,P.SP.02.TRN.026,P.SP.02.OPR.015,P.SP.02.MSG.031,REQ 26,"Таблица 48, п.26 (R.IP.SP.02.002)",,R.010,ipcdo:TrademarkDetails,ipsdo:TrademarkKindCode; ipsdo:TrademarkKindName,ipcdo:TrademarkDetails/ipsdo:TrademarkKindCode; ipcdo:TrademarkDetails/ipsdo:TrademarkKindName,Классифицировано как ENGINE_UNSUPPORTED,NONE,Движок валидации правил,disjunction,YES,NO,Добавить поддержку возможности в rules engine: no exact OR-of-comparisons assertion result inside for_each,Original Table44 REQ26 is explicitly TrademarkKindCode OR TrademarkKindName matching an allowed kind; the evaluator cannot express the per-TrademarkDetails disjunction without strengthening OR to AND.,FIX_NOW_CODE,YES,ENGINE_CAPABILITY_GAPS,P1,"Можно закрывать сейчас. Нормативное правило уже найдено; пробел связан не с документами, а с отсутствующей возможностью rules_engine.",Реализовать capability: disjunction; добавить положительные и отрицательные тесты.,Использовать таблицу/пункт из поля source; дополнительных внешних документов не требуется.,Исходный реестр уже помечает can_fix_without_external_docs=YES для этой категории.
HIGH,SOURCE_CONFLICT_RESOLUTION,OP22,P.SP.02,P.SP.02.PRC.005,P.SP.02.TRN.026,P.SP.02.OPR.015,P.SP.02.MSG.031,REQ 30,"Таблица 48, п.30 (R.IP.SP.02.002)",,R.010,ipsdo:InconsistencyText,ipsdo:InconsistencyText,ipsdo:InconsistencyText,Классифицировано как SOURCE_CONFLICT,"Table48 REQ30 assigns InconsistencyText to GoodsBaseDetails, while the StructureDefinition places ipsdo:InconsistencyText directly under TrademarkApplicationDetails.",Нормативный источник / XSD,NONE,NO,NO,Запросить официальное разъяснение регулятора ЕЭК по конфликту таблицы и схемы,"Table48 REQ30 assigns InconsistencyText to GoodsBaseDetails, while the StructureDefinition places ipsdo:InconsistencyText directly under TrademarkApplicationDetails.",CONFIRMED_SOURCE_CONFLICT,NO,SOURCE_CONFLICT_RESOLUTION,P1,Конфликт подтвержден. Сейчас нельзя выбирать QName/path по догадке: бизнес-таблица и структура R.IP.SP.02.002 дают несовместимую привязку элемента.,Получить приоритетный/исправленный нормативный источник либо официальное разъяснение. До этого сохранить конфликт в реестре и не подменять отсутствующий путь похожим QName.,ОП_22.pdf: табл. 48 REQ 30/32 — PDF 734; структура InconsistencyText — PDF 876; табл. 10 — PDF 840–928,"Table48 REQ30 assigns InconsistencyText to GoodsBaseDetails, while the StructureDefinition places ipsdo:InconsistencyText directly under TrademarkApplicationDetails."
HIGH,SOURCE_CONFLICT_RESOLUTION,OP22,P.SP.02,P.SP.02.PRC.005,P.SP.02.TRN.026,P.SP.02.OPR.015,P.SP.02.MSG.031,REQ 32,"Таблица 48, п.32 (R.IP.SP.02.002)",,R.010,ipsdo:DecisionOnComplaintText,ipsdo:DecisionOnComplaintText,ipsdo:DecisionOnComplaintText,Классифицировано как SOURCE_CONFLICT,"Table48 REQ32 forbids direct ipsdo:DecisionOnComplaintText under TrademarkApplicationDetails, but that exact path/QName is absent from the StructureDefinition.",Нормативный источник / XSD,NONE,NO,NO,Запросить официальное разъяснение регулятора ЕЭК по конфликту таблицы и схемы,"Table48 REQ32 forbids direct ipsdo:DecisionOnComplaintText under TrademarkApplicationDetails, but that exact path/QName is absent from the StructureDefinition.",CONFIRMED_SOURCE_CONFLICT,NO,SOURCE_CONFLICT_RESOLUTION,P1,Конфликт подтвержден. Сейчас нельзя выбирать QName/path по догадке: бизнес-таблица и структура R.IP.SP.02.002 дают несовместимую привязку элемента.,Получить приоритетный/исправленный нормативный источник либо официальное разъяснение. До этого сохранить конфликт в реестре и не подменять отсутствующий путь похожим QName.,ОП_22.pdf: табл. 48 REQ 30/32 — PDF 734; структура InconsistencyText — PDF 876; табл. 10 — PDF 840–928,"Table48 REQ32 forbids direct ipsdo:DecisionOnComplaintText under TrademarkApplicationDetails, but that exact path/QName is absent from the StructureDefinition."
LOW,CLASSIFIERS_AND_REFERENCE_DATA,OP22,P.SP.02,P.SP.02.PRC.005,P.SP.02.TRN.026,P.SP.02.OPR.015,P.SP.02.MSG.031,REQ 3 (Таблица 49),"Таблица 49, п.3 (R.IP.SP.02.007)",,R.010,ipsdo:IPDocKindCode,ipsdo:IPDocKindCode; ipcdo:UnifiedRegisterRecordsDetails,ipsdo:IPDocKindCode; ipcdo:UnifiedRegisterRecordsDetails,Классифицировано как SAFE_PARTIAL,national patent office information resource,Решение Коллегии ЕЭК №92 / реестр Союза,NONE,NO,NO,Расширить валидацию после получения эталонного реестра,Local TrademarkId presence is executable; uniqueness/nonexistence lookup is external.,NEEDS_REFERENCE_DATA,NO,CLASSIFIERS_AND_REFERENCE_DATA,P2,"Правило в PDF есть, но полная офлайн-проверка зависит от официального справочника/классификатора. Одного текста регламента недостаточно, если нужно определить наличие кода или допустимое значение.","Получить официальный машиночитаемый классификатор/справочник, зафиксировать его версию/дату, сохранить локальный снимок и подключить его к валидатору.",Точная нормативная таблица указана в source; страницу нужно фиксировать при подключении соответствующего справочника.,Для R.IP.SP.02.002 структура и QName уже подтверждены; незакрытая часть — именно reference data.
LOW,CLASSIFIERS_AND_REFERENCE_DATA,OP22,P.SP.02,P.SP.02.PRC.005,P.SP.02.TRN.026,P.SP.02.OPR.015,P.SP.02.MSG.031,REQ 4 (Таблица 49),"Таблица 49, п.4 (R.IP.SP.02.007)",,R.010,ipsdo:IPDocKindCode,ipsdo:IPDocKindCode,ipsdo:IPDocKindCode,Классифицировано как SAFE_PARTIAL,classifier of document/material kinds,Решение Коллегии ЕЭК №92 / реестр Союза,NONE,NO,NO,Расширить валидацию после получения эталонного реестра,Classifier membership/code designation are external; local mutual-exclusion fragment is safe.,NEEDS_REFERENCE_DATA,NO,CLASSIFIERS_AND_REFERENCE_DATA,P2,"Правило в PDF есть, но полная офлайн-проверка зависит от официального справочника/классификатора. Одного текста регламента недостаточно, если нужно определить наличие кода или допустимое значение.","Получить официальный машиночитаемый классификатор/справочник, зафиксировать его версию/дату, сохранить локальный снимок и подключить его к валидатору.",Точная нормативная таблица указана в source; страницу нужно фиксировать при подключении соответствующего справочника.,Для R.IP.SP.02.002 структура и QName уже подтверждены; незакрытая часть — именно reference data.
LOW,CLASSIFIERS_AND_REFERENCE_DATA,OP22,P.SP.02,P.SP.02.PRC.005,P.SP.02.TRN.026,P.SP.02.OPR.015,P.SP.02.MSG.031,REQ 5,"Таблица 49, п.5 (R.IP.SP.02.007)",,R.010,ipcdo:TrademarkApplicationDetails,ipcdo:TrademarkApplicationDetails; ipcdo:IPEntityStatusDetails; ipsdo:IPDocKindCode,ipcdo:TrademarkApplicationDetails; ipcdo:IPEntityStatusDetails; ipsdo:IPDocKindCode,Классифицировано как SAFE_PARTIAL,classifier of document/material kinds,Решение Коллегии ЕЭК №92 / реестр Союза,conditional IN comparison is unavailable,NO,NO,Расширить валидацию после получения эталонного реестра,Classifier absence is external and the evaluator cannot conditionally compare IPDocKindName against either of two exact literals.,NEEDS_REFERENCE_DATA,NO,CLASSIFIERS_AND_REFERENCE_DATA,P2,"Правило в PDF есть, но полная офлайн-проверка зависит от официального справочника/классификатора. Одного текста регламента недостаточно, если нужно определить наличие кода или допустимое значение.","Получить официальный машиночитаемый классификатор/справочник, зафиксировать его версию/дату, сохранить локальный снимок и подключить его к валидатору.",Точная нормативная таблица указана в source; страницу нужно фиксировать при подключении соответствующего справочника.,Для R.IP.SP.02.002 структура и QName уже подтверждены; незакрытая часть — именно reference data.
HIGH,ENGINE_CAPABILITY_GAPS,OP22,P.SP.02,P.SP.02.PRC.005,P.SP.02.TRN.026,P.SP.02.OPR.015,P.SP.02.MSG.031,REQ 18 (Таблица 49),"Таблица 49, п.18 (R.IP.SP.02.007)",,R.010,ipcdo:TrademarkDetails,ipsdo:CollectiveMarkIndicator; ipcdo:IPPartyDetails,ipcdo:TrademarkDetails/ipsdo:CollectiveMarkIndicator; ipcdo:IPPartyDetails/ipsdo:IPPartyKindCode,Классифицировано как ENGINE_UNSUPPORTED,NONE,Движок валидации правил,conditional filtering of repeated instances,YES,NO,Добавить поддержку возможности в rules engine: cross-collection conditional/correlated OR semantics unavailable,Requires a conditional cross-collection existence check from TrademarkDetails.CollectiveMarkIndicator=1 to a UE IPPartyDetails instance.,FIX_NOW_CODE,YES,ENGINE_CAPABILITY_GAPS,P1,"Можно закрывать сейчас. Нормативное правило уже найдено; пробел связан не с документами, а с отсутствующей возможностью rules_engine.",Реализовать capability: conditional filtering of repeated instances; добавить положительные и отрицательные тесты.,Использовать таблицу/пункт из поля source; дополнительных внешних документов не требуется.,Исходный реестр уже помечает can_fix_without_external_docs=YES для этой категории.
HIGH,ENGINE_CAPABILITY_GAPS,OP22,P.SP.02,P.SP.02.PRC.005,P.SP.02.TRN.026,P.SP.02.OPR.015,P.SP.02.MSG.031,REQ 19 (Таблица 49),"Таблица 49, п.19 (R.IP.SP.02.007)",,R.010,ipcdo:AccompanyingDocumentsDetails,ipsdo:IPDocKindCode; ipsdo:IPDocKindName,ipcdo:AccompanyingDocumentsDetails/ipsdo:IPDocKindCode; ipcdo:AccompanyingDocumentsDetails/ipsdo:IPDocKindName,Классифицировано как ENGINE_UNSUPPORTED,NONE,Движок валидации правил,conditional filtering of repeated instances,YES,NO,Добавить поддержку возможности в rules engine: cross-collection conditional/correlated OR semantics unavailable,Requires a conditional cross-collection AccompanyingDocumentsDetails existence check plus exact per-document IPDocKindCode OR IPDocKindName value semantics.,FIX_NOW_CODE,YES,ENGINE_CAPABILITY_GAPS,P1,"Можно закрывать сейчас. Нормативное правило уже найдено; пробел связан не с документами, а с отсутствующей возможностью rules_engine.",Реализовать capability: conditional filtering of repeated instances; добавить положительные и отрицательные тесты.,Использовать таблицу/пункт из поля source; дополнительных внешних документов не требуется.,Исходный реестр уже помечает can_fix_without_external_docs=YES для этой категории.
LOW,CLASSIFIERS_AND_REFERENCE_DATA,OP22,P.SP.02,P.SP.02.PRC.006,P.SP.02.TRN.027,P.SP.02.OPR.022,P.SP.02.MSG.032,REQ 2,"Таблица 50, п.2 (R.IP.SP.02.002)",,R.IP.SP.02.002,ipsdo:IPDocKindCode,ipsdo:IPDocKindCode,ipsdo:IPDocKindCode,Классифицировано как SAFE_PARTIAL,classifier of document/material kinds,Решение Коллегии ЕЭК №92 / реестр Союза,NONE,NO,NO,Расширить валидацию после получения эталонного реестра,Classifier availability and authoritative complaint-kind code are external; the local implication code-present => name forbidden is a necessary condition of every valid classifier-present instance.,NEEDS_REFERENCE_DATA,NO,CLASSIFIERS_AND_REFERENCE_DATA,P2,"Правило в PDF есть, но полная офлайн-проверка зависит от официального справочника/классификатора. Одного текста регламента недостаточно, если нужно определить наличие кода или допустимое значение.","Получить официальный машиночитаемый классификатор/справочник, зафиксировать его версию/дату, сохранить локальный снимок и подключить его к валидатору.",Точная нормативная таблица указана в source; страницу нужно фиксировать при подключении соответствующего справочника.,Для R.IP.SP.02.002 структура и QName уже подтверждены; незакрытая часть — именно reference data.
LOW,CLASSIFIERS_AND_REFERENCE_DATA,OP22,P.SP.02,P.SP.02.PRC.006,P.SP.02.TRN.027,P.SP.02.OPR.022,P.SP.02.MSG.032,REQ 3,"Таблица 50, п.3 (R.IP.SP.02.002)",,R.IP.SP.02.002,ipsdo:IPDocKindCode,ipsdo:IPDocKindCode,ipsdo:IPDocKindCode,Классифицировано как SAFE_PARTIAL,classifier of document/material kinds,Решение Коллегии ЕЭК №92 / реестр Союза,NONE,NO,NO,Расширить валидацию после получения эталонного реестра,Classifier absence is external; the local implication code-absent => exact fallback name is a necessary condition of every valid classifier-absent instance.,NEEDS_REFERENCE_DATA,NO,CLASSIFIERS_AND_REFERENCE_DATA,P2,"Правило в PDF есть, но полная офлайн-проверка зависит от официального справочника/классификатора. Одного текста регламента недостаточно, если нужно определить наличие кода или допустимое значение.","Получить официальный машиночитаемый классификатор/справочник, зафиксировать его версию/дату, сохранить локальный снимок и подключить его к валидатору.",Точная нормативная таблица указана в source; страницу нужно фиксировать при подключении соответствующего справочника.,Для R.IP.SP.02.002 структура и QName уже подтверждены; незакрытая часть — именно reference data.
LOW,CLASSIFIERS_AND_REFERENCE_DATA,OP22,P.SP.02,P.SP.02.PRC.006,P.SP.02.TRN.027,P.SP.02.OPR.022,P.SP.02.MSG.032,REQ 4,"Таблица 50, п.4 (R.IP.SP.02.002)",,R.IP.SP.02.002,ipcdo:TrademarkApplicationDetails,ipcdo:TrademarkApplicationDetails,ipcdo:TrademarkApplicationDetails,Классифицировано как SAFE_PARTIAL,filing-office information resource,Решение Коллегии ЕЭК №92 / реестр Союза,NONE,NO,NO,Расширить валидацию после получения эталонного реестра,"Local TrademarkApplicationId presence is independently required; resource status, EndDateTime state, and ID correspondence require the filing-office information resource.",NEEDS_REFERENCE_DATA,NO,CLASSIFIERS_AND_REFERENCE_DATA,P2,"Правило в PDF есть, но полная офлайн-проверка зависит от официального справочника/классификатора. Одного текста регламента недостаточно, если нужно определить наличие кода или допустимое значение.","Получить официальный машиночитаемый классификатор/справочник, зафиксировать его версию/дату, сохранить локальный снимок и подключить его к валидатору.",Точная нормативная таблица указана в source; страницу нужно фиксировать при подключении соответствующего справочника.,Для R.IP.SP.02.002 структура и QName уже подтверждены; незакрытая часть — именно reference data.
MEDIUM,SEMANTIC_CLARIFICATIONS,OP22,P.SP.02,P.SP.02.PRC.006,P.SP.02.TRN.027,P.SP.02.OPR.022,P.SP.02.MSG.032,REQ 13,"Таблица 50, п.13 (R.IP.SP.02.002)",,R.IP.SP.02.002,ipcdo:IPPartyDetails,ipsdo:IPPartyKindCode,ipcdo:IPPartyDetails/ipsdo:IPPartyKindCode,Классифицировано как AMBIGUOUS,Table44 REQ13 states IPPartyKindCode=AP without an unambiguous repeated IPPartyDetails instance scope; enforcing it globally would conflict with REQ21/REQ22 PA/RE roles.,Нормативный источник / XSD,NONE,NO,NO,Уточнить нормативную формулировку сферы действия требования,Table44 REQ13 states IPPartyKindCode=AP without an unambiguous repeated IPPartyDetails instance scope; enforcing it globally would conflict with REQ21/REQ22 PA/RE roles.,NEEDS_NORMATIVE_CLARIFICATION,NO,SEMANTIC_CLARIFICATIONS,P2,"Не закрывать догадкой. Формулировка IPPartyKindCode=AP без явного repeated-owner scope конфликтует с последующими правилами, где допускаются отдельные экземпляры PA и RE.","Официально подтвердить область действия REQ 13: это условие для конкретного экземпляра заявителя, а не глобальный запрет других IPPartyDetails. Зафиксировать разъяснение/исправленную редакцию.",ОП_22.pdf: пример блока REQ 13–22 — PDF 515–518; точная таблица конкретной строки указана в source,REQ 13 требует AP; REQ 14 требует ровно один экземпляр IPPartyDetails с AP; REQ 21 и 22 отдельно разрешают PA и RE. Глобальная трактовка REQ 13 поэтому противоречива.
HIGH,ENGINE_CAPABILITY_GAPS,OP22,P.SP.02,P.SP.02.PRC.006,P.SP.02.TRN.027,P.SP.02.OPR.022,P.SP.02.MSG.032,REQ 16,"Таблица 50, п.16 (R.IP.SP.02.002)",,R.IP.SP.02.002,ipcdo:IPPartyDetails,ipsdo:IPSubjectName,ipcdo:IPPartyDetails/ipsdo:IPSubjectName,Классифицировано как ENGINE_UNSUPPORTED,NONE,Движок валидации правил,cardinality after predicate,YES,NO,Добавить поддержку возможности в rules engine: missing exact nested repeated correlation/filter semantics,Table44 requirement needs AP-scoped correlation/cardinality across nested repeated IPSubjectName/address values that the current evaluator cannot express exactly.,FIX_NOW_CODE,YES,ENGINE_CAPABILITY_GAPS,P1,"Можно закрывать сейчас. Нормативное правило уже найдено; пробел связан не с документами, а с отсутствующей возможностью rules_engine.",Реализовать capability: cardinality after predicate; добавить положительные и отрицательные тесты.,Использовать таблицу/пункт из поля source; дополнительных внешних документов не требуется.,Исходный реестр уже помечает can_fix_without_external_docs=YES для этой категории.
HIGH,ENGINE_CAPABILITY_GAPS,OP22,P.SP.02,P.SP.02.PRC.006,P.SP.02.TRN.027,P.SP.02.OPR.022,P.SP.02.MSG.032,REQ 17,"Таблица 50, п.17 (R.IP.SP.02.002)",,R.IP.SP.02.002,ipcdo:IPPartyDetails,ipsdo:IPSubjectName,ipcdo:IPPartyDetails/ipsdo:IPSubjectName,Классифицировано как ENGINE_UNSUPPORTED,NONE,Движок валидации правил,cardinality after predicate,YES,NO,Добавить поддержку возможности в rules engine: missing exact nested repeated correlation/filter semantics,Table44 requirement needs AP-scoped correlation/cardinality across nested repeated IPSubjectName/address values that the current evaluator cannot express exactly.,FIX_NOW_CODE,YES,ENGINE_CAPABILITY_GAPS,P1,"Можно закрывать сейчас. Нормативное правило уже найдено; пробел связан не с документами, а с отсутствующей возможностью rules_engine.",Реализовать capability: cardinality after predicate; добавить положительные и отрицательные тесты.,Использовать таблицу/пункт из поля source; дополнительных внешних документов не требуется.,Исходный реестр уже помечает can_fix_without_external_docs=YES для этой категории.
HIGH,ENGINE_CAPABILITY_GAPS,OP22,P.SP.02,P.SP.02.PRC.006,P.SP.02.TRN.027,P.SP.02.OPR.022,P.SP.02.MSG.032,REQ 18,"Таблица 50, п.18 (R.IP.SP.02.002)",,R.IP.SP.02.002,ipcdo:IPPartyDetails,ipsdo:IPSubjectName; csdo:LanguageCode,ipcdo:IPPartyDetails/ipsdo:IPSubjectName; ipcdo:IPPartyDetails/ipsdo:IPSubjectName/csdo:LanguageCode,Классифицировано как ENGINE_UNSUPPORTED,NONE,Движок валидации правил,positional/ordinal access,YES,NO,Добавить поддержку возможности в rules engine: missing exact nested repeated correlation/filter semantics,Table44 requirement needs AP-scoped correlation/cardinality across nested repeated IPSubjectName/address values that the current evaluator cannot express exactly.,FIX_NOW_CODE,YES,ENGINE_CAPABILITY_GAPS,P1,"Можно закрывать сейчас. Нормативное правило уже найдено; пробел связан не с документами, а с отсутствующей возможностью rules_engine.",Реализовать capability: positional/ordinal access; добавить положительные и отрицательные тесты.,Использовать таблицу/пункт из поля source; дополнительных внешних документов не требуется.,Исходный реестр уже помечает can_fix_without_external_docs=YES для этой категории.
HIGH,ENGINE_CAPABILITY_GAPS,OP22,P.SP.02,P.SP.02.PRC.006,P.SP.02.TRN.027,P.SP.02.OPR.022,P.SP.02.MSG.032,REQ 19,"Таблица 50, п.19 (R.IP.SP.02.002)",,R.IP.SP.02.002,ipcdo:IPPartyDetails,ipsdo:IPSubjectName; csdo:LanguageCode,ipcdo:IPPartyDetails/ipsdo:IPSubjectName; ipcdo:IPPartyDetails/ipsdo:IPSubjectName/csdo:LanguageCode,Классифицировано как ENGINE_UNSUPPORTED,NONE,Движок валидации правил,positional/ordinal access,YES,NO,Добавить поддержку возможности в rules engine: missing exact nested repeated correlation/filter semantics,Table44 requirement needs AP-scoped correlation/cardinality across nested repeated IPSubjectName/address values that the current evaluator cannot express exactly.,FIX_NOW_CODE,YES,ENGINE_CAPABILITY_GAPS,P1,"Можно закрывать сейчас. Нормативное правило уже найдено; пробел связан не с документами, а с отсутствующей возможностью rules_engine.",Реализовать capability: positional/ordinal access; добавить положительные и отрицательные тесты.,Использовать таблицу/пункт из поля source; дополнительных внешних документов не требуется.,Исходный реестр уже помечает can_fix_without_external_docs=YES для этой категории.
HIGH,ENGINE_CAPABILITY_GAPS,OP22,P.SP.02,P.SP.02.PRC.006,P.SP.02.TRN.027,P.SP.02.OPR.022,P.SP.02.MSG.032,REQ 20,"Таблица 50, п.20 (R.IP.SP.02.002)",,R.IP.SP.02.002,ipcdo:IPPartyDetails,ccdo:SubjectAddressDetails; csdo:AddressKindCode,ipcdo:IPPartyDetails/ccdo:SubjectAddressDetails/csdo:AddressKindCode,Классифицировано как ENGINE_UNSUPPORTED,NONE,Движок валидации правил,cardinality after predicate,YES,NO,Добавить поддержку возможности в rules engine: missing exact nested repeated correlation/filter semantics,Table44 requirement needs AP-scoped correlation/cardinality across nested repeated IPSubjectName/address values that the current evaluator cannot express exactly.,FIX_NOW_CODE,YES,ENGINE_CAPABILITY_GAPS,P1,"Можно закрывать сейчас. Нормативное правило уже найдено; пробел связан не с документами, а с отсутствующей возможностью rules_engine.",Реализовать capability: cardinality after predicate; добавить положительные и отрицательные тесты.,Использовать таблицу/пункт из поля source; дополнительных внешних документов не требуется.,Исходный реестр уже помечает can_fix_without_external_docs=YES для этой категории.
HIGH,ENGINE_CAPABILITY_GAPS,OP22,P.SP.02,P.SP.02.PRC.006,P.SP.02.TRN.027,P.SP.02.OPR.022,P.SP.02.MSG.032,REQ 26,"Таблица 50, п.26 (R.IP.SP.02.002)",,R.IP.SP.02.002,ipcdo:TrademarkDetails,ipsdo:TrademarkKindCode; ipsdo:TrademarkKindName,ipcdo:TrademarkDetails/ipsdo:TrademarkKindCode; ipcdo:TrademarkDetails/ipsdo:TrademarkKindName,Классифицировано как ENGINE_UNSUPPORTED,NONE,Движок валидации правил,disjunction,YES,NO,Добавить поддержку возможности в rules engine: missing exact per-parent disjunctive field-value assertion,Table44 REQ26 normatively allows TrademarkKindCode OR TrademarkKindName to carry an allowed kind. The evaluator cannot express exact per-TrademarkDetails disjunction without strengthening OR to AND.,FIX_NOW_CODE,YES,ENGINE_CAPABILITY_GAPS,P1,"Можно закрывать сейчас. Нормативное правило уже найдено; пробел связан не с документами, а с отсутствующей возможностью rules_engine.",Реализовать capability: disjunction; добавить положительные и отрицательные тесты.,Использовать таблицу/пункт из поля source; дополнительных внешних документов не требуется.,Исходный реестр уже помечает can_fix_without_external_docs=YES для этой категории.
LOW,CLASSIFIERS_AND_REFERENCE_DATA,OP22,P.SP.02,P.SP.02.PRC.007,P.SP.02.TRN.028,P.SP.02.OPR.025,P.SP.02.MSG.033,REQ 3,"Таблица 51, п.3 (R.IP.SP.02.002)",,R.IP.SP.02.002,ipsdo:IPDocKindCode,ipsdo:IPDocKindCode,ipsdo:IPDocKindCode,Классифицировано как SAFE_PARTIAL,classifier of document/material kinds,Решение Коллегии ЕЭК №92 / реестр Союза,NONE,NO,NO,Расширить валидацию после получения эталонного реестра,Classifier availability and the authoritative document-kind code are external; code-present => name forbidden is a necessary local condition of every valid classifier-present instance.,NEEDS_REFERENCE_DATA,NO,CLASSIFIERS_AND_REFERENCE_DATA,P2,"Правило в PDF есть, но полная офлайн-проверка зависит от официального справочника/классификатора. Одного текста регламента недостаточно, если нужно определить наличие кода или допустимое значение.","Получить официальный машиночитаемый классификатор/справочник, зафиксировать его версию/дату, сохранить локальный снимок и подключить его к валидатору.",Точная нормативная таблица указана в source; страницу нужно фиксировать при подключении соответствующего справочника.,Для R.IP.SP.02.002 структура и QName уже подтверждены; незакрытая часть — именно reference data.
LOW,CLASSIFIERS_AND_REFERENCE_DATA,OP22,P.SP.02,P.SP.02.PRC.007,P.SP.02.TRN.028,P.SP.02.OPR.025,P.SP.02.MSG.033,REQ 4,"Таблица 51, п.4 (R.IP.SP.02.002)",,R.IP.SP.02.002,ipsdo:IPDocKindCode,ipsdo:IPDocKindCode,ipsdo:IPDocKindCode,Классифицировано как SAFE_PARTIAL,classifier of document/material kinds,Решение Коллегии ЕЭК №92 / реестр Союза,NONE,NO,NO,Расширить валидацию после получения эталонного реестра,Classifier absence is external; code-absent => exact fallback name is a necessary local condition of every valid classifier-absent instance.,NEEDS_REFERENCE_DATA,NO,CLASSIFIERS_AND_REFERENCE_DATA,P2,"Правило в PDF есть, но полная офлайн-проверка зависит от официального справочника/классификатора. Одного текста регламента недостаточно, если нужно определить наличие кода или допустимое значение.","Получить официальный машиночитаемый классификатор/справочник, зафиксировать его версию/дату, сохранить локальный снимок и подключить его к валидатору.",Точная нормативная таблица указана в source; страницу нужно фиксировать при подключении соответствующего справочника.,Для R.IP.SP.02.002 структура и QName уже подтверждены; незакрытая часть — именно reference data.
LOW,CLASSIFIERS_AND_REFERENCE_DATA,OP22,P.SP.02,P.SP.02.PRC.007,P.SP.02.TRN.028,P.SP.02.OPR.025,P.SP.02.MSG.033,REQ 5,"Таблица 51, п.5 (R.IP.SP.02.002)",,R.IP.SP.02.002,ipcdo:TrademarkApplicationDetails,ipcdo:TrademarkApplicationDetails,ipcdo:TrademarkApplicationDetails,Классифицировано как SAFE_PARTIAL,filing-office information resource,Решение Коллегии ЕЭК №92 / реестр Союза,NONE,NO,NO,Расширить валидацию после получения эталонного реестра,"Local TrademarkApplicationId presence is independently required; record existence, resource status/end-date state, and ID correspondence require the filing-office information resource.",NEEDS_REFERENCE_DATA,NO,CLASSIFIERS_AND_REFERENCE_DATA,P2,"Правило в PDF есть, но полная офлайн-проверка зависит от официального справочника/классификатора. Одного текста регламента недостаточно, если нужно определить наличие кода или допустимое значение.","Получить официальный машиночитаемый классификатор/справочник, зафиксировать его версию/дату, сохранить локальный снимок и подключить его к валидатору.",Точная нормативная таблица указана в source; страницу нужно фиксировать при подключении соответствующего справочника.,Для R.IP.SP.02.002 структура и QName уже подтверждены; незакрытая часть — именно reference data.
MEDIUM,SEMANTIC_CLARIFICATIONS,OP22,P.SP.02,P.SP.02.PRC.007,P.SP.02.TRN.028,P.SP.02.OPR.025,P.SP.02.MSG.033,REQ 13,"Таблица 51, п.13 (R.IP.SP.02.002)",,R.IP.SP.02.002,ipcdo:IPPartyDetails,ipsdo:IPPartyKindCode,ipcdo:IPPartyDetails/ipsdo:IPPartyKindCode,Классифицировано как AMBIGUOUS,Table44 REQ13 states IPPartyKindCode=AP without an unambiguous repeated IPPartyDetails instance scope; enforcing it globally would conflict with REQ21/REQ22 PA/RE roles.,Нормативный источник / XSD,NONE,NO,NO,Уточнить нормативную формулировку сферы действия требования,Table44 REQ13 states IPPartyKindCode=AP without an unambiguous repeated IPPartyDetails instance scope; enforcing it globally would conflict with REQ21/REQ22 PA/RE roles.,NEEDS_NORMATIVE_CLARIFICATION,NO,SEMANTIC_CLARIFICATIONS,P2,"Не закрывать догадкой. Формулировка IPPartyKindCode=AP без явного repeated-owner scope конфликтует с последующими правилами, где допускаются отдельные экземпляры PA и RE.","Официально подтвердить область действия REQ 13: это условие для конкретного экземпляра заявителя, а не глобальный запрет других IPPartyDetails. Зафиксировать разъяснение/исправленную редакцию.",ОП_22.pdf: пример блока REQ 13–22 — PDF 515–518; точная таблица конкретной строки указана в source,REQ 13 требует AP; REQ 14 требует ровно один экземпляр IPPartyDetails с AP; REQ 21 и 22 отдельно разрешают PA и RE. Глобальная трактовка REQ 13 поэтому противоречива.
HIGH,ENGINE_CAPABILITY_GAPS,OP22,P.SP.02,P.SP.02.PRC.007,P.SP.02.TRN.028,P.SP.02.OPR.025,P.SP.02.MSG.033,REQ 16,"Таблица 51, п.16 (R.IP.SP.02.002)",,R.IP.SP.02.002,ipcdo:IPPartyDetails,ipsdo:IPSubjectName,ipcdo:IPPartyDetails/ipsdo:IPSubjectName,Классифицировано как ENGINE_UNSUPPORTED,NONE,Движок валидации правил,cardinality after predicate,YES,NO,Добавить поддержку возможности в rules engine: missing exact nested repeated correlation/filter semantics,Table44 requirement needs AP-scoped correlation/cardinality across nested repeated IPSubjectName/address values that the current evaluator cannot express exactly.,FIX_NOW_CODE,YES,ENGINE_CAPABILITY_GAPS,P1,"Можно закрывать сейчас. Нормативное правило уже найдено; пробел связан не с документами, а с отсутствующей возможностью rules_engine.",Реализовать capability: cardinality after predicate; добавить положительные и отрицательные тесты.,Использовать таблицу/пункт из поля source; дополнительных внешних документов не требуется.,Исходный реестр уже помечает can_fix_without_external_docs=YES для этой категории.
HIGH,ENGINE_CAPABILITY_GAPS,OP22,P.SP.02,P.SP.02.PRC.007,P.SP.02.TRN.028,P.SP.02.OPR.025,P.SP.02.MSG.033,REQ 17,"Таблица 51, п.17 (R.IP.SP.02.002)",,R.IP.SP.02.002,ipcdo:IPPartyDetails,ipsdo:IPSubjectName,ipcdo:IPPartyDetails/ipsdo:IPSubjectName,Классифицировано как ENGINE_UNSUPPORTED,NONE,Движок валидации правил,cardinality after predicate,YES,NO,Добавить поддержку возможности в rules engine: missing exact nested repeated correlation/filter semantics,Table44 requirement needs AP-scoped correlation/cardinality across nested repeated IPSubjectName/address values that the current evaluator cannot express exactly.,FIX_NOW_CODE,YES,ENGINE_CAPABILITY_GAPS,P1,"Можно закрывать сейчас. Нормативное правило уже найдено; пробел связан не с документами, а с отсутствующей возможностью rules_engine.",Реализовать capability: cardinality after predicate; добавить положительные и отрицательные тесты.,Использовать таблицу/пункт из поля source; дополнительных внешних документов не требуется.,Исходный реестр уже помечает can_fix_without_external_docs=YES для этой категории.
HIGH,ENGINE_CAPABILITY_GAPS,OP22,P.SP.02,P.SP.02.PRC.007,P.SP.02.TRN.028,P.SP.02.OPR.025,P.SP.02.MSG.033,REQ 18,"Таблица 51, п.18 (R.IP.SP.02.002)",,R.IP.SP.02.002,ipcdo:IPPartyDetails,ipsdo:IPSubjectName; csdo:LanguageCode,ipcdo:IPPartyDetails/ipsdo:IPSubjectName; ipcdo:IPPartyDetails/ipsdo:IPSubjectName/csdo:LanguageCode,Классифицировано как ENGINE_UNSUPPORTED,NONE,Движок валидации правил,positional/ordinal access,YES,NO,Добавить поддержку возможности в rules engine: missing exact nested repeated correlation/filter semantics,Table44 requirement needs AP-scoped correlation/cardinality across nested repeated IPSubjectName/address values that the current evaluator cannot express exactly.,FIX_NOW_CODE,YES,ENGINE_CAPABILITY_GAPS,P1,"Можно закрывать сейчас. Нормативное правило уже найдено; пробел связан не с документами, а с отсутствующей возможностью rules_engine.",Реализовать capability: positional/ordinal access; добавить положительные и отрицательные тесты.,Использовать таблицу/пункт из поля source; дополнительных внешних документов не требуется.,Исходный реестр уже помечает can_fix_without_external_docs=YES для этой категории.
HIGH,ENGINE_CAPABILITY_GAPS,OP22,P.SP.02,P.SP.02.PRC.007,P.SP.02.TRN.028,P.SP.02.OPR.025,P.SP.02.MSG.033,REQ 19,"Таблица 51, п.19 (R.IP.SP.02.002)",,R.IP.SP.02.002,ipcdo:IPPartyDetails,ipsdo:IPSubjectName; csdo:LanguageCode,ipcdo:IPPartyDetails/ipsdo:IPSubjectName; ipcdo:IPPartyDetails/ipsdo:IPSubjectName/csdo:LanguageCode,Классифицировано как ENGINE_UNSUPPORTED,NONE,Движок валидации правил,positional/ordinal access,YES,NO,Добавить поддержку возможности в rules engine: missing exact nested repeated correlation/filter semantics,Table44 requirement needs AP-scoped correlation/cardinality across nested repeated IPSubjectName/address values that the current evaluator cannot express exactly.,FIX_NOW_CODE,YES,ENGINE_CAPABILITY_GAPS,P1,"Можно закрывать сейчас. Нормативное правило уже найдено; пробел связан не с документами, а с отсутствующей возможностью rules_engine.",Реализовать capability: positional/ordinal access; добавить положительные и отрицательные тесты.,Использовать таблицу/пункт из поля source; дополнительных внешних документов не требуется.,Исходный реестр уже помечает can_fix_without_external_docs=YES для этой категории.
HIGH,ENGINE_CAPABILITY_GAPS,OP22,P.SP.02,P.SP.02.PRC.007,P.SP.02.TRN.028,P.SP.02.OPR.025,P.SP.02.MSG.033,REQ 20,"Таблица 51, п.20 (R.IP.SP.02.002)",,R.IP.SP.02.002,ipcdo:IPPartyDetails,ccdo:SubjectAddressDetails; csdo:AddressKindCode,ipcdo:IPPartyDetails/ccdo:SubjectAddressDetails/csdo:AddressKindCode,Классифицировано как ENGINE_UNSUPPORTED,NONE,Движок валидации правил,cardinality after predicate,YES,NO,Добавить поддержку возможности в rules engine: missing exact nested repeated correlation/filter semantics,Table44 requirement needs AP-scoped correlation/cardinality across nested repeated IPSubjectName/address values that the current evaluator cannot express exactly.,FIX_NOW_CODE,YES,ENGINE_CAPABILITY_GAPS,P1,"Можно закрывать сейчас. Нормативное правило уже найдено; пробел связан не с документами, а с отсутствующей возможностью rules_engine.",Реализовать capability: cardinality after predicate; добавить положительные и отрицательные тесты.,Использовать таблицу/пункт из поля source; дополнительных внешних документов не требуется.,Исходный реестр уже помечает can_fix_without_external_docs=YES для этой категории.
HIGH,ENGINE_CAPABILITY_GAPS,OP22,P.SP.02,P.SP.02.PRC.007,P.SP.02.TRN.028,P.SP.02.OPR.025,P.SP.02.MSG.033,REQ 26,"Таблица 51, п.26 (R.IP.SP.02.002)",,R.IP.SP.02.002,ipcdo:TrademarkDetails,ipsdo:TrademarkKindCode; ipsdo:TrademarkKindName,ipcdo:TrademarkDetails/ipsdo:TrademarkKindCode; ipcdo:TrademarkDetails/ipsdo:TrademarkKindName,Классифицировано как ENGINE_UNSUPPORTED,NONE,Движок валидации правил,disjunction,YES,NO,Добавить поддержку возможности в rules engine: missing exact per-parent disjunctive field-value assertion,Table44 REQ26 normatively allows TrademarkKindCode OR TrademarkKindName to carry an allowed kind. The evaluator cannot express exact per-TrademarkDetails disjunction without strengthening OR to AND.,FIX_NOW_CODE,YES,ENGINE_CAPABILITY_GAPS,P1,"Можно закрывать сейчас. Нормативное правило уже найдено; пробел связан не с документами, а с отсутствующей возможностью rules_engine.",Реализовать capability: disjunction; добавить положительные и отрицательные тесты.,Использовать таблицу/пункт из поля source; дополнительных внешних документов не требуется.,Исходный реестр уже помечает can_fix_without_external_docs=YES для этой категории.
LOW,CLASSIFIERS_AND_REFERENCE_DATA,OP22,P.SP.02,P.SP.02.PRC.010,P.SP.02.TRN.029,P.SP.02.OPR.037,P.SP.02.MSG.034,REQ 2,"Таблица 52, п.2 (R.IP.SP.02.002)",,R.IP.SP.02.002,ipcdo:TrademarkApplicationDetails,ipsdo:IPDocKindCode,ipcdo:TrademarkApplicationDetails/ipsdo:IPDocKindCode,Классифицировано как SAFE_PARTIAL,classifier of document/material kinds,Решение Коллегии ЕЭК №92 / реестр Союза,NONE,NO,NO,Расширить валидацию после получения эталонного реестра,Classifier presence and authoritative code lookup are external; code-present => same-parent name forbidden is a necessary local consequence.,NEEDS_REFERENCE_DATA,NO,CLASSIFIERS_AND_REFERENCE_DATA,P2,"Правило в PDF есть, но полная офлайн-проверка зависит от официального справочника/классификатора. Одного текста регламента недостаточно, если нужно определить наличие кода или допустимое значение.","Получить официальный машиночитаемый классификатор/справочник, зафиксировать его версию/дату, сохранить локальный снимок и подключить его к валидатору.",Точная нормативная таблица указана в source; страницу нужно фиксировать при подключении соответствующего справочника.,Для R.IP.SP.02.002 структура и QName уже подтверждены; незакрытая часть — именно reference data.
LOW,CLASSIFIERS_AND_REFERENCE_DATA,OP22,P.SP.02,P.SP.02.PRC.010,P.SP.02.TRN.029,P.SP.02.OPR.037,P.SP.02.MSG.034,REQ 3,"Таблица 52, п.3 (R.IP.SP.02.002)",,R.IP.SP.02.002,ipcdo:TrademarkApplicationDetails,ipsdo:IPDocKindCode,ipcdo:TrademarkApplicationDetails/ipsdo:IPDocKindCode,Классифицировано как SAFE_PARTIAL,classifier of document/material kinds,Решение Коллегии ЕЭК №92 / реестр Союза,NONE,NO,NO,Расширить валидацию после получения эталонного реестра,Classifier absence is external; code-absent => exact normative fallback name is a necessary local consequence.,NEEDS_REFERENCE_DATA,NO,CLASSIFIERS_AND_REFERENCE_DATA,P2,"Правило в PDF есть, но полная офлайн-проверка зависит от официального справочника/классификатора. Одного текста регламента недостаточно, если нужно определить наличие кода или допустимое значение.","Получить официальный машиночитаемый классификатор/справочник, зафиксировать его версию/дату, сохранить локальный снимок и подключить его к валидатору.",Точная нормативная таблица указана в source; страницу нужно фиксировать при подключении соответствующего справочника.,Для R.IP.SP.02.002 структура и QName уже подтверждены; незакрытая часть — именно reference data.
LOW,CLASSIFIERS_AND_REFERENCE_DATA,OP22,P.SP.02,P.SP.02.PRC.010,P.SP.02.TRN.029,P.SP.02.OPR.037,P.SP.02.MSG.034,REQ 4,"Таблица 52, п.4 (R.IP.SP.02.002)",,R.IP.SP.02.002,ipcdo:TrademarkApplicationDetails,ipsdo:TrademarkApplicationId,ipcdo:TrademarkApplicationDetails/ipsdo:TrademarkApplicationId,Классифицировано как SAFE_PARTIAL,national patent-office application information resource,Решение Коллегии ЕЭК №92 / реестр Союза,NONE,NO,NO,Расширить валидацию после получения эталонного реестра,"TrademarkApplicationId presence is independently required locally; record status, EndDateTime state and ID correspondence require the national patent-office resource.",NEEDS_REFERENCE_DATA,NO,CLASSIFIERS_AND_REFERENCE_DATA,P2,"Правило в PDF есть, но полная офлайн-проверка зависит от официального справочника/классификатора. Одного текста регламента недостаточно, если нужно определить наличие кода или допустимое значение.","Получить официальный машиночитаемый классификатор/справочник, зафиксировать его версию/дату, сохранить локальный снимок и подключить его к валидатору.",Точная нормативная таблица указана в source; страницу нужно фиксировать при подключении соответствующего справочника.,Для R.IP.SP.02.002 структура и QName уже подтверждены; незакрытая часть — именно reference data.
MEDIUM,SEMANTIC_CLARIFICATIONS,OP22,P.SP.02,P.SP.02.PRC.010,P.SP.02.TRN.029,P.SP.02.OPR.037,P.SP.02.MSG.034,REQ 13,"Таблица 52/44, п.13 (R.IP.SP.02.002)",,R.IP.SP.02.002,ipcdo:TrademarkApplicationDetails/ipcdo:IPPartyDetails,ipsdo:IPPartyKindCode,ipcdo:TrademarkApplicationDetails/ipcdo:IPPartyDetails/ipsdo:IPPartyKindCode,Классифицировано как AMBIGUOUS,"The standalone AP value statement does not identify an exact repeated IPPartyDetails owner/instance scope, while later requirements explicitly permit PA and RE roles.",Нормативный источник / XSD,NONE,NO,NO,Уточнить нормативную формулировку сферы действия требования,"The standalone AP value statement does not identify an exact repeated IPPartyDetails owner/instance scope, while later requirements explicitly permit PA and RE roles.",NEEDS_NORMATIVE_CLARIFICATION,NO,SEMANTIC_CLARIFICATIONS,P2,"Не закрывать догадкой. Формулировка IPPartyKindCode=AP без явного repeated-owner scope конфликтует с последующими правилами, где допускаются отдельные экземпляры PA и RE.","Официально подтвердить область действия REQ 13: это условие для конкретного экземпляра заявителя, а не глобальный запрет других IPPartyDetails. Зафиксировать разъяснение/исправленную редакцию.",ОП_22.pdf: пример блока REQ 13–22 — PDF 515–518; точная таблица конкретной строки указана в source,REQ 13 требует AP; REQ 14 требует ровно один экземпляр IPPartyDetails с AP; REQ 21 и 22 отдельно разрешают PA и RE. Глобальная трактовка REQ 13 поэтому противоречива.
HIGH,ENGINE_CAPABILITY_GAPS,OP22,P.SP.02,P.SP.02.PRC.010,P.SP.02.TRN.029,P.SP.02.OPR.037,P.SP.02.MSG.034,REQ 16,"Таблица 52/44, п.16 (R.IP.SP.02.002)",,R.IP.SP.02.002,ipcdo:TrademarkApplicationDetails/ipcdo:IPPartyDetails/ipsdo:IPSubjectName,@nameRepresentationKindCode,ipcdo:TrademarkApplicationDetails/ipcdo:IPPartyDetails/ipsdo:IPSubjectName/@nameRepresentationKindCode,Классифицировано как ENGINE_UNSUPPORTED,NONE,Движок валидации правил,cardinality after predicate,YES,NO,Добавить поддержку возможности в rules engine: missing exact nested repeated correlation/filter semantics for AP-scoped IPSubjectName/address rules,Table44 requirement needs AP-scoped correlation/cardinality across nested repeated IPSubjectName/address values that the current evaluator cannot express exactly.,FIX_NOW_CODE,YES,ENGINE_CAPABILITY_GAPS,P1,"Можно закрывать сейчас. Нормативное правило уже найдено; пробел связан не с документами, а с отсутствующей возможностью rules_engine.",Реализовать capability: cardinality after predicate; добавить положительные и отрицательные тесты.,Использовать таблицу/пункт из поля source; дополнительных внешних документов не требуется.,Исходный реестр уже помечает can_fix_without_external_docs=YES для этой категории.
HIGH,ENGINE_CAPABILITY_GAPS,OP22,P.SP.02,P.SP.02.PRC.010,P.SP.02.TRN.029,P.SP.02.OPR.037,P.SP.02.MSG.034,REQ 17,"Таблица 52/44, п.17 (R.IP.SP.02.002)",,R.IP.SP.02.002,ipcdo:TrademarkApplicationDetails/ipcdo:IPPartyDetails,ipsdo:IPSubjectName,ipcdo:TrademarkApplicationDetails/ipcdo:IPPartyDetails/ipsdo:IPSubjectName,Классифицировано как ENGINE_UNSUPPORTED,NONE,Движок валидации правил,cardinality after predicate,YES,NO,Добавить поддержку возможности в rules engine: missing exact nested repeated correlation/filter semantics for AP-scoped IPSubjectName/address rules,Table44 requirement needs AP-scoped correlation/cardinality across nested repeated IPSubjectName/address values that the current evaluator cannot express exactly.,FIX_NOW_CODE,YES,ENGINE_CAPABILITY_GAPS,P1,"Можно закрывать сейчас. Нормативное правило уже найдено; пробел связан не с документами, а с отсутствующей возможностью rules_engine.",Реализовать capability: cardinality after predicate; добавить положительные и отрицательные тесты.,Использовать таблицу/пункт из поля source; дополнительных внешних документов не требуется.,Исходный реестр уже помечает can_fix_without_external_docs=YES для этой категории.
HIGH,ENGINE_CAPABILITY_GAPS,OP22,P.SP.02,P.SP.02.PRC.010,P.SP.02.TRN.029,P.SP.02.OPR.037,P.SP.02.MSG.034,REQ 18,"Таблица 52/44, п.18 (R.IP.SP.02.002)",,R.IP.SP.02.002,ipcdo:TrademarkApplicationDetails/ipcdo:IPPartyDetails,ipsdo:IPSubjectName,ipcdo:TrademarkApplicationDetails/ipcdo:IPPartyDetails/ipsdo:IPSubjectName,Классифицировано как ENGINE_UNSUPPORTED,NONE,Движок валидации правил,positional/ordinal access,YES,NO,Добавить поддержку возможности в rules engine: missing exact nested repeated correlation/filter semantics for AP-scoped IPSubjectName/address rules,Table44 requirement needs AP-scoped correlation/cardinality across nested repeated IPSubjectName/address values that the current evaluator cannot express exactly.,FIX_NOW_CODE,YES,ENGINE_CAPABILITY_GAPS,P1,"Можно закрывать сейчас. Нормативное правило уже найдено; пробел связан не с документами, а с отсутствующей возможностью rules_engine.",Реализовать capability: positional/ordinal access; добавить положительные и отрицательные тесты.,Использовать таблицу/пункт из поля source; дополнительных внешних документов не требуется.,Исходный реестр уже помечает can_fix_without_external_docs=YES для этой категории.
HIGH,ENGINE_CAPABILITY_GAPS,OP22,P.SP.02,P.SP.02.PRC.010,P.SP.02.TRN.029,P.SP.02.OPR.037,P.SP.02.MSG.034,REQ 19,"Таблица 52/44, п.19 (R.IP.SP.02.002)",,R.IP.SP.02.002,ipcdo:TrademarkApplicationDetails/ipcdo:IPPartyDetails,ipsdo:IPSubjectName,ipcdo:TrademarkApplicationDetails/ipcdo:IPPartyDetails/ipsdo:IPSubjectName,Классифицировано как ENGINE_UNSUPPORTED,NONE,Движок валидации правил,positional/ordinal access,YES,NO,Добавить поддержку возможности в rules engine: missing exact nested repeated correlation/filter semantics for AP-scoped IPSubjectName/address rules,Table44 requirement needs AP-scoped correlation/cardinality across nested repeated IPSubjectName/address values that the current evaluator cannot express exactly.,FIX_NOW_CODE,YES,ENGINE_CAPABILITY_GAPS,P1,"Можно закрывать сейчас. Нормативное правило уже найдено; пробел связан не с документами, а с отсутствующей возможностью rules_engine.",Реализовать capability: positional/ordinal access; добавить положительные и отрицательные тесты.,Использовать таблицу/пункт из поля source; дополнительных внешних документов не требуется.,Исходный реестр уже помечает can_fix_without_external_docs=YES для этой категории.
HIGH,ENGINE_CAPABILITY_GAPS,OP22,P.SP.02,P.SP.02.PRC.010,P.SP.02.TRN.029,P.SP.02.OPR.037,P.SP.02.MSG.034,REQ 20,"Таблица 52/44, п.20 (R.IP.SP.02.002)",,R.IP.SP.02.002,ipcdo:TrademarkApplicationDetails/ipcdo:IPPartyDetails/ccdo:SubjectAddressDetails,csdo:AddressKindCode,ipcdo:TrademarkApplicationDetails/ipcdo:IPPartyDetails/ccdo:SubjectAddressDetails/csdo:AddressKindCode,Классифицировано как ENGINE_UNSUPPORTED,NONE,Движок валидации правил,cardinality after predicate,YES,NO,Добавить поддержку возможности в rules engine: missing exact nested repeated correlation/filter semantics for AP-scoped IPSubjectName/address rules,Table44 requirement needs AP-scoped correlation/cardinality across nested repeated IPSubjectName/address values that the current evaluator cannot express exactly.,FIX_NOW_CODE,YES,ENGINE_CAPABILITY_GAPS,P1,"Можно закрывать сейчас. Нормативное правило уже найдено; пробел связан не с документами, а с отсутствующей возможностью rules_engine.",Реализовать capability: cardinality after predicate; добавить положительные и отрицательные тесты.,Использовать таблицу/пункт из поля source; дополнительных внешних документов не требуется.,Исходный реестр уже помечает can_fix_without_external_docs=YES для этой категории.
HIGH,ENGINE_CAPABILITY_GAPS,OP22,P.SP.02,P.SP.02.PRC.010,P.SP.02.TRN.029,P.SP.02.OPR.037,P.SP.02.MSG.034,REQ 26,"Таблица 52/44, п.26 (R.IP.SP.02.002)",,R.IP.SP.02.002,ipcdo:TrademarkApplicationDetails/ipcdo:TrademarkDetails,ipsdo:TrademarkKindCode,ipcdo:TrademarkApplicationDetails/ipcdo:TrademarkDetails/ipsdo:TrademarkKindCode,Классифицировано как ENGINE_UNSUPPORTED,NONE,Движок валидации правил,disjunction,YES,NO,Добавить поддержку возможности в rules engine: missing exact per-parent disjunctive field-value assertion,Table 44 uses TrademarkKindCode OR TrademarkKindName allowed-value semantics; current evaluator lacks a standalone per-TrademarkDetails logical assertion for disjunctive membership without relying on ,FIX_NOW_CODE,YES,ENGINE_CAPABILITY_GAPS,P1,"Можно закрывать сейчас. Нормативное правило уже найдено; пробел связан не с документами, а с отсутствующей возможностью rules_engine.",Реализовать capability: disjunction; добавить положительные и отрицательные тесты.,Использовать таблицу/пункт из поля source; дополнительных внешних документов не требуется.,Исходный реестр уже помечает can_fix_without_external_docs=YES для этой категории.
LOW,CLASSIFIERS_AND_REFERENCE_DATA,OP22,P.SP.02,P.SP.02.PRC.011,P.SP.02.TRN.030,P.SP.02.OPR.044,P.SP.02.MSG.035,REQ 2,"Таблица 53, п.2 (R.IP.SP.02.002)",,R.IP.SP.02.002,ipcdo:TrademarkApplicationDetails,ipsdo:IPDocKindCode,ipcdo:TrademarkApplicationDetails/ipsdo:IPDocKindCode,Классифицировано как SAFE_PARTIAL,classifier of document/material kinds,Решение Коллегии ЕЭК №92 / реестр Союза,NONE,NO,NO,Расширить валидацию после получения эталонного реестра,Authoritative classifier membership and code-to-literal correspondence are external; direct application-level IPDocKindCode presence is the safe local fragment.,NEEDS_REFERENCE_DATA,NO,CLASSIFIERS_AND_REFERENCE_DATA,P2,"Правило в PDF есть, но полная офлайн-проверка зависит от официального справочника/классификатора. Одного текста регламента недостаточно, если нужно определить наличие кода или допустимое значение.","Получить официальный машиночитаемый классификатор/справочник, зафиксировать его версию/дату, сохранить локальный снимок и подключить его к валидатору.",Точная нормативная таблица указана в source; страницу нужно фиксировать при подключении соответствующего справочника.,Для R.IP.SP.02.002 структура и QName уже подтверждены; незакрытая часть — именно reference data.
LOW,CLASSIFIERS_AND_REFERENCE_DATA,OP22,P.SP.02,P.SP.02.PRC.011,P.SP.02.TRN.030,P.SP.02.OPR.044,P.SP.02.MSG.035,REQ 3,"Таблица 53, п.3 (R.IP.SP.02.002)",,R.IP.SP.02.002,ipcdo:TrademarkApplicationDetails,ipsdo:TrademarkApplicationId,ipcdo:TrademarkApplicationDetails/ipsdo:TrademarkApplicationId,Классифицировано как SAFE_PARTIAL,filing-office application information resource,Решение Коллегии ЕЭК №92 / реестр Союза,NONE,NO,NO,Расширить валидацию после получения эталонного реестра,External filing-office record state and identifier correspondence are not locally executable; direct application-level TrademarkApplicationId presence is safe.,NEEDS_REFERENCE_DATA,NO,CLASSIFIERS_AND_REFERENCE_DATA,P2,"Правило в PDF есть, но полная офлайн-проверка зависит от официального справочника/классификатора. Одного текста регламента недостаточно, если нужно определить наличие кода или допустимое значение.","Получить официальный машиночитаемый классификатор/справочник, зафиксировать его версию/дату, сохранить локальный снимок и подключить его к валидатору.",Точная нормативная таблица указана в source; страницу нужно фиксировать при подключении соответствующего справочника.,Для R.IP.SP.02.002 структура и QName уже подтверждены; незакрытая часть — именно reference data.
MEDIUM,SEMANTIC_CLARIFICATIONS,OP22,P.SP.02,P.SP.02.PRC.011,P.SP.02.TRN.030,P.SP.02.OPR.044,P.SP.02.MSG.035,REQ 13,"Таблица 53/44, п.13 (R.IP.SP.02.002)",,R.IP.SP.02.002,ipcdo:TrademarkApplicationDetails/ipcdo:IPPartyDetails,ipsdo:IPPartyKindCode,ipcdo:TrademarkApplicationDetails/ipcdo:IPPartyDetails/ipsdo:IPPartyKindCode,Классифицировано как AMBIGUOUS,"The standalone AP value statement does not identify an exact repeated IPPartyDetails owner/instance scope, while later requirements explicitly permit PA and RE roles.",Нормативный источник / XSD,NONE,NO,NO,Уточнить нормативную формулировку сферы действия требования,"The standalone AP value statement does not identify an exact repeated IPPartyDetails owner/instance scope, while later requirements explicitly permit PA and RE roles.",NEEDS_NORMATIVE_CLARIFICATION,NO,SEMANTIC_CLARIFICATIONS,P2,"Не закрывать догадкой. Формулировка IPPartyKindCode=AP без явного repeated-owner scope конфликтует с последующими правилами, где допускаются отдельные экземпляры PA и RE.","Официально подтвердить область действия REQ 13: это условие для конкретного экземпляра заявителя, а не глобальный запрет других IPPartyDetails. Зафиксировать разъяснение/исправленную редакцию.",ОП_22.pdf: пример блока REQ 13–22 — PDF 515–518; точная таблица конкретной строки указана в source,REQ 13 требует AP; REQ 14 требует ровно один экземпляр IPPartyDetails с AP; REQ 21 и 22 отдельно разрешают PA и RE. Глобальная трактовка REQ 13 поэтому противоречива.
HIGH,ENGINE_CAPABILITY_GAPS,OP22,P.SP.02,P.SP.02.PRC.011,P.SP.02.TRN.030,P.SP.02.OPR.044,P.SP.02.MSG.035,REQ 16,"Таблица 53/44, п.16 (R.IP.SP.02.002)",,R.IP.SP.02.002,ipcdo:TrademarkApplicationDetails/ipcdo:IPPartyDetails/ipsdo:IPSubjectName,@nameRepresentationKindCode,ipcdo:TrademarkApplicationDetails/ipcdo:IPPartyDetails/ipsdo:IPSubjectName/@nameRepresentationKindCode,Классифицировано как ENGINE_UNSUPPORTED,NONE,Движок валидации правил,cardinality after predicate,YES,NO,Добавить поддержку возможности в rules engine: missing exact nested repeated correlation/filter semantics for AP-scoped IPSubjectName/address rules,Table44 requirement needs AP-scoped correlation/cardinality across nested repeated IPSubjectName/address values that the current evaluator cannot express exactly.,FIX_NOW_CODE,YES,ENGINE_CAPABILITY_GAPS,P1,"Можно закрывать сейчас. Нормативное правило уже найдено; пробел связан не с документами, а с отсутствующей возможностью rules_engine.",Реализовать capability: cardinality after predicate; добавить положительные и отрицательные тесты.,Использовать таблицу/пункт из поля source; дополнительных внешних документов не требуется.,Исходный реестр уже помечает can_fix_without_external_docs=YES для этой категории.
HIGH,ENGINE_CAPABILITY_GAPS,OP22,P.SP.02,P.SP.02.PRC.011,P.SP.02.TRN.030,P.SP.02.OPR.044,P.SP.02.MSG.035,REQ 17,"Таблица 53/44, п.17 (R.IP.SP.02.002)",,R.IP.SP.02.002,ipcdo:TrademarkApplicationDetails/ipcdo:IPPartyDetails,ipsdo:IPSubjectName,ipcdo:TrademarkApplicationDetails/ipcdo:IPPartyDetails/ipsdo:IPSubjectName,Классифицировано как ENGINE_UNSUPPORTED,NONE,Движок валидации правил,cardinality after predicate,YES,NO,Добавить поддержку возможности в rules engine: missing exact nested repeated correlation/filter semantics for AP-scoped IPSubjectName/address rules,Table44 requirement needs AP-scoped correlation/cardinality across nested repeated IPSubjectName/address values that the current evaluator cannot express exactly.,FIX_NOW_CODE,YES,ENGINE_CAPABILITY_GAPS,P1,"Можно закрывать сейчас. Нормативное правило уже найдено; пробел связан не с документами, а с отсутствующей возможностью rules_engine.",Реализовать capability: cardinality after predicate; добавить положительные и отрицательные тесты.,Использовать таблицу/пункт из поля source; дополнительных внешних документов не требуется.,Исходный реестр уже помечает can_fix_without_external_docs=YES для этой категории.
HIGH,ENGINE_CAPABILITY_GAPS,OP22,P.SP.02,P.SP.02.PRC.011,P.SP.02.TRN.030,P.SP.02.OPR.044,P.SP.02.MSG.035,REQ 18,"Таблица 53/44, п.18 (R.IP.SP.02.002)",,R.IP.SP.02.002,ipcdo:TrademarkApplicationDetails/ipcdo:IPPartyDetails,ipsdo:IPSubjectName,ipcdo:TrademarkApplicationDetails/ipcdo:IPPartyDetails/ipsdo:IPSubjectName,Классифицировано как ENGINE_UNSUPPORTED,NONE,Движок валидации правил,positional/ordinal access,YES,NO,Добавить поддержку возможности в rules engine: missing exact nested repeated correlation/filter semantics for AP-scoped IPSubjectName/address rules,Table44 requirement needs AP-scoped correlation/cardinality across nested repeated IPSubjectName/address values that the current evaluator cannot express exactly.,FIX_NOW_CODE,YES,ENGINE_CAPABILITY_GAPS,P1,"Можно закрывать сейчас. Нормативное правило уже найдено; пробел связан не с документами, а с отсутствующей возможностью rules_engine.",Реализовать capability: positional/ordinal access; добавить положительные и отрицательные тесты.,Использовать таблицу/пункт из поля source; дополнительных внешних документов не требуется.,Исходный реестр уже помечает can_fix_without_external_docs=YES для этой категории.
HIGH,ENGINE_CAPABILITY_GAPS,OP22,P.SP.02,P.SP.02.PRC.011,P.SP.02.TRN.030,P.SP.02.OPR.044,P.SP.02.MSG.035,REQ 19,"Таблица 53/44, п.19 (R.IP.SP.02.002)",,R.IP.SP.02.002,ipcdo:TrademarkApplicationDetails/ipcdo:IPPartyDetails,ipsdo:IPSubjectName,ipcdo:TrademarkApplicationDetails/ipcdo:IPPartyDetails/ipsdo:IPSubjectName,Классифицировано как ENGINE_UNSUPPORTED,NONE,Движок валидации правил,positional/ordinal access,YES,NO,Добавить поддержку возможности в rules engine: missing exact nested repeated correlation/filter semantics for AP-scoped IPSubjectName/address rules,Table44 requirement needs AP-scoped correlation/cardinality across nested repeated IPSubjectName/address values that the current evaluator cannot express exactly.,FIX_NOW_CODE,YES,ENGINE_CAPABILITY_GAPS,P1,"Можно закрывать сейчас. Нормативное правило уже найдено; пробел связан не с документами, а с отсутствующей возможностью rules_engine.",Реализовать capability: positional/ordinal access; добавить положительные и отрицательные тесты.,Использовать таблицу/пункт из поля source; дополнительных внешних документов не требуется.,Исходный реестр уже помечает can_fix_without_external_docs=YES для этой категории.
HIGH,ENGINE_CAPABILITY_GAPS,OP22,P.SP.02,P.SP.02.PRC.011,P.SP.02.TRN.030,P.SP.02.OPR.044,P.SP.02.MSG.035,REQ 20,"Таблица 53/44, п.20 (R.IP.SP.02.002)",,R.IP.SP.02.002,ipcdo:TrademarkApplicationDetails/ipcdo:IPPartyDetails/ccdo:SubjectAddressDetails,csdo:AddressKindCode,ipcdo:TrademarkApplicationDetails/ipcdo:IPPartyDetails/ccdo:SubjectAddressDetails/csdo:AddressKindCode,Классифицировано как ENGINE_UNSUPPORTED,NONE,Движок валидации правил,cardinality after predicate,YES,NO,Добавить поддержку возможности в rules engine: missing exact nested repeated correlation/filter semantics for AP-scoped IPSubjectName/address rules,Table44 requirement needs AP-scoped correlation/cardinality across nested repeated IPSubjectName/address values that the current evaluator cannot express exactly.,FIX_NOW_CODE,YES,ENGINE_CAPABILITY_GAPS,P1,"Можно закрывать сейчас. Нормативное правило уже найдено; пробел связан не с документами, а с отсутствующей возможностью rules_engine.",Реализовать capability: cardinality after predicate; добавить положительные и отрицательные тесты.,Использовать таблицу/пункт из поля source; дополнительных внешних документов не требуется.,Исходный реестр уже помечает can_fix_without_external_docs=YES для этой категории.
HIGH,ENGINE_CAPABILITY_GAPS,OP22,P.SP.02,P.SP.02.PRC.011,P.SP.02.TRN.030,P.SP.02.OPR.044,P.SP.02.MSG.035,REQ 26,"Таблица 53/44, п.26 (R.IP.SP.02.002)",,R.IP.SP.02.002,ipcdo:TrademarkApplicationDetails/ipcdo:TrademarkDetails,ipsdo:TrademarkKindCode,ipcdo:TrademarkApplicationDetails/ipcdo:TrademarkDetails/ipsdo:TrademarkKindCode,Классифицировано как ENGINE_UNSUPPORTED,NONE,Движок валидации правил,disjunction,YES,NO,Добавить поддержку возможности в rules engine: missing exact per-parent disjunctive field-value assertion,Table 44 uses TrademarkKindCode OR TrademarkKindName allowed-value semantics; current evaluator lacks a standalone per-TrademarkDetails logical assertion for disjunctive membership without relying on ,FIX_NOW_CODE,YES,ENGINE_CAPABILITY_GAPS,P1,"Можно закрывать сейчас. Нормативное правило уже найдено; пробел связан не с документами, а с отсутствующей возможностью rules_engine.",Реализовать capability: disjunction; добавить положительные и отрицательные тесты.,Использовать таблицу/пункт из поля source; дополнительных внешних документов не требуется.,Исходный реестр уже помечает can_fix_without_external_docs=YES для этой категории.
LOW,CLASSIFIERS_AND_REFERENCE_DATA,OP22,P.SP.02,P.SP.02.PRC.012,P.SP.02.TRN.031,P.SP.02.OPR.047,P.SP.02.MSG.036,REQ 2,"Таблица 54, п.2 (R.IP.SP.02.002)",,R.IP.SP.02.002,ipcdo:TrademarkApplicationDetails,ipsdo:IPDocKindCode,ipcdo:TrademarkApplicationDetails/ipsdo:IPDocKindCode,Классифицировано как SAFE_PARTIAL,classifier of document/material kinds,Решение Коллегии ЕЭК №92 / реестр Союза,NONE,NO,NO,Расширить валидацию после получения эталонного реестра,Classifier correspondence is external; local IPDocKindCode presence is the safe executable fragment.,NEEDS_REFERENCE_DATA,NO,CLASSIFIERS_AND_REFERENCE_DATA,P2,"Правило в PDF есть, но полная офлайн-проверка зависит от официального справочника/классификатора. Одного текста регламента недостаточно, если нужно определить наличие кода или допустимое значение.","Получить официальный машиночитаемый классификатор/справочник, зафиксировать его версию/дату, сохранить локальный снимок и подключить его к валидатору.",Точная нормативная таблица указана в source; страницу нужно фиксировать при подключении соответствующего справочника.,Для R.IP.SP.02.002 структура и QName уже подтверждены; незакрытая часть — именно reference data.
LOW,CLASSIFIERS_AND_REFERENCE_DATA,OP22,P.SP.02,P.SP.02.PRC.012,P.SP.02.TRN.031,P.SP.02.OPR.047,P.SP.02.MSG.036,REQ 3,"Таблица 54, п.3 (R.IP.SP.02.002)",,R.IP.SP.02.002,ipcdo:TrademarkApplicationDetails,ipsdo:TrademarkApplicationId,ipcdo:TrademarkApplicationDetails/ipsdo:TrademarkApplicationId,Классифицировано как SAFE_PARTIAL,national patent-office application information resource,Решение Коллегии ЕЭК №92 / реестр Союза,NONE,NO,NO,Расширить валидацию после получения эталонного реестра,National patent-office record status and identifier correspondence are external; local TrademarkApplicationId presence is the safe executable fragment.,NEEDS_REFERENCE_DATA,NO,CLASSIFIERS_AND_REFERENCE_DATA,P2,"Правило в PDF есть, но полная офлайн-проверка зависит от официального справочника/классификатора. Одного текста регламента недостаточно, если нужно определить наличие кода или допустимое значение.","Получить официальный машиночитаемый классификатор/справочник, зафиксировать его версию/дату, сохранить локальный снимок и подключить его к валидатору.",Точная нормативная таблица указана в source; страницу нужно фиксировать при подключении соответствующего справочника.,Для R.IP.SP.02.002 структура и QName уже подтверждены; незакрытая часть — именно reference data.
MEDIUM,SEMANTIC_CLARIFICATIONS,OP22,P.SP.02,P.SP.02.PRC.012,P.SP.02.TRN.031,P.SP.02.OPR.047,P.SP.02.MSG.036,REQ 13,"Таблица 54/44, п.13 (R.IP.SP.02.002)",,R.IP.SP.02.002,ipcdo:TrademarkApplicationDetails/ipcdo:IPPartyDetails,ipsdo:IPPartyKindCode,ipcdo:TrademarkApplicationDetails/ipcdo:IPPartyDetails/ipsdo:IPPartyKindCode,Классифицировано как AMBIGUOUS,"The standalone AP value statement does not identify an exact repeated IPPartyDetails owner/instance scope, while later requirements explicitly permit PA and RE roles.",Нормативный источник / XSD,NONE,NO,NO,Уточнить нормативную формулировку сферы действия требования,"The standalone AP value statement does not identify an exact repeated IPPartyDetails owner/instance scope, while later requirements explicitly permit PA and RE roles.",NEEDS_NORMATIVE_CLARIFICATION,NO,SEMANTIC_CLARIFICATIONS,P2,"Не закрывать догадкой. Формулировка IPPartyKindCode=AP без явного repeated-owner scope конфликтует с последующими правилами, где допускаются отдельные экземпляры PA и RE.","Официально подтвердить область действия REQ 13: это условие для конкретного экземпляра заявителя, а не глобальный запрет других IPPartyDetails. Зафиксировать разъяснение/исправленную редакцию.",ОП_22.pdf: пример блока REQ 13–22 — PDF 515–518; точная таблица конкретной строки указана в source,REQ 13 требует AP; REQ 14 требует ровно один экземпляр IPPartyDetails с AP; REQ 21 и 22 отдельно разрешают PA и RE. Глобальная трактовка REQ 13 поэтому противоречива.
HIGH,ENGINE_CAPABILITY_GAPS,OP22,P.SP.02,P.SP.02.PRC.012,P.SP.02.TRN.031,P.SP.02.OPR.047,P.SP.02.MSG.036,REQ 16,"Таблица 54/44, п.16 (R.IP.SP.02.002)",,R.IP.SP.02.002,ipcdo:TrademarkApplicationDetails/ipcdo:IPPartyDetails/ipsdo:IPSubjectName,@nameRepresentationKindCode,ipcdo:TrademarkApplicationDetails/ipcdo:IPPartyDetails/ipsdo:IPSubjectName/@nameRepresentationKindCode,Классифицировано как ENGINE_UNSUPPORTED,NONE,Движок валидации правил,cardinality after predicate,YES,NO,Добавить поддержку возможности в rules engine: missing exact nested repeated correlation/filter semantics for AP-scoped IPSubjectName/address rules,Table44 requirement needs AP-scoped correlation/cardinality across nested repeated IPSubjectName/address values that the current evaluator cannot express exactly.,FIX_NOW_CODE,YES,ENGINE_CAPABILITY_GAPS,P1,"Можно закрывать сейчас. Нормативное правило уже найдено; пробел связан не с документами, а с отсутствующей возможностью rules_engine.",Реализовать capability: cardinality after predicate; добавить положительные и отрицательные тесты.,Использовать таблицу/пункт из поля source; дополнительных внешних документов не требуется.,Исходный реестр уже помечает can_fix_without_external_docs=YES для этой категории.
HIGH,ENGINE_CAPABILITY_GAPS,OP22,P.SP.02,P.SP.02.PRC.012,P.SP.02.TRN.031,P.SP.02.OPR.047,P.SP.02.MSG.036,REQ 17,"Таблица 54/44, п.17 (R.IP.SP.02.002)",,R.IP.SP.02.002,ipcdo:TrademarkApplicationDetails/ipcdo:IPPartyDetails,ipsdo:IPSubjectName,ipcdo:TrademarkApplicationDetails/ipcdo:IPPartyDetails/ipsdo:IPSubjectName,Классифицировано как ENGINE_UNSUPPORTED,NONE,Движок валидации правил,cardinality after predicate,YES,NO,Добавить поддержку возможности в rules engine: missing exact nested repeated correlation/filter semantics for AP-scoped IPSubjectName/address rules,Table44 requirement needs AP-scoped correlation/cardinality across nested repeated IPSubjectName/address values that the current evaluator cannot express exactly.,FIX_NOW_CODE,YES,ENGINE_CAPABILITY_GAPS,P1,"Можно закрывать сейчас. Нормативное правило уже найдено; пробел связан не с документами, а с отсутствующей возможностью rules_engine.",Реализовать capability: cardinality after predicate; добавить положительные и отрицательные тесты.,Использовать таблицу/пункт из поля source; дополнительных внешних документов не требуется.,Исходный реестр уже помечает can_fix_without_external_docs=YES для этой категории.
HIGH,ENGINE_CAPABILITY_GAPS,OP22,P.SP.02,P.SP.02.PRC.012,P.SP.02.TRN.031,P.SP.02.OPR.047,P.SP.02.MSG.036,REQ 18,"Таблица 54/44, п.18 (R.IP.SP.02.002)",,R.IP.SP.02.002,ipcdo:TrademarkApplicationDetails/ipcdo:IPPartyDetails,ipsdo:IPSubjectName,ipcdo:TrademarkApplicationDetails/ipcdo:IPPartyDetails/ipsdo:IPSubjectName,Классифицировано как ENGINE_UNSUPPORTED,NONE,Движок валидации правил,positional/ordinal access,YES,NO,Добавить поддержку возможности в rules engine: missing exact nested repeated correlation/filter semantics for AP-scoped IPSubjectName/address rules,Table44 requirement needs AP-scoped correlation/cardinality across nested repeated IPSubjectName/address values that the current evaluator cannot express exactly.,FIX_NOW_CODE,YES,ENGINE_CAPABILITY_GAPS,P1,"Можно закрывать сейчас. Нормативное правило уже найдено; пробел связан не с документами, а с отсутствующей возможностью rules_engine.",Реализовать capability: positional/ordinal access; добавить положительные и отрицательные тесты.,Использовать таблицу/пункт из поля source; дополнительных внешних документов не требуется.,Исходный реестр уже помечает can_fix_without_external_docs=YES для этой категории.
HIGH,ENGINE_CAPABILITY_GAPS,OP22,P.SP.02,P.SP.02.PRC.012,P.SP.02.TRN.031,P.SP.02.OPR.047,P.SP.02.MSG.036,REQ 19,"Таблица 54/44, п.19 (R.IP.SP.02.002)",,R.IP.SP.02.002,ipcdo:TrademarkApplicationDetails/ipcdo:IPPartyDetails,ipsdo:IPSubjectName,ipcdo:TrademarkApplicationDetails/ipcdo:IPPartyDetails/ipsdo:IPSubjectName,Классифицировано как ENGINE_UNSUPPORTED,NONE,Движок валидации правил,positional/ordinal access,YES,NO,Добавить поддержку возможности в rules engine: missing exact nested repeated correlation/filter semantics for AP-scoped IPSubjectName/address rules,Table44 requirement needs AP-scoped correlation/cardinality across nested repeated IPSubjectName/address values that the current evaluator cannot express exactly.,FIX_NOW_CODE,YES,ENGINE_CAPABILITY_GAPS,P1,"Можно закрывать сейчас. Нормативное правило уже найдено; пробел связан не с документами, а с отсутствующей возможностью rules_engine.",Реализовать capability: positional/ordinal access; добавить положительные и отрицательные тесты.,Использовать таблицу/пункт из поля source; дополнительных внешних документов не требуется.,Исходный реестр уже помечает can_fix_without_external_docs=YES для этой категории.
HIGH,ENGINE_CAPABILITY_GAPS,OP22,P.SP.02,P.SP.02.PRC.012,P.SP.02.TRN.031,P.SP.02.OPR.047,P.SP.02.MSG.036,REQ 20,"Таблица 54/44, п.20 (R.IP.SP.02.002)",,R.IP.SP.02.002,ipcdo:TrademarkApplicationDetails/ipcdo:IPPartyDetails/ccdo:SubjectAddressDetails,csdo:AddressKindCode,ipcdo:TrademarkApplicationDetails/ipcdo:IPPartyDetails/ccdo:SubjectAddressDetails/csdo:AddressKindCode,Классифицировано как ENGINE_UNSUPPORTED,NONE,Движок валидации правил,cardinality after predicate,YES,NO,Добавить поддержку возможности в rules engine: missing exact nested repeated correlation/filter semantics for AP-scoped IPSubjectName/address rules,Table44 requirement needs AP-scoped correlation/cardinality across nested repeated IPSubjectName/address values that the current evaluator cannot express exactly.,FIX_NOW_CODE,YES,ENGINE_CAPABILITY_GAPS,P1,"Можно закрывать сейчас. Нормативное правило уже найдено; пробел связан не с документами, а с отсутствующей возможностью rules_engine.",Реализовать capability: cardinality after predicate; добавить положительные и отрицательные тесты.,Использовать таблицу/пункт из поля source; дополнительных внешних документов не требуется.,Исходный реестр уже помечает can_fix_without_external_docs=YES для этой категории.
HIGH,ENGINE_CAPABILITY_GAPS,OP22,P.SP.02,P.SP.02.PRC.012,P.SP.02.TRN.031,P.SP.02.OPR.047,P.SP.02.MSG.036,REQ 26,"Таблица 54/44, п.26 (R.IP.SP.02.002)",,R.IP.SP.02.002,ipcdo:TrademarkApplicationDetails/ipcdo:TrademarkDetails,ipsdo:TrademarkKindCode,ipcdo:TrademarkApplicationDetails/ipcdo:TrademarkDetails/ipsdo:TrademarkKindCode,Классифицировано как ENGINE_UNSUPPORTED,NONE,Движок валидации правил,disjunction,YES,NO,Добавить поддержку возможности в rules engine: missing exact per-parent disjunctive field-value assertion,Table 44 uses TrademarkKindCode OR TrademarkKindName allowed-value semantics; current evaluator lacks a standalone per-TrademarkDetails logical assertion for disjunctive membership without relying on ,FIX_NOW_CODE,YES,ENGINE_CAPABILITY_GAPS,P1,"Можно закрывать сейчас. Нормативное правило уже найдено; пробел связан не с документами, а с отсутствующей возможностью rules_engine.",Реализовать capability: disjunction; добавить положительные и отрицательные тесты.,Использовать таблицу/пункт из поля source; дополнительных внешних документов не требуется.,Исходный реестр уже помечает can_fix_without_external_docs=YES для этой категории.
MEDIUM,CLASSIFIERS_AND_REFERENCE_DATA,OP22,P.SP.02,P.SP.02.PRC.013,P.SP.02.TRN.032,P.SP.02.OPR.050,P.SP.02.MSG.037,REQ 2,"Таблица 55, п.2 (R.IP.SP.02.002)",,R.IP.SP.02.002,ipcdo:TrademarkApplicationDetails,ipsdo:IPDocKindCode,ipcdo:TrademarkApplicationDetails/ipsdo:IPDocKindCode,Классифицировано как EXTERNAL,classifier of document/material kinds,Решение Коллегии ЕЭК №92 / реестр Союза,NONE,NO,NO,Подключить машиночитаемый справочник/классификатор ЕЭК,The branch depends on authoritative classifier presence/absence and lookup; no local executable rule is safe.,NEEDS_REFERENCE_DATA,NO,CLASSIFIERS_AND_REFERENCE_DATA,P2,"Правило в PDF есть, но полная офлайн-проверка зависит от официального справочника/классификатора. Одного текста регламента недостаточно, если нужно определить наличие кода или допустимое значение.","Получить официальный машиночитаемый классификатор/справочник, зафиксировать его версию/дату, сохранить локальный снимок и подключить его к валидатору.",Точная нормативная таблица указана в source; страницу нужно фиксировать при подключении соответствующего справочника.,Для R.IP.SP.02.002 структура и QName уже подтверждены; незакрытая часть — именно reference data.
MEDIUM,CLASSIFIERS_AND_REFERENCE_DATA,OP22,P.SP.02,P.SP.02.PRC.013,P.SP.02.TRN.032,P.SP.02.OPR.050,P.SP.02.MSG.037,REQ 3,"Таблица 55, п.3 (R.IP.SP.02.002)",,R.IP.SP.02.002,ipcdo:TrademarkApplicationDetails,ipsdo:IPDocKindCode,ipcdo:TrademarkApplicationDetails/ipsdo:IPDocKindCode,Классифицировано как EXTERNAL,classifier of document/material kinds,Решение Коллегии ЕЭК №92 / реестр Союза,NONE,NO,NO,Подключить машиночитаемый справочник/классификатор ЕЭК,The branch depends on authoritative classifier presence/absence and lookup; no local executable rule is safe.,NEEDS_REFERENCE_DATA,NO,CLASSIFIERS_AND_REFERENCE_DATA,P2,"Правило в PDF есть, но полная офлайн-проверка зависит от официального справочника/классификатора. Одного текста регламента недостаточно, если нужно определить наличие кода или допустимое значение.","Получить официальный машиночитаемый классификатор/справочник, зафиксировать его версию/дату, сохранить локальный снимок и подключить его к валидатору.",Точная нормативная таблица указана в source; страницу нужно фиксировать при подключении соответствующего справочника.,Для R.IP.SP.02.002 структура и QName уже подтверждены; незакрытая часть — именно reference data.
LOW,CLASSIFIERS_AND_REFERENCE_DATA,OP22,P.SP.02,P.SP.02.PRC.013,P.SP.02.TRN.032,P.SP.02.OPR.050,P.SP.02.MSG.037,REQ 4,"Таблица 55, п.4 (R.IP.SP.02.002)",,R.IP.SP.02.002,ipcdo:TrademarkApplicationDetails,ipsdo:TrademarkApplicationId,ipcdo:TrademarkApplicationDetails/ipsdo:TrademarkApplicationId,Классифицировано как SAFE_PARTIAL,national patent-office application information resource,Решение Коллегии ЕЭК №92 / реестр Союза,NONE,NO,NO,Расширить валидацию после получения эталонного реестра,Local TrademarkApplicationId presence is independently required; resource/status/equality semantics are external.,NEEDS_REFERENCE_DATA,NO,CLASSIFIERS_AND_REFERENCE_DATA,P2,"Правило в PDF есть, но полная офлайн-проверка зависит от официального справочника/классификатора. Одного текста регламента недостаточно, если нужно определить наличие кода или допустимое значение.","Получить официальный машиночитаемый классификатор/справочник, зафиксировать его версию/дату, сохранить локальный снимок и подключить его к валидатору.",Точная нормативная таблица указана в source; страницу нужно фиксировать при подключении соответствующего справочника.,Для R.IP.SP.02.002 структура и QName уже подтверждены; незакрытая часть — именно reference data.
MEDIUM,SEMANTIC_CLARIFICATIONS,OP22,P.SP.02,P.SP.02.PRC.013,P.SP.02.TRN.032,P.SP.02.OPR.050,P.SP.02.MSG.037,REQ 13,"Таблица 55/44, п.13 (R.IP.SP.02.002)",,R.IP.SP.02.002,ipcdo:TrademarkApplicationDetails/ipcdo:IPPartyDetails,ipsdo:IPPartyKindCode,ipcdo:TrademarkApplicationDetails/ipcdo:IPPartyDetails/ipsdo:IPPartyKindCode,Классифицировано как AMBIGUOUS,owner/instance scope is ambiguous,Нормативный источник / XSD,owner/instance scope is ambiguous,NO,NO,Уточнить нормативную формулировку сферы действия требования,Table 44 AP code requirement does not establish a sufficiently explicit owner/instance scope beyond REQ14.,NEEDS_NORMATIVE_CLARIFICATION,NO,SEMANTIC_CLARIFICATIONS,P2,"Не закрывать догадкой. Формулировка IPPartyKindCode=AP без явного repeated-owner scope конфликтует с последующими правилами, где допускаются отдельные экземпляры PA и RE.","Официально подтвердить область действия REQ 13: это условие для конкретного экземпляра заявителя, а не глобальный запрет других IPPartyDetails. Зафиксировать разъяснение/исправленную редакцию.",ОП_22.pdf: пример блока REQ 13–22 — PDF 515–518; точная таблица конкретной строки указана в source,REQ 13 требует AP; REQ 14 требует ровно один экземпляр IPPartyDetails с AP; REQ 21 и 22 отдельно разрешают PA и RE. Глобальная трактовка REQ 13 поэтому противоречива.
HIGH,ENGINE_CAPABILITY_GAPS,OP22,P.SP.02,P.SP.02.PRC.013,P.SP.02.TRN.032,P.SP.02.OPR.050,P.SP.02.MSG.037,REQ 16,"Таблица 55/44, п.16 (R.IP.SP.02.002)",,R.IP.SP.02.002,ipcdo:TrademarkApplicationDetails/ipcdo:IPPartyDetails/ipsdo:IPSubjectName,@nameRepresentationKindCode,ipcdo:TrademarkApplicationDetails/ipcdo:IPPartyDetails/ipsdo:IPSubjectName/@nameRepresentationKindCode,Классифицировано как ENGINE_UNSUPPORTED,NONE,Движок валидации правил,positional/ordinal access,YES,NO,Добавить поддержку возможности в rules engine: missing exact ordinal or repeated-instance correlation semantics,Required ordinal/language/repeated-instance correlation cannot be represented exactly by the current evaluator.,FIX_NOW_CODE,YES,ENGINE_CAPABILITY_GAPS,P1,"Можно закрывать сейчас. Нормативное правило уже найдено; пробел связан не с документами, а с отсутствующей возможностью rules_engine.",Реализовать capability: positional/ordinal access; добавить положительные и отрицательные тесты.,Использовать таблицу/пункт из поля source; дополнительных внешних документов не требуется.,Исходный реестр уже помечает can_fix_without_external_docs=YES для этой категории.
HIGH,ENGINE_CAPABILITY_GAPS,OP22,P.SP.02,P.SP.02.PRC.013,P.SP.02.TRN.032,P.SP.02.OPR.050,P.SP.02.MSG.037,REQ 17,"Таблица 55/44, п.17 (R.IP.SP.02.002)",,R.IP.SP.02.002,ipcdo:TrademarkApplicationDetails/ipcdo:IPPartyDetails,ipsdo:IPSubjectName,ipcdo:TrademarkApplicationDetails/ipcdo:IPPartyDetails/ipsdo:IPSubjectName,Классифицировано как ENGINE_UNSUPPORTED,NONE,Движок валидации правил,positional/ordinal access,YES,NO,Добавить поддержку возможности в rules engine: missing exact ordinal or repeated-instance correlation semantics,Required ordinal/language/repeated-instance correlation cannot be represented exactly by the current evaluator.,FIX_NOW_CODE,YES,ENGINE_CAPABILITY_GAPS,P1,"Можно закрывать сейчас. Нормативное правило уже найдено; пробел связан не с документами, а с отсутствующей возможностью rules_engine.",Реализовать capability: positional/ordinal access; добавить положительные и отрицательные тесты.,Использовать таблицу/пункт из поля source; дополнительных внешних документов не требуется.,Исходный реестр уже помечает can_fix_without_external_docs=YES для этой категории.
HIGH,ENGINE_CAPABILITY_GAPS,OP22,P.SP.02,P.SP.02.PRC.013,P.SP.02.TRN.032,P.SP.02.OPR.050,P.SP.02.MSG.037,REQ 18,"Таблица 55/44, п.18 (R.IP.SP.02.002)",,R.IP.SP.02.002,ipcdo:TrademarkApplicationDetails/ipcdo:IPPartyDetails,ipsdo:IPSubjectName,ipcdo:TrademarkApplicationDetails/ipcdo:IPPartyDetails/ipsdo:IPSubjectName,Классифицировано как ENGINE_UNSUPPORTED,NONE,Движок валидации правил,positional/ordinal access,YES,NO,Добавить поддержку возможности в rules engine: missing exact ordinal or repeated-instance correlation semantics,Required ordinal/language/repeated-instance correlation cannot be represented exactly by the current evaluator.,FIX_NOW_CODE,YES,ENGINE_CAPABILITY_GAPS,P1,"Можно закрывать сейчас. Нормативное правило уже найдено; пробел связан не с документами, а с отсутствующей возможностью rules_engine.",Реализовать capability: positional/ordinal access; добавить положительные и отрицательные тесты.,Использовать таблицу/пункт из поля source; дополнительных внешних документов не требуется.,Исходный реестр уже помечает can_fix_without_external_docs=YES для этой категории.
HIGH,ENGINE_CAPABILITY_GAPS,OP22,P.SP.02,P.SP.02.PRC.013,P.SP.02.TRN.032,P.SP.02.OPR.050,P.SP.02.MSG.037,REQ 19,"Таблица 55/44, п.19 (R.IP.SP.02.002)",,R.IP.SP.02.002,ipcdo:TrademarkApplicationDetails/ipcdo:IPPartyDetails,ipsdo:IPSubjectName,ipcdo:TrademarkApplicationDetails/ipcdo:IPPartyDetails/ipsdo:IPSubjectName,Классифицировано как ENGINE_UNSUPPORTED,NONE,Движок валидации правил,positional/ordinal access,YES,NO,Добавить поддержку возможности в rules engine: missing exact ordinal or repeated-instance correlation semantics,Required ordinal/language/repeated-instance correlation cannot be represented exactly by the current evaluator.,FIX_NOW_CODE,YES,ENGINE_CAPABILITY_GAPS,P1,"Можно закрывать сейчас. Нормативное правило уже найдено; пробел связан не с документами, а с отсутствующей возможностью rules_engine.",Реализовать capability: positional/ordinal access; добавить положительные и отрицательные тесты.,Использовать таблицу/пункт из поля source; дополнительных внешних документов не требуется.,Исходный реестр уже помечает can_fix_without_external_docs=YES для этой категории.
HIGH,ENGINE_CAPABILITY_GAPS,OP22,P.SP.02,P.SP.02.PRC.013,P.SP.02.TRN.032,P.SP.02.OPR.050,P.SP.02.MSG.037,REQ 20,"Таблица 55/44, п.20 (R.IP.SP.02.002)",,R.IP.SP.02.002,ipcdo:TrademarkApplicationDetails/ipcdo:IPPartyDetails/ccdo:SubjectAddressDetails,csdo:AddressKindCode,ipcdo:TrademarkApplicationDetails/ipcdo:IPPartyDetails/ccdo:SubjectAddressDetails/csdo:AddressKindCode,Классифицировано как ENGINE_UNSUPPORTED,NONE,Движок валидации правил,positional/ordinal access,YES,NO,Добавить поддержку возможности в rules engine: missing exact ordinal or repeated-instance correlation semantics,Required ordinal/language/repeated-instance correlation cannot be represented exactly by the current evaluator.,FIX_NOW_CODE,YES,ENGINE_CAPABILITY_GAPS,P1,"Можно закрывать сейчас. Нормативное правило уже найдено; пробел связан не с документами, а с отсутствующей возможностью rules_engine.",Реализовать capability: positional/ordinal access; добавить положительные и отрицательные тесты.,Использовать таблицу/пункт из поля source; дополнительных внешних документов не требуется.,Исходный реестр уже помечает can_fix_without_external_docs=YES для этой категории.
HIGH,ENGINE_CAPABILITY_GAPS,OP22,P.SP.02,P.SP.02.PRC.013,P.SP.02.TRN.032,P.SP.02.OPR.050,P.SP.02.MSG.037,REQ 26,"Таблица 55/44, п.26 (R.IP.SP.02.002)",,R.IP.SP.02.002,ipcdo:TrademarkApplicationDetails/ipcdo:TrademarkDetails,ipsdo:TrademarkKindCode,ipcdo:TrademarkApplicationDetails/ipcdo:TrademarkDetails/ipsdo:TrademarkKindCode,Классифицировано как ENGINE_UNSUPPORTED,NONE,Движок валидации правил,disjunction,YES,NO,Добавить поддержку возможности в rules engine: missing exact same-parent disjunctive code-or-name assertion,Normative semantics require TrademarkKindCode OR TrademarkKindName correspondence within the same TrademarkDetails; AND would be incorrect.,FIX_NOW_CODE,YES,ENGINE_CAPABILITY_GAPS,P1,"Можно закрывать сейчас. Нормативное правило уже найдено; пробел связан не с документами, а с отсутствующей возможностью rules_engine.",Реализовать capability: disjunction; добавить положительные и отрицательные тесты.,Использовать таблицу/пункт из поля source; дополнительных внешних документов не требуется.,Исходный реестр уже помечает can_fix_without_external_docs=YES для этой категории.
MEDIUM,CLASSIFIERS_AND_REFERENCE_DATA,OP22,P.SP.02,P.SP.02.PRC.014,P.SP.02.TRN.033,P.SP.02.OPR.054,P.SP.02.MSG.038,REQ 2,"Таблица 56, п.2 (R.IP.SP.02.002)",,R.IP.SP.02.002,ipcdo:TrademarkApplicationDetails,ipcdo:TrademarkApplicationDetails,ipcdo:TrademarkApplicationDetails,Классифицировано как EXTERNAL,classifier of document/material kinds,Решение Коллегии ЕЭК №92 / реестр Союза,NONE,NO,NO,Подключить машиночитаемый справочник/классификатор ЕЭК,External classifier/resource semantics are not executable.,NEEDS_REFERENCE_DATA,NO,CLASSIFIERS_AND_REFERENCE_DATA,P2,"Правило в PDF есть, но полная офлайн-проверка зависит от официального справочника/классификатора. Одного текста регламента недостаточно, если нужно определить наличие кода или допустимое значение.","Получить официальный машиночитаемый классификатор/справочник, зафиксировать его версию/дату, сохранить локальный снимок и подключить его к валидатору.",Точная нормативная таблица указана в source; страницу нужно фиксировать при подключении соответствующего справочника.,Для R.IP.SP.02.002 структура и QName уже подтверждены; незакрытая часть — именно reference data.
MEDIUM,CLASSIFIERS_AND_REFERENCE_DATA,OP22,P.SP.02,P.SP.02.PRC.014,P.SP.02.TRN.033,P.SP.02.OPR.054,P.SP.02.MSG.038,REQ 3,"Таблица 56, п.3 (R.IP.SP.02.002)",,R.IP.SP.02.002,ipcdo:TrademarkApplicationDetails,ipcdo:TrademarkApplicationDetails,ipcdo:TrademarkApplicationDetails,Классифицировано как EXTERNAL,classifier of document/material kinds,Решение Коллегии ЕЭК №92 / реестр Союза,NONE,NO,NO,Подключить машиночитаемый справочник/классификатор ЕЭК,External classifier/resource semantics are not executable.,NEEDS_REFERENCE_DATA,NO,CLASSIFIERS_AND_REFERENCE_DATA,P2,"Правило в PDF есть, но полная офлайн-проверка зависит от официального справочника/классификатора. Одного текста регламента недостаточно, если нужно определить наличие кода или допустимое значение.","Получить официальный машиночитаемый классификатор/справочник, зафиксировать его версию/дату, сохранить локальный снимок и подключить его к валидатору.",Точная нормативная таблица указана в source; страницу нужно фиксировать при подключении соответствующего справочника.,Для R.IP.SP.02.002 структура и QName уже подтверждены; незакрытая часть — именно reference data.
LOW,CLASSIFIERS_AND_REFERENCE_DATA,OP22,P.SP.02,P.SP.02.PRC.014,P.SP.02.TRN.033,P.SP.02.OPR.054,P.SP.02.MSG.038,REQ 4,"Таблица 56, п.4 (R.IP.SP.02.002)",,R.IP.SP.02.002,ipcdo:TrademarkApplicationDetails,ipsdo:TrademarkApplicationId,ipcdo:TrademarkApplicationDetails/ipsdo:TrademarkApplicationId,Классифицировано как SAFE_PARTIAL,national patent-office application information resource,Решение Коллегии ЕЭК №92 / реестр Союза,NONE,NO,NO,Расширить валидацию после получения эталонного реестра,Local identifier presence is executable; external resource state/equality is not.,NEEDS_REFERENCE_DATA,NO,CLASSIFIERS_AND_REFERENCE_DATA,P2,"Правило в PDF есть, но полная офлайн-проверка зависит от официального справочника/классификатора. Одного текста регламента недостаточно, если нужно определить наличие кода или допустимое значение.","Получить официальный машиночитаемый классификатор/справочник, зафиксировать его версию/дату, сохранить локальный снимок и подключить его к валидатору.",Точная нормативная таблица указана в source; страницу нужно фиксировать при подключении соответствующего справочника.,Для R.IP.SP.02.002 структура и QName уже подтверждены; незакрытая часть — именно reference data.
MEDIUM,SEMANTIC_CLARIFICATIONS,OP22,P.SP.02,P.SP.02.PRC.014,P.SP.02.TRN.033,P.SP.02.OPR.054,P.SP.02.MSG.038,REQ 13,"Таблица 56/44, п.13 (R.IP.SP.02.002)",,R.IP.SP.02.002,ipcdo:TrademarkApplicationDetails,ipsdo:IPPartyKindCode,ipcdo:TrademarkApplicationDetails/ipcdo:IPPartyDetails/ipsdo:IPPartyKindCode,Классифицировано как AMBIGUOUS,Normative owner scope is ambiguous.,Нормативный источник / XSD,NONE,NO,NO,Уточнить нормативную формулировку сферы действия требования,Normative owner scope is ambiguous.,NEEDS_NORMATIVE_CLARIFICATION,NO,SEMANTIC_CLARIFICATIONS,P2,"Не закрывать догадкой. Формулировка IPPartyKindCode=AP без явного repeated-owner scope конфликтует с последующими правилами, где допускаются отдельные экземпляры PA и RE.","Официально подтвердить область действия REQ 13: это условие для конкретного экземпляра заявителя, а не глобальный запрет других IPPartyDetails. Зафиксировать разъяснение/исправленную редакцию.",ОП_22.pdf: пример блока REQ 13–22 — PDF 515–518; точная таблица конкретной строки указана в source,REQ 13 требует AP; REQ 14 требует ровно один экземпляр IPPartyDetails с AP; REQ 21 и 22 отдельно разрешают PA и RE. Глобальная трактовка REQ 13 поэтому противоречива.
HIGH,ENGINE_CAPABILITY_GAPS,OP22,P.SP.02,P.SP.02.PRC.014,P.SP.02.TRN.033,P.SP.02.OPR.054,P.SP.02.MSG.038,REQ 16,"Таблица 56/44, п.16 (R.IP.SP.02.002)",,R.IP.SP.02.002,ipcdo:TrademarkApplicationDetails,@nameRepresentationKindCode,ipcdo:TrademarkApplicationDetails/ipcdo:IPPartyDetails/ipsdo:IPSubjectName/@nameRepresentationKindCode,Классифицировано как ENGINE_UNSUPPORTED,NONE,Движок валидации правил,disjunction,YES,NO,Добавить поддержку возможности в rules engine: Conditional repeated/cross-collection correlation or disjunctive semantics is not expressible exactly.,No safe exact evaluator expression.,FIX_NOW_CODE,YES,ENGINE_CAPABILITY_GAPS,P1,"Можно закрывать сейчас. Нормативное правило уже найдено; пробел связан не с документами, а с отсутствующей возможностью rules_engine.",Реализовать capability: disjunction; добавить положительные и отрицательные тесты.,Использовать таблицу/пункт из поля source; дополнительных внешних документов не требуется.,Исходный реестр уже помечает can_fix_without_external_docs=YES для этой категории.
HIGH,ENGINE_CAPABILITY_GAPS,OP22,P.SP.02,P.SP.02.PRC.014,P.SP.02.TRN.033,P.SP.02.OPR.054,P.SP.02.MSG.038,REQ 17,"Таблица 56/44, п.17 (R.IP.SP.02.002)",,R.IP.SP.02.002,ipcdo:TrademarkApplicationDetails,ipsdo:IPSubjectName,ipcdo:TrademarkApplicationDetails/ipcdo:IPPartyDetails/ipsdo:IPSubjectName,Классифицировано как ENGINE_UNSUPPORTED,NONE,Движок валидации правил,disjunction,YES,NO,Добавить поддержку возможности в rules engine: Conditional repeated/cross-collection correlation or disjunctive semantics is not expressible exactly.,No safe exact evaluator expression.,FIX_NOW_CODE,YES,ENGINE_CAPABILITY_GAPS,P1,"Можно закрывать сейчас. Нормативное правило уже найдено; пробел связан не с документами, а с отсутствующей возможностью rules_engine.",Реализовать capability: disjunction; добавить положительные и отрицательные тесты.,Использовать таблицу/пункт из поля source; дополнительных внешних документов не требуется.,Исходный реестр уже помечает can_fix_without_external_docs=YES для этой категории.
HIGH,ENGINE_CAPABILITY_GAPS,OP22,P.SP.02,P.SP.02.PRC.014,P.SP.02.TRN.033,P.SP.02.OPR.054,P.SP.02.MSG.038,REQ 18,"Таблица 56/44, п.18 (R.IP.SP.02.002)",,R.IP.SP.02.002,ipcdo:TrademarkApplicationDetails,ipsdo:IPSubjectName,ipcdo:TrademarkApplicationDetails/ipcdo:IPPartyDetails/ipsdo:IPSubjectName,Классифицировано как ENGINE_UNSUPPORTED,NONE,Движок валидации правил,positional/ordinal access,YES,NO,Добавить поддержку возможности в rules engine: Conditional repeated/cross-collection correlation or disjunctive semantics is not expressible exactly.,No safe exact evaluator expression.,FIX_NOW_CODE,YES,ENGINE_CAPABILITY_GAPS,P1,"Можно закрывать сейчас. Нормативное правило уже найдено; пробел связан не с документами, а с отсутствующей возможностью rules_engine.",Реализовать capability: positional/ordinal access; добавить положительные и отрицательные тесты.,Использовать таблицу/пункт из поля source; дополнительных внешних документов не требуется.,Исходный реестр уже помечает can_fix_without_external_docs=YES для этой категории.
HIGH,ENGINE_CAPABILITY_GAPS,OP22,P.SP.02,P.SP.02.PRC.014,P.SP.02.TRN.033,P.SP.02.OPR.054,P.SP.02.MSG.038,REQ 19,"Таблица 56/44, п.19 (R.IP.SP.02.002)",,R.IP.SP.02.002,ipcdo:TrademarkApplicationDetails,ipsdo:IPSubjectName,ipcdo:TrademarkApplicationDetails/ipcdo:IPPartyDetails/ipsdo:IPSubjectName,Классифицировано как ENGINE_UNSUPPORTED,NONE,Движок валидации правил,positional/ordinal access,YES,NO,Добавить поддержку возможности в rules engine: Conditional repeated/cross-collection correlation or disjunctive semantics is not expressible exactly.,No safe exact evaluator expression.,FIX_NOW_CODE,YES,ENGINE_CAPABILITY_GAPS,P1,"Можно закрывать сейчас. Нормативное правило уже найдено; пробел связан не с документами, а с отсутствующей возможностью rules_engine.",Реализовать capability: positional/ordinal access; добавить положительные и отрицательные тесты.,Использовать таблицу/пункт из поля source; дополнительных внешних документов не требуется.,Исходный реестр уже помечает can_fix_without_external_docs=YES для этой категории.
HIGH,ENGINE_CAPABILITY_GAPS,OP22,P.SP.02,P.SP.02.PRC.014,P.SP.02.TRN.033,P.SP.02.OPR.054,P.SP.02.MSG.038,REQ 20,"Таблица 56/44, п.20 (R.IP.SP.02.002)",,R.IP.SP.02.002,ipcdo:TrademarkApplicationDetails,csdo:AddressKindCode,ipcdo:TrademarkApplicationDetails/ipcdo:IPPartyDetails/ccdo:SubjectAddressDetails/csdo:AddressKindCode,Классифицировано как ENGINE_UNSUPPORTED,NONE,Движок валидации правил,disjunction,YES,NO,Добавить поддержку возможности в rules engine: Conditional repeated/cross-collection correlation or disjunctive semantics is not expressible exactly.,No safe exact evaluator expression.,FIX_NOW_CODE,YES,ENGINE_CAPABILITY_GAPS,P1,"Можно закрывать сейчас. Нормативное правило уже найдено; пробел связан не с документами, а с отсутствующей возможностью rules_engine.",Реализовать capability: disjunction; добавить положительные и отрицательные тесты.,Использовать таблицу/пункт из поля source; дополнительных внешних документов не требуется.,Исходный реестр уже помечает can_fix_without_external_docs=YES для этой категории.
HIGH,ENGINE_CAPABILITY_GAPS,OP22,P.SP.02,P.SP.02.PRC.014,P.SP.02.TRN.033,P.SP.02.OPR.054,P.SP.02.MSG.038,REQ 26,"Таблица 56/44, п.26 (R.IP.SP.02.002)",,R.IP.SP.02.002,ipcdo:TrademarkApplicationDetails,ipsdo:TrademarkKindCode,ipcdo:TrademarkApplicationDetails/ipcdo:TrademarkDetails/ipsdo:TrademarkKindCode,Классифицировано как ENGINE_UNSUPPORTED,NONE,Движок валидации правил,disjunction,YES,NO,Добавить поддержку возможности в rules engine: Conditional repeated/cross-collection correlation or disjunctive semantics is not expressible exactly.,No safe exact evaluator expression.,FIX_NOW_CODE,YES,ENGINE_CAPABILITY_GAPS,P1,"Можно закрывать сейчас. Нормативное правило уже найдено; пробел связан не с документами, а с отсутствующей возможностью rules_engine.",Реализовать capability: disjunction; добавить положительные и отрицательные тесты.,Использовать таблицу/пункт из поля source; дополнительных внешних документов не требуется.,Исходный реестр уже помечает can_fix_without_external_docs=YES для этой категории.
MEDIUM,CLASSIFIERS_AND_REFERENCE_DATA,OP22,P.SP.02,P.SP.02.PRC.014,P.SP.02.TRN.033,P.SP.02.OPR.054,P.SP.02.MSG.038,REQ 31,"Таблица 56, п.31 (R.IP.SP.02.002)",,R.IP.SP.02.002,ipcdo:TrademarkApplicationDetails,ipcdo:TrademarkApplicationDetails,ipcdo:TrademarkApplicationDetails,Классифицировано как EXTERNAL,priority-kind classifier,Решение Коллегии ЕЭК №92 / реестр Союза,NONE,NO,NO,Подключить машиночитаемый справочник/классификатор ЕЭК,External classifier/resource semantics are not executable.,NEEDS_REFERENCE_DATA,NO,CLASSIFIERS_AND_REFERENCE_DATA,P2,"Правило в PDF есть, но полная офлайн-проверка зависит от официального справочника/классификатора. Одного текста регламента недостаточно, если нужно определить наличие кода или допустимое значение.","Получить официальный машиночитаемый классификатор/справочник, зафиксировать его версию/дату, сохранить локальный снимок и подключить его к валидатору.",Точная нормативная таблица указана в source; страницу нужно фиксировать при подключении соответствующего справочника.,Для R.IP.SP.02.002 структура и QName уже подтверждены; незакрытая часть — именно reference data.
MEDIUM,CLASSIFIERS_AND_REFERENCE_DATA,OP22,P.SP.02,P.SP.02.PRC.015,P.SP.02.TRN.034,P.SP.02.OPR.061,P.SP.02.MSG.039,REQ 2,"Таблица 57, п.2 (R.IP.SP.02.002)",,R.IP.SP.02.002,ipcdo:TrademarkApplicationDetails,ipsdo:IPDocKindCode,ipcdo:TrademarkApplicationDetails/ipsdo:IPDocKindCode,Классифицировано как EXTERNAL,classifier of document/material kinds,Решение Коллегии ЕЭК №92 / реестр Союза,NONE,NO,NO,Подключить машиночитаемый справочник/классификатор ЕЭК,The branch depends on authoritative classifier presence/absence and lookup; no local executable rule is safe.,NEEDS_REFERENCE_DATA,NO,CLASSIFIERS_AND_REFERENCE_DATA,P2,"Правило в PDF есть, но полная офлайн-проверка зависит от официального справочника/классификатора. Одного текста регламента недостаточно, если нужно определить наличие кода или допустимое значение.","Получить официальный машиночитаемый классификатор/справочник, зафиксировать его версию/дату, сохранить локальный снимок и подключить его к валидатору.",Точная нормативная таблица указана в source; страницу нужно фиксировать при подключении соответствующего справочника.,Для R.IP.SP.02.002 структура и QName уже подтверждены; незакрытая часть — именно reference data.
MEDIUM,CLASSIFIERS_AND_REFERENCE_DATA,OP22,P.SP.02,P.SP.02.PRC.015,P.SP.02.TRN.034,P.SP.02.OPR.061,P.SP.02.MSG.039,REQ 3,"Таблица 57, п.3 (R.IP.SP.02.002)",,R.IP.SP.02.002,ipcdo:TrademarkApplicationDetails,ipsdo:IPDocKindCode,ipcdo:TrademarkApplicationDetails/ipsdo:IPDocKindCode,Классифицировано как EXTERNAL,classifier of document/material kinds,Решение Коллегии ЕЭК №92 / реестр Союза,NONE,NO,NO,Подключить машиночитаемый справочник/классификатор ЕЭК,The branch depends on authoritative classifier presence/absence and lookup; no local executable rule is safe.,NEEDS_REFERENCE_DATA,NO,CLASSIFIERS_AND_REFERENCE_DATA,P2,"Правило в PDF есть, но полная офлайн-проверка зависит от официального справочника/классификатора. Одного текста регламента недостаточно, если нужно определить наличие кода или допустимое значение.","Получить официальный машиночитаемый классификатор/справочник, зафиксировать его версию/дату, сохранить локальный снимок и подключить его к валидатору.",Точная нормативная таблица указана в source; страницу нужно фиксировать при подключении соответствующего справочника.,Для R.IP.SP.02.002 структура и QName уже подтверждены; незакрытая часть — именно reference data.
LOW,CLASSIFIERS_AND_REFERENCE_DATA,OP22,P.SP.02,P.SP.02.PRC.015,P.SP.02.TRN.034,P.SP.02.OPR.061,P.SP.02.MSG.039,REQ 4,"Таблица 57, п.4 (R.IP.SP.02.002)",,R.IP.SP.02.002,ipcdo:TrademarkApplicationDetails,ipsdo:TrademarkApplicationId,ipcdo:TrademarkApplicationDetails/ipsdo:TrademarkApplicationId,Классифицировано как SAFE_PARTIAL,national patent-office application information resource,Решение Коллегии ЕЭК №92 / реестр Союза,NONE,NO,NO,Расширить валидацию после получения эталонного реестра,Local TrademarkApplicationId presence is independently required; resource/status/equality semantics are external.,NEEDS_REFERENCE_DATA,NO,CLASSIFIERS_AND_REFERENCE_DATA,P2,"Правило в PDF есть, но полная офлайн-проверка зависит от официального справочника/классификатора. Одного текста регламента недостаточно, если нужно определить наличие кода или допустимое значение.","Получить официальный машиночитаемый классификатор/справочник, зафиксировать его версию/дату, сохранить локальный снимок и подключить его к валидатору.",Точная нормативная таблица указана в source; страницу нужно фиксировать при подключении соответствующего справочника.,Для R.IP.SP.02.002 структура и QName уже подтверждены; незакрытая часть — именно reference data.
MEDIUM,SEMANTIC_CLARIFICATIONS,OP22,P.SP.02,P.SP.02.PRC.015,P.SP.02.TRN.034,P.SP.02.OPR.061,P.SP.02.MSG.039,REQ 13,"Таблица 57/44, п.13 (R.IP.SP.02.002)",,R.IP.SP.02.002,ipcdo:TrademarkApplicationDetails/ipcdo:IPPartyDetails,ipsdo:IPPartyKindCode,ipcdo:TrademarkApplicationDetails/ipcdo:IPPartyDetails/ipsdo:IPPartyKindCode,Классифицировано как AMBIGUOUS,owner/instance scope is ambiguous,Нормативный источник / XSD,owner/instance scope is ambiguous,NO,NO,Уточнить нормативную формулировку сферы действия требования,Table 44 AP code requirement does not establish a sufficiently explicit owner/instance scope beyond REQ14.,NEEDS_NORMATIVE_CLARIFICATION,NO,SEMANTIC_CLARIFICATIONS,P2,"Не закрывать догадкой. Формулировка IPPartyKindCode=AP без явного repeated-owner scope конфликтует с последующими правилами, где допускаются отдельные экземпляры PA и RE.","Официально подтвердить область действия REQ 13: это условие для конкретного экземпляра заявителя, а не глобальный запрет других IPPartyDetails. Зафиксировать разъяснение/исправленную редакцию.",ОП_22.pdf: пример блока REQ 13–22 — PDF 515–518; точная таблица конкретной строки указана в source,REQ 13 требует AP; REQ 14 требует ровно один экземпляр IPPartyDetails с AP; REQ 21 и 22 отдельно разрешают PA и RE. Глобальная трактовка REQ 13 поэтому противоречива.
HIGH,ENGINE_CAPABILITY_GAPS,OP22,P.SP.02,P.SP.02.PRC.015,P.SP.02.TRN.034,P.SP.02.OPR.061,P.SP.02.MSG.039,REQ 16,"Таблица 57/44, п.16 (R.IP.SP.02.002)",,R.IP.SP.02.002,ipcdo:TrademarkApplicationDetails/ipcdo:IPPartyDetails/ipsdo:IPSubjectName,@nameRepresentationKindCode,ipcdo:TrademarkApplicationDetails/ipcdo:IPPartyDetails/ipsdo:IPSubjectName/@nameRepresentationKindCode,Классифицировано как ENGINE_UNSUPPORTED,NONE,Движок валидации правил,positional/ordinal access,YES,NO,Добавить поддержку возможности в rules engine: missing exact ordinal or repeated-instance correlation semantics,Required ordinal/language/repeated-instance correlation cannot be represented exactly by the current evaluator.,FIX_NOW_CODE,YES,ENGINE_CAPABILITY_GAPS,P1,"Можно закрывать сейчас. Нормативное правило уже найдено; пробел связан не с документами, а с отсутствующей возможностью rules_engine.",Реализовать capability: positional/ordinal access; добавить положительные и отрицательные тесты.,Использовать таблицу/пункт из поля source; дополнительных внешних документов не требуется.,Исходный реестр уже помечает can_fix_without_external_docs=YES для этой категории.
HIGH,ENGINE_CAPABILITY_GAPS,OP22,P.SP.02,P.SP.02.PRC.015,P.SP.02.TRN.034,P.SP.02.OPR.061,P.SP.02.MSG.039,REQ 17,"Таблица 57/44, п.17 (R.IP.SP.02.002)",,R.IP.SP.02.002,ipcdo:TrademarkApplicationDetails/ipcdo:IPPartyDetails,ipsdo:IPSubjectName,ipcdo:TrademarkApplicationDetails/ipcdo:IPPartyDetails/ipsdo:IPSubjectName,Классифицировано как ENGINE_UNSUPPORTED,NONE,Движок валидации правил,positional/ordinal access,YES,NO,Добавить поддержку возможности в rules engine: missing exact ordinal or repeated-instance correlation semantics,Required ordinal/language/repeated-instance correlation cannot be represented exactly by the current evaluator.,FIX_NOW_CODE,YES,ENGINE_CAPABILITY_GAPS,P1,"Можно закрывать сейчас. Нормативное правило уже найдено; пробел связан не с документами, а с отсутствующей возможностью rules_engine.",Реализовать capability: positional/ordinal access; добавить положительные и отрицательные тесты.,Использовать таблицу/пункт из поля source; дополнительных внешних документов не требуется.,Исходный реестр уже помечает can_fix_without_external_docs=YES для этой категории.
HIGH,ENGINE_CAPABILITY_GAPS,OP22,P.SP.02,P.SP.02.PRC.015,P.SP.02.TRN.034,P.SP.02.OPR.061,P.SP.02.MSG.039,REQ 18,"Таблица 57/44, п.18 (R.IP.SP.02.002)",,R.IP.SP.02.002,ipcdo:TrademarkApplicationDetails/ipcdo:IPPartyDetails,ipsdo:IPSubjectName,ipcdo:TrademarkApplicationDetails/ipcdo:IPPartyDetails/ipsdo:IPSubjectName,Классифицировано как ENGINE_UNSUPPORTED,NONE,Движок валидации правил,positional/ordinal access,YES,NO,Добавить поддержку возможности в rules engine: missing exact ordinal or repeated-instance correlation semantics,Required ordinal/language/repeated-instance correlation cannot be represented exactly by the current evaluator.,FIX_NOW_CODE,YES,ENGINE_CAPABILITY_GAPS,P1,"Можно закрывать сейчас. Нормативное правило уже найдено; пробел связан не с документами, а с отсутствующей возможностью rules_engine.",Реализовать capability: positional/ordinal access; добавить положительные и отрицательные тесты.,Использовать таблицу/пункт из поля source; дополнительных внешних документов не требуется.,Исходный реестр уже помечает can_fix_without_external_docs=YES для этой категории.
HIGH,ENGINE_CAPABILITY_GAPS,OP22,P.SP.02,P.SP.02.PRC.015,P.SP.02.TRN.034,P.SP.02.OPR.061,P.SP.02.MSG.039,REQ 19,"Таблица 57/44, п.19 (R.IP.SP.02.002)",,R.IP.SP.02.002,ipcdo:TrademarkApplicationDetails/ipcdo:IPPartyDetails,ipsdo:IPSubjectName,ipcdo:TrademarkApplicationDetails/ipcdo:IPPartyDetails/ipsdo:IPSubjectName,Классифицировано как ENGINE_UNSUPPORTED,NONE,Движок валидации правил,positional/ordinal access,YES,NO,Добавить поддержку возможности в rules engine: missing exact ordinal or repeated-instance correlation semantics,Required ordinal/language/repeated-instance correlation cannot be represented exactly by the current evaluator.,FIX_NOW_CODE,YES,ENGINE_CAPABILITY_GAPS,P1,"Можно закрывать сейчас. Нормативное правило уже найдено; пробел связан не с документами, а с отсутствующей возможностью rules_engine.",Реализовать capability: positional/ordinal access; добавить положительные и отрицательные тесты.,Использовать таблицу/пункт из поля source; дополнительных внешних документов не требуется.,Исходный реестр уже помечает can_fix_without_external_docs=YES для этой категории.
HIGH,ENGINE_CAPABILITY_GAPS,OP22,P.SP.02,P.SP.02.PRC.015,P.SP.02.TRN.034,P.SP.02.OPR.061,P.SP.02.MSG.039,REQ 20,"Таблица 57/44, п.20 (R.IP.SP.02.002)",,R.IP.SP.02.002,ipcdo:TrademarkApplicationDetails/ipcdo:IPPartyDetails/ccdo:SubjectAddressDetails,csdo:AddressKindCode,ipcdo:TrademarkApplicationDetails/ipcdo:IPPartyDetails/ccdo:SubjectAddressDetails/csdo:AddressKindCode,Классифицировано как ENGINE_UNSUPPORTED,NONE,Движок валидации правил,positional/ordinal access,YES,NO,Добавить поддержку возможности в rules engine: missing exact ordinal or repeated-instance correlation semantics,Required ordinal/language/repeated-instance correlation cannot be represented exactly by the current evaluator.,FIX_NOW_CODE,YES,ENGINE_CAPABILITY_GAPS,P1,"Можно закрывать сейчас. Нормативное правило уже найдено; пробел связан не с документами, а с отсутствующей возможностью rules_engine.",Реализовать capability: positional/ordinal access; добавить положительные и отрицательные тесты.,Использовать таблицу/пункт из поля source; дополнительных внешних документов не требуется.,Исходный реестр уже помечает can_fix_without_external_docs=YES для этой категории.
HIGH,ENGINE_CAPABILITY_GAPS,OP22,P.SP.02,P.SP.02.PRC.015,P.SP.02.TRN.034,P.SP.02.OPR.061,P.SP.02.MSG.039,REQ 26,"Таблица 57/44, п.26 (R.IP.SP.02.002)",,R.IP.SP.02.002,ipcdo:TrademarkApplicationDetails/ipcdo:TrademarkDetails,ipsdo:TrademarkKindCode,ipcdo:TrademarkApplicationDetails/ipcdo:TrademarkDetails/ipsdo:TrademarkKindCode,Классифицировано как ENGINE_UNSUPPORTED,NONE,Движок валидации правил,disjunction,YES,NO,Добавить поддержку возможности в rules engine: missing exact same-parent disjunctive code-or-name assertion,Normative semantics require TrademarkKindCode OR TrademarkKindName correspondence within the same TrademarkDetails; AND would be incorrect.,FIX_NOW_CODE,YES,ENGINE_CAPABILITY_GAPS,P1,"Можно закрывать сейчас. Нормативное правило уже найдено; пробел связан не с документами, а с отсутствующей возможностью rules_engine.",Реализовать capability: disjunction; добавить положительные и отрицательные тесты.,Использовать таблицу/пункт из поля source; дополнительных внешних документов не требуется.,Исходный реестр уже помечает can_fix_without_external_docs=YES для этой категории.
MEDIUM,CLASSIFIERS_AND_REFERENCE_DATA,OP22,P.SP.02,P.SP.02.PRC.016,P.SP.02.TRN.035,P.SP.02.OPR.064,P.SP.02.MSG.040,REQ 2,"Таблица 58, п.2 (R.IP.SP.02.002)",,R.IP.SP.02.002,ipcdo:TrademarkApplicationDetails,ipcdo:TrademarkApplicationDetails,ipcdo:TrademarkApplicationDetails,Классифицировано как EXTERNAL,classifier/resource,Решение Коллегии ЕЭК №92 / реестр Союза,NONE,NO,NO,Подключить машиночитаемый справочник/классификатор ЕЭК,External classifier/resource semantics are not executable.,NEEDS_REFERENCE_DATA,NO,CLASSIFIERS_AND_REFERENCE_DATA,P2,"Правило в PDF есть, но полная офлайн-проверка зависит от официального справочника/классификатора. Одного текста регламента недостаточно, если нужно определить наличие кода или допустимое значение.","Получить официальный машиночитаемый классификатор/справочник, зафиксировать его версию/дату, сохранить локальный снимок и подключить его к валидатору.",Точная нормативная таблица указана в source; страницу нужно фиксировать при подключении соответствующего справочника.,Для R.IP.SP.02.002 структура и QName уже подтверждены; незакрытая часть — именно reference data.
MEDIUM,CLASSIFIERS_AND_REFERENCE_DATA,OP22,P.SP.02,P.SP.02.PRC.016,P.SP.02.TRN.035,P.SP.02.OPR.064,P.SP.02.MSG.040,REQ 3,"Таблица 58, п.3 (R.IP.SP.02.002)",,R.IP.SP.02.002,ipcdo:TrademarkApplicationDetails,ipcdo:TrademarkApplicationDetails,ipcdo:TrademarkApplicationDetails,Классифицировано как EXTERNAL,classifier/resource,Решение Коллегии ЕЭК №92 / реестр Союза,NONE,NO,NO,Подключить машиночитаемый справочник/классификатор ЕЭК,External classifier/resource semantics are not executable.,NEEDS_REFERENCE_DATA,NO,CLASSIFIERS_AND_REFERENCE_DATA,P2,"Правило в PDF есть, но полная офлайн-проверка зависит от официального справочника/классификатора. Одного текста регламента недостаточно, если нужно определить наличие кода или допустимое значение.","Получить официальный машиночитаемый классификатор/справочник, зафиксировать его версию/дату, сохранить локальный снимок и подключить его к валидатору.",Точная нормативная таблица указана в source; страницу нужно фиксировать при подключении соответствующего справочника.,Для R.IP.SP.02.002 структура и QName уже подтверждены; незакрытая часть — именно reference data.
LOW,CLASSIFIERS_AND_REFERENCE_DATA,OP22,P.SP.02,P.SP.02.PRC.016,P.SP.02.TRN.035,P.SP.02.OPR.064,P.SP.02.MSG.040,REQ 4,"Таблица 58, п.4 (R.IP.SP.02.002)",,R.IP.SP.02.002,ipcdo:TrademarkApplicationDetails,ipsdo:TrademarkApplicationId,ipcdo:TrademarkApplicationDetails/ipsdo:TrademarkApplicationId,Классифицировано как SAFE_PARTIAL,national patent-office application information resource,Решение Коллегии ЕЭК №92 / реестр Союза,NONE,NO,NO,Расширить валидацию после получения эталонного реестра,Local identifier presence is executable; external resource state/equality is not.,NEEDS_REFERENCE_DATA,NO,CLASSIFIERS_AND_REFERENCE_DATA,P2,"Правило в PDF есть, но полная офлайн-проверка зависит от официального справочника/классификатора. Одного текста регламента недостаточно, если нужно определить наличие кода или допустимое значение.","Получить официальный машиночитаемый классификатор/справочник, зафиксировать его версию/дату, сохранить локальный снимок и подключить его к валидатору.",Точная нормативная таблица указана в source; страницу нужно фиксировать при подключении соответствующего справочника.,Для R.IP.SP.02.002 структура и QName уже подтверждены; незакрытая часть — именно reference data.
MEDIUM,SEMANTIC_CLARIFICATIONS,OP22,P.SP.02,P.SP.02.PRC.016,P.SP.02.TRN.035,P.SP.02.OPR.064,P.SP.02.MSG.040,REQ 13,"Таблица 58/44, п.13 (R.IP.SP.02.002)",,R.IP.SP.02.002,ipcdo:IPPartyDetails,ipsdo:IPPartyKindCode,ipcdo:TrademarkApplicationDetails/ipcdo:IPPartyDetails/ipsdo:IPPartyKindCode,Классифицировано как AMBIGUOUS,Normative owner scope is ambiguous.,Нормативный источник / XSD,NONE,NO,NO,Уточнить нормативную формулировку сферы действия требования,Normative owner scope is ambiguous.,NEEDS_NORMATIVE_CLARIFICATION,NO,SEMANTIC_CLARIFICATIONS,P2,"Не закрывать догадкой. Формулировка IPPartyKindCode=AP без явного repeated-owner scope конфликтует с последующими правилами, где допускаются отдельные экземпляры PA и RE.","Официально подтвердить область действия REQ 13: это условие для конкретного экземпляра заявителя, а не глобальный запрет других IPPartyDetails. Зафиксировать разъяснение/исправленную редакцию.",ОП_22.pdf: пример блока REQ 13–22 — PDF 515–518; точная таблица конкретной строки указана в source,REQ 13 требует AP; REQ 14 требует ровно один экземпляр IPPartyDetails с AP; REQ 21 и 22 отдельно разрешают PA и RE. Глобальная трактовка REQ 13 поэтому противоречива.
HIGH,ENGINE_CAPABILITY_GAPS,OP22,P.SP.02,P.SP.02.PRC.016,P.SP.02.TRN.035,P.SP.02.OPR.064,P.SP.02.MSG.040,REQ 16,"Таблица 58/44, п.16 (R.IP.SP.02.002)",,R.IP.SP.02.002,ipcdo:TrademarkApplicationDetails,ipcdo:TrademarkApplicationDetails,ipcdo:TrademarkApplicationDetails,Классифицировано как ENGINE_UNSUPPORTED,NONE,Движок валидации правил,disjunction,YES,NO,Добавить поддержку возможности в rules engine: Exact disjunctive/cross-instance semantics are not expressible.,No safe exact evaluator expression.,FIX_NOW_CODE,YES,ENGINE_CAPABILITY_GAPS,P1,"Можно закрывать сейчас. Нормативное правило уже найдено; пробел связан не с документами, а с отсутствующей возможностью rules_engine.",Реализовать capability: disjunction; добавить положительные и отрицательные тесты.,Использовать таблицу/пункт из поля source; дополнительных внешних документов не требуется.,Исходный реестр уже помечает can_fix_without_external_docs=YES для этой категории.
HIGH,ENGINE_CAPABILITY_GAPS,OP22,P.SP.02,P.SP.02.PRC.016,P.SP.02.TRN.035,P.SP.02.OPR.064,P.SP.02.MSG.040,REQ 17,"Таблица 58/44, п.17 (R.IP.SP.02.002)",,R.IP.SP.02.002,ipcdo:TrademarkApplicationDetails,ipcdo:TrademarkApplicationDetails,ipcdo:TrademarkApplicationDetails,Классифицировано как ENGINE_UNSUPPORTED,NONE,Движок валидации правил,disjunction,YES,NO,Добавить поддержку возможности в rules engine: Exact disjunctive/cross-instance semantics are not expressible.,No safe exact evaluator expression.,FIX_NOW_CODE,YES,ENGINE_CAPABILITY_GAPS,P1,"Можно закрывать сейчас. Нормативное правило уже найдено; пробел связан не с документами, а с отсутствующей возможностью rules_engine.",Реализовать capability: disjunction; добавить положительные и отрицательные тесты.,Использовать таблицу/пункт из поля source; дополнительных внешних документов не требуется.,Исходный реестр уже помечает can_fix_without_external_docs=YES для этой категории.
HIGH,ENGINE_CAPABILITY_GAPS,OP22,P.SP.02,P.SP.02.PRC.016,P.SP.02.TRN.035,P.SP.02.OPR.064,P.SP.02.MSG.040,REQ 18,"Таблица 58/44, п.18 (R.IP.SP.02.002)",,R.IP.SP.02.002,ipcdo:TrademarkApplicationDetails,ipcdo:TrademarkApplicationDetails,ipcdo:TrademarkApplicationDetails,Классифицировано как ENGINE_UNSUPPORTED,NONE,Движок валидации правил,positional/ordinal access,YES,NO,Добавить поддержку возможности в rules engine: Exact disjunctive/cross-instance semantics are not expressible.,No safe exact evaluator expression.,FIX_NOW_CODE,YES,ENGINE_CAPABILITY_GAPS,P1,"Можно закрывать сейчас. Нормативное правило уже найдено; пробел связан не с документами, а с отсутствующей возможностью rules_engine.",Реализовать capability: positional/ordinal access; добавить положительные и отрицательные тесты.,Использовать таблицу/пункт из поля source; дополнительных внешних документов не требуется.,Исходный реестр уже помечает can_fix_without_external_docs=YES для этой категории.
HIGH,ENGINE_CAPABILITY_GAPS,OP22,P.SP.02,P.SP.02.PRC.016,P.SP.02.TRN.035,P.SP.02.OPR.064,P.SP.02.MSG.040,REQ 19,"Таблица 58/44, п.19 (R.IP.SP.02.002)",,R.IP.SP.02.002,ipcdo:TrademarkApplicationDetails,ipcdo:TrademarkApplicationDetails,ipcdo:TrademarkApplicationDetails,Классифицировано как ENGINE_UNSUPPORTED,NONE,Движок валидации правил,positional/ordinal access,YES,NO,Добавить поддержку возможности в rules engine: Exact disjunctive/cross-instance semantics are not expressible.,No safe exact evaluator expression.,FIX_NOW_CODE,YES,ENGINE_CAPABILITY_GAPS,P1,"Можно закрывать сейчас. Нормативное правило уже найдено; пробел связан не с документами, а с отсутствующей возможностью rules_engine.",Реализовать capability: positional/ordinal access; добавить положительные и отрицательные тесты.,Использовать таблицу/пункт из поля source; дополнительных внешних документов не требуется.,Исходный реестр уже помечает can_fix_without_external_docs=YES для этой категории.
HIGH,ENGINE_CAPABILITY_GAPS,OP22,P.SP.02,P.SP.02.PRC.016,P.SP.02.TRN.035,P.SP.02.OPR.064,P.SP.02.MSG.040,REQ 20,"Таблица 58/44, п.20 (R.IP.SP.02.002)",,R.IP.SP.02.002,ipcdo:TrademarkApplicationDetails,ipcdo:TrademarkApplicationDetails,ipcdo:TrademarkApplicationDetails,Классифицировано как ENGINE_UNSUPPORTED,NONE,Движок валидации правил,disjunction,YES,NO,Добавить поддержку возможности в rules engine: Exact disjunctive/cross-instance semantics are not expressible.,No safe exact evaluator expression.,FIX_NOW_CODE,YES,ENGINE_CAPABILITY_GAPS,P1,"Можно закрывать сейчас. Нормативное правило уже найдено; пробел связан не с документами, а с отсутствующей возможностью rules_engine.",Реализовать capability: disjunction; добавить положительные и отрицательные тесты.,Использовать таблицу/пункт из поля source; дополнительных внешних документов не требуется.,Исходный реестр уже помечает can_fix_without_external_docs=YES для этой категории.
HIGH,ENGINE_CAPABILITY_GAPS,OP22,P.SP.02,P.SP.02.PRC.016,P.SP.02.TRN.035,P.SP.02.OPR.064,P.SP.02.MSG.040,REQ 26,"Таблица 58/44, п.26 (R.IP.SP.02.002)",,R.IP.SP.02.002,ipcdo:TrademarkApplicationDetails,ipcdo:TrademarkApplicationDetails,ipcdo:TrademarkApplicationDetails,Классифицировано как ENGINE_UNSUPPORTED,NONE,Движок валидации правил,disjunction,YES,NO,Добавить поддержку возможности в rules engine: Exact disjunctive/cross-instance semantics are not expressible.,No safe exact evaluator expression.,FIX_NOW_CODE,YES,ENGINE_CAPABILITY_GAPS,P1,"Можно закрывать сейчас. Нормативное правило уже найдено; пробел связан не с документами, а с отсутствующей возможностью rules_engine.",Реализовать capability: disjunction; добавить положительные и отрицательные тесты.,Использовать таблицу/пункт из поля source; дополнительных внешних документов не требуется.,Исходный реестр уже помечает can_fix_without_external_docs=YES для этой категории.
MEDIUM,CLASSIFIERS_AND_REFERENCE_DATA,OP22,P.SP.02,P.SP.02.PRC.018,P.SP.02.TRN.036,P.SP.02.OPR.072,P.SP.02.MSG.041,REQ 2,"Таблица 59, п.2 (R.IP.SP.02.002)",,R.IP.SP.02.002,ipcdo:TrademarkApplicationDetails,ipcdo:TrademarkApplicationDetails,ipcdo:TrademarkApplicationDetails,Классифицировано как EXTERNAL,classifier/resource,Решение Коллегии ЕЭК №92 / реестр Союза,NONE,NO,NO,Подключить машиночитаемый справочник/классификатор ЕЭК,External classifier/resource semantics are not executable.,NEEDS_REFERENCE_DATA,NO,CLASSIFIERS_AND_REFERENCE_DATA,P2,"Правило в PDF есть, но полная офлайн-проверка зависит от официального справочника/классификатора. Одного текста регламента недостаточно, если нужно определить наличие кода или допустимое значение.","Получить официальный машиночитаемый классификатор/справочник, зафиксировать его версию/дату, сохранить локальный снимок и подключить его к валидатору.",Точная нормативная таблица указана в source; страницу нужно фиксировать при подключении соответствующего справочника.,Для R.IP.SP.02.002 структура и QName уже подтверждены; незакрытая часть — именно reference data.
MEDIUM,CLASSIFIERS_AND_REFERENCE_DATA,OP22,P.SP.02,P.SP.02.PRC.018,P.SP.02.TRN.036,P.SP.02.OPR.072,P.SP.02.MSG.041,REQ 3,"Таблица 59, п.3 (R.IP.SP.02.002)",,R.IP.SP.02.002,ipcdo:TrademarkApplicationDetails,ipcdo:TrademarkApplicationDetails,ipcdo:TrademarkApplicationDetails,Классифицировано как EXTERNAL,classifier/resource,Решение Коллегии ЕЭК №92 / реестр Союза,NONE,NO,NO,Подключить машиночитаемый справочник/классификатор ЕЭК,External classifier/resource semantics are not executable.,NEEDS_REFERENCE_DATA,NO,CLASSIFIERS_AND_REFERENCE_DATA,P2,"Правило в PDF есть, но полная офлайн-проверка зависит от официального справочника/классификатора. Одного текста регламента недостаточно, если нужно определить наличие кода или допустимое значение.","Получить официальный машиночитаемый классификатор/справочник, зафиксировать его версию/дату, сохранить локальный снимок и подключить его к валидатору.",Точная нормативная таблица указана в source; страницу нужно фиксировать при подключении соответствующего справочника.,Для R.IP.SP.02.002 структура и QName уже подтверждены; незакрытая часть — именно reference data.
LOW,CLASSIFIERS_AND_REFERENCE_DATA,OP22,P.SP.02,P.SP.02.PRC.018,P.SP.02.TRN.036,P.SP.02.OPR.072,P.SP.02.MSG.041,REQ 4,"Таблица 59, п.4 (R.IP.SP.02.002)",,R.IP.SP.02.002,ipcdo:TrademarkApplicationDetails,ipsdo:TrademarkApplicationId,ipcdo:TrademarkApplicationDetails/ipsdo:TrademarkApplicationId,Классифицировано как SAFE_PARTIAL,national patent-office application information resource,Решение Коллегии ЕЭК №92 / реестр Союза,NONE,NO,NO,Расширить валидацию после получения эталонного реестра,Local identifier presence is executable; external resource state/equality is not.,NEEDS_REFERENCE_DATA,NO,CLASSIFIERS_AND_REFERENCE_DATA,P2,"Правило в PDF есть, но полная офлайн-проверка зависит от официального справочника/классификатора. Одного текста регламента недостаточно, если нужно определить наличие кода или допустимое значение.","Получить официальный машиночитаемый классификатор/справочник, зафиксировать его версию/дату, сохранить локальный снимок и подключить его к валидатору.",Точная нормативная таблица указана в source; страницу нужно фиксировать при подключении соответствующего справочника.,Для R.IP.SP.02.002 структура и QName уже подтверждены; незакрытая часть — именно reference data.
MEDIUM,SEMANTIC_CLARIFICATIONS,OP22,P.SP.02,P.SP.02.PRC.018,P.SP.02.TRN.036,P.SP.02.OPR.072,P.SP.02.MSG.041,REQ 13,"Таблица 59/44, п.13 (R.IP.SP.02.002)",,R.IP.SP.02.002,ipcdo:IPPartyDetails,ipsdo:IPPartyKindCode,ipcdo:TrademarkApplicationDetails/ipcdo:IPPartyDetails/ipsdo:IPPartyKindCode,Классифицировано как AMBIGUOUS,Normative owner scope is ambiguous.,Нормативный источник / XSD,NONE,NO,NO,Уточнить нормативную формулировку сферы действия требования,Normative owner scope is ambiguous.,NEEDS_NORMATIVE_CLARIFICATION,NO,SEMANTIC_CLARIFICATIONS,P2,"Не закрывать догадкой. Формулировка IPPartyKindCode=AP без явного repeated-owner scope конфликтует с последующими правилами, где допускаются отдельные экземпляры PA и RE.","Официально подтвердить область действия REQ 13: это условие для конкретного экземпляра заявителя, а не глобальный запрет других IPPartyDetails. Зафиксировать разъяснение/исправленную редакцию.",ОП_22.pdf: пример блока REQ 13–22 — PDF 515–518; точная таблица конкретной строки указана в source,REQ 13 требует AP; REQ 14 требует ровно один экземпляр IPPartyDetails с AP; REQ 21 и 22 отдельно разрешают PA и RE. Глобальная трактовка REQ 13 поэтому противоречива.
HIGH,ENGINE_CAPABILITY_GAPS,OP22,P.SP.02,P.SP.02.PRC.018,P.SP.02.TRN.036,P.SP.02.OPR.072,P.SP.02.MSG.041,REQ 16,"Таблица 59/44, п.16 (R.IP.SP.02.002)",,R.IP.SP.02.002,ipcdo:TrademarkApplicationDetails,ipcdo:TrademarkApplicationDetails,ipcdo:TrademarkApplicationDetails,Классифицировано как ENGINE_UNSUPPORTED,NONE,Движок валидации правил,disjunction,YES,NO,Добавить поддержку возможности в rules engine: Exact disjunctive/cross-instance semantics are not expressible.,No safe exact evaluator expression.,FIX_NOW_CODE,YES,ENGINE_CAPABILITY_GAPS,P1,"Можно закрывать сейчас. Нормативное правило уже найдено; пробел связан не с документами, а с отсутствующей возможностью rules_engine.",Реализовать capability: disjunction; добавить положительные и отрицательные тесты.,Использовать таблицу/пункт из поля source; дополнительных внешних документов не требуется.,Исходный реестр уже помечает can_fix_without_external_docs=YES для этой категории.
HIGH,ENGINE_CAPABILITY_GAPS,OP22,P.SP.02,P.SP.02.PRC.018,P.SP.02.TRN.036,P.SP.02.OPR.072,P.SP.02.MSG.041,REQ 17,"Таблица 59/44, п.17 (R.IP.SP.02.002)",,R.IP.SP.02.002,ipcdo:TrademarkApplicationDetails,ipcdo:TrademarkApplicationDetails,ipcdo:TrademarkApplicationDetails,Классифицировано как ENGINE_UNSUPPORTED,NONE,Движок валидации правил,disjunction,YES,NO,Добавить поддержку возможности в rules engine: Exact disjunctive/cross-instance semantics are not expressible.,No safe exact evaluator expression.,FIX_NOW_CODE,YES,ENGINE_CAPABILITY_GAPS,P1,"Можно закрывать сейчас. Нормативное правило уже найдено; пробел связан не с документами, а с отсутствующей возможностью rules_engine.",Реализовать capability: disjunction; добавить положительные и отрицательные тесты.,Использовать таблицу/пункт из поля source; дополнительных внешних документов не требуется.,Исходный реестр уже помечает can_fix_without_external_docs=YES для этой категории.
HIGH,ENGINE_CAPABILITY_GAPS,OP22,P.SP.02,P.SP.02.PRC.018,P.SP.02.TRN.036,P.SP.02.OPR.072,P.SP.02.MSG.041,REQ 18,"Таблица 59/44, п.18 (R.IP.SP.02.002)",,R.IP.SP.02.002,ipcdo:TrademarkApplicationDetails,ipcdo:TrademarkApplicationDetails,ipcdo:TrademarkApplicationDetails,Классифицировано как ENGINE_UNSUPPORTED,NONE,Движок валидации правил,positional/ordinal access,YES,NO,Добавить поддержку возможности в rules engine: Exact disjunctive/cross-instance semantics are not expressible.,No safe exact evaluator expression.,FIX_NOW_CODE,YES,ENGINE_CAPABILITY_GAPS,P1,"Можно закрывать сейчас. Нормативное правило уже найдено; пробел связан не с документами, а с отсутствующей возможностью rules_engine.",Реализовать capability: positional/ordinal access; добавить положительные и отрицательные тесты.,Использовать таблицу/пункт из поля source; дополнительных внешних документов не требуется.,Исходный реестр уже помечает can_fix_without_external_docs=YES для этой категории.
HIGH,ENGINE_CAPABILITY_GAPS,OP22,P.SP.02,P.SP.02.PRC.018,P.SP.02.TRN.036,P.SP.02.OPR.072,P.SP.02.MSG.041,REQ 19,"Таблица 59/44, п.19 (R.IP.SP.02.002)",,R.IP.SP.02.002,ipcdo:TrademarkApplicationDetails,ipcdo:TrademarkApplicationDetails,ipcdo:TrademarkApplicationDetails,Классифицировано как ENGINE_UNSUPPORTED,NONE,Движок валидации правил,positional/ordinal access,YES,NO,Добавить поддержку возможности в rules engine: Exact disjunctive/cross-instance semantics are not expressible.,No safe exact evaluator expression.,FIX_NOW_CODE,YES,ENGINE_CAPABILITY_GAPS,P1,"Можно закрывать сейчас. Нормативное правило уже найдено; пробел связан не с документами, а с отсутствующей возможностью rules_engine.",Реализовать capability: positional/ordinal access; добавить положительные и отрицательные тесты.,Использовать таблицу/пункт из поля source; дополнительных внешних документов не требуется.,Исходный реестр уже помечает can_fix_without_external_docs=YES для этой категории.
HIGH,ENGINE_CAPABILITY_GAPS,OP22,P.SP.02,P.SP.02.PRC.018,P.SP.02.TRN.036,P.SP.02.OPR.072,P.SP.02.MSG.041,REQ 20,"Таблица 59/44, п.20 (R.IP.SP.02.002)",,R.IP.SP.02.002,ipcdo:TrademarkApplicationDetails,ipcdo:TrademarkApplicationDetails,ipcdo:TrademarkApplicationDetails,Классифицировано как ENGINE_UNSUPPORTED,NONE,Движок валидации правил,disjunction,YES,NO,Добавить поддержку возможности в rules engine: Exact disjunctive/cross-instance semantics are not expressible.,No safe exact evaluator expression.,FIX_NOW_CODE,YES,ENGINE_CAPABILITY_GAPS,P1,"Можно закрывать сейчас. Нормативное правило уже найдено; пробел связан не с документами, а с отсутствующей возможностью rules_engine.",Реализовать capability: disjunction; добавить положительные и отрицательные тесты.,Использовать таблицу/пункт из поля source; дополнительных внешних документов не требуется.,Исходный реестр уже помечает can_fix_without_external_docs=YES для этой категории.
HIGH,ENGINE_CAPABILITY_GAPS,OP22,P.SP.02,P.SP.02.PRC.018,P.SP.02.TRN.036,P.SP.02.OPR.072,P.SP.02.MSG.041,REQ 26,"Таблица 59/44, п.26 (R.IP.SP.02.002)",,R.IP.SP.02.002,ipcdo:TrademarkApplicationDetails,ipcdo:TrademarkApplicationDetails,ipcdo:TrademarkApplicationDetails,Классифицировано как ENGINE_UNSUPPORTED,NONE,Движок валидации правил,disjunction,YES,NO,Добавить поддержку возможности в rules engine: Exact disjunctive/cross-instance semantics are not expressible.,No safe exact evaluator expression.,FIX_NOW_CODE,YES,ENGINE_CAPABILITY_GAPS,P1,"Можно закрывать сейчас. Нормативное правило уже найдено; пробел связан не с документами, а с отсутствующей возможностью rules_engine.",Реализовать capability: disjunction; добавить положительные и отрицательные тесты.,Использовать таблицу/пункт из поля source; дополнительных внешних документов не требуется.,Исходный реестр уже помечает can_fix_without_external_docs=YES для этой категории.
MEDIUM,CLASSIFIERS_AND_REFERENCE_DATA,OP22,P.SP.02,P.SP.02.PRC.019,P.SP.02.TRN.037,P.SP.02.OPR.080,P.SP.02.MSG.042,REQ 2,"Таблица 60, п.2 (R.IP.SP.02.002)",,R.IP.SP.02.002,ipcdo:TrademarkApplicationDetails,ipcdo:TrademarkApplicationDetails,ipcdo:TrademarkApplicationDetails,Классифицировано как EXTERNAL,classifier/resource,Решение Коллегии ЕЭК №92 / реестр Союза,NONE,NO,NO,Подключить машиночитаемый справочник/классификатор ЕЭК,External classifier/resource semantics are not executable.,NEEDS_REFERENCE_DATA,NO,CLASSIFIERS_AND_REFERENCE_DATA,P2,"Правило в PDF есть, но полная офлайн-проверка зависит от официального справочника/классификатора. Одного текста регламента недостаточно, если нужно определить наличие кода или допустимое значение.","Получить официальный машиночитаемый классификатор/справочник, зафиксировать его версию/дату, сохранить локальный снимок и подключить его к валидатору.",Точная нормативная таблица указана в source; страницу нужно фиксировать при подключении соответствующего справочника.,Для R.IP.SP.02.002 структура и QName уже подтверждены; незакрытая часть — именно reference data.
MEDIUM,CLASSIFIERS_AND_REFERENCE_DATA,OP22,P.SP.02,P.SP.02.PRC.019,P.SP.02.TRN.037,P.SP.02.OPR.080,P.SP.02.MSG.042,REQ 3,"Таблица 60, п.3 (R.IP.SP.02.002)",,R.IP.SP.02.002,ipcdo:TrademarkApplicationDetails,ipcdo:TrademarkApplicationDetails,ipcdo:TrademarkApplicationDetails,Классифицировано как EXTERNAL,classifier/resource,Решение Коллегии ЕЭК №92 / реестр Союза,NONE,NO,NO,Подключить машиночитаемый справочник/классификатор ЕЭК,External classifier/resource semantics are not executable.,NEEDS_REFERENCE_DATA,NO,CLASSIFIERS_AND_REFERENCE_DATA,P2,"Правило в PDF есть, но полная офлайн-проверка зависит от официального справочника/классификатора. Одного текста регламента недостаточно, если нужно определить наличие кода или допустимое значение.","Получить официальный машиночитаемый классификатор/справочник, зафиксировать его версию/дату, сохранить локальный снимок и подключить его к валидатору.",Точная нормативная таблица указана в source; страницу нужно фиксировать при подключении соответствующего справочника.,Для R.IP.SP.02.002 структура и QName уже подтверждены; незакрытая часть — именно reference data.
LOW,CLASSIFIERS_AND_REFERENCE_DATA,OP22,P.SP.02,P.SP.02.PRC.019,P.SP.02.TRN.037,P.SP.02.OPR.080,P.SP.02.MSG.042,REQ 4,"Таблица 60, п.4 (R.IP.SP.02.002)",,R.IP.SP.02.002,ipcdo:TrademarkApplicationDetails,ipsdo:TrademarkApplicationId,ipcdo:TrademarkApplicationDetails/ipsdo:TrademarkApplicationId,Классифицировано как SAFE_PARTIAL,national patent-office application information resource,Решение Коллегии ЕЭК №92 / реестр Союза,NONE,NO,NO,Расширить валидацию после получения эталонного реестра,Local identifier presence is executable; external resource state/equality is not.,NEEDS_REFERENCE_DATA,NO,CLASSIFIERS_AND_REFERENCE_DATA,P2,"Правило в PDF есть, но полная офлайн-проверка зависит от официального справочника/классификатора. Одного текста регламента недостаточно, если нужно определить наличие кода или допустимое значение.","Получить официальный машиночитаемый классификатор/справочник, зафиксировать его версию/дату, сохранить локальный снимок и подключить его к валидатору.",Точная нормативная таблица указана в source; страницу нужно фиксировать при подключении соответствующего справочника.,Для R.IP.SP.02.002 структура и QName уже подтверждены; незакрытая часть — именно reference data.
MEDIUM,SEMANTIC_CLARIFICATIONS,OP22,P.SP.02,P.SP.02.PRC.019,P.SP.02.TRN.037,P.SP.02.OPR.080,P.SP.02.MSG.042,REQ 13,"Таблица 60/44, п.13 (R.IP.SP.02.002)",,R.IP.SP.02.002,ipcdo:IPPartyDetails,ipsdo:IPPartyKindCode,ipcdo:TrademarkApplicationDetails/ipcdo:IPPartyDetails/ipsdo:IPPartyKindCode,Классифицировано как AMBIGUOUS,Normative owner scope is ambiguous.,Нормативный источник / XSD,NONE,NO,NO,Уточнить нормативную формулировку сферы действия требования,Normative owner scope is ambiguous.,NEEDS_NORMATIVE_CLARIFICATION,NO,SEMANTIC_CLARIFICATIONS,P2,"Не закрывать догадкой. Формулировка IPPartyKindCode=AP без явного repeated-owner scope конфликтует с последующими правилами, где допускаются отдельные экземпляры PA и RE.","Официально подтвердить область действия REQ 13: это условие для конкретного экземпляра заявителя, а не глобальный запрет других IPPartyDetails. Зафиксировать разъяснение/исправленную редакцию.",ОП_22.pdf: пример блока REQ 13–22 — PDF 515–518; точная таблица конкретной строки указана в source,REQ 13 требует AP; REQ 14 требует ровно один экземпляр IPPartyDetails с AP; REQ 21 и 22 отдельно разрешают PA и RE. Глобальная трактовка REQ 13 поэтому противоречива.
HIGH,ENGINE_CAPABILITY_GAPS,OP22,P.SP.02,P.SP.02.PRC.019,P.SP.02.TRN.037,P.SP.02.OPR.080,P.SP.02.MSG.042,REQ 16,"Таблица 60/44, п.16 (R.IP.SP.02.002)",,R.IP.SP.02.002,ipcdo:TrademarkApplicationDetails,ipcdo:TrademarkApplicationDetails,ipcdo:TrademarkApplicationDetails,Классифицировано как ENGINE_UNSUPPORTED,NONE,Движок валидации правил,disjunction,YES,NO,Добавить поддержку возможности в rules engine: Exact disjunctive/cross-instance semantics are not expressible.,No safe exact evaluator expression.,FIX_NOW_CODE,YES,ENGINE_CAPABILITY_GAPS,P1,"Можно закрывать сейчас. Нормативное правило уже найдено; пробел связан не с документами, а с отсутствующей возможностью rules_engine.",Реализовать capability: disjunction; добавить положительные и отрицательные тесты.,Использовать таблицу/пункт из поля source; дополнительных внешних документов не требуется.,Исходный реестр уже помечает can_fix_without_external_docs=YES для этой категории.
HIGH,ENGINE_CAPABILITY_GAPS,OP22,P.SP.02,P.SP.02.PRC.019,P.SP.02.TRN.037,P.SP.02.OPR.080,P.SP.02.MSG.042,REQ 17,"Таблица 60/44, п.17 (R.IP.SP.02.002)",,R.IP.SP.02.002,ipcdo:TrademarkApplicationDetails,ipcdo:TrademarkApplicationDetails,ipcdo:TrademarkApplicationDetails,Классифицировано как ENGINE_UNSUPPORTED,NONE,Движок валидации правил,disjunction,YES,NO,Добавить поддержку возможности в rules engine: Exact disjunctive/cross-instance semantics are not expressible.,No safe exact evaluator expression.,FIX_NOW_CODE,YES,ENGINE_CAPABILITY_GAPS,P1,"Можно закрывать сейчас. Нормативное правило уже найдено; пробел связан не с документами, а с отсутствующей возможностью rules_engine.",Реализовать capability: disjunction; добавить положительные и отрицательные тесты.,Использовать таблицу/пункт из поля source; дополнительных внешних документов не требуется.,Исходный реестр уже помечает can_fix_without_external_docs=YES для этой категории.
HIGH,ENGINE_CAPABILITY_GAPS,OP22,P.SP.02,P.SP.02.PRC.019,P.SP.02.TRN.037,P.SP.02.OPR.080,P.SP.02.MSG.042,REQ 18,"Таблица 60/44, п.18 (R.IP.SP.02.002)",,R.IP.SP.02.002,ipcdo:TrademarkApplicationDetails,ipcdo:TrademarkApplicationDetails,ipcdo:TrademarkApplicationDetails,Классифицировано как ENGINE_UNSUPPORTED,NONE,Движок валидации правил,positional/ordinal access,YES,NO,Добавить поддержку возможности в rules engine: Exact disjunctive/cross-instance semantics are not expressible.,No safe exact evaluator expression.,FIX_NOW_CODE,YES,ENGINE_CAPABILITY_GAPS,P1,"Можно закрывать сейчас. Нормативное правило уже найдено; пробел связан не с документами, а с отсутствующей возможностью rules_engine.",Реализовать capability: positional/ordinal access; добавить положительные и отрицательные тесты.,Использовать таблицу/пункт из поля source; дополнительных внешних документов не требуется.,Исходный реестр уже помечает can_fix_without_external_docs=YES для этой категории.
HIGH,ENGINE_CAPABILITY_GAPS,OP22,P.SP.02,P.SP.02.PRC.019,P.SP.02.TRN.037,P.SP.02.OPR.080,P.SP.02.MSG.042,REQ 19,"Таблица 60/44, п.19 (R.IP.SP.02.002)",,R.IP.SP.02.002,ipcdo:TrademarkApplicationDetails,ipcdo:TrademarkApplicationDetails,ipcdo:TrademarkApplicationDetails,Классифицировано как ENGINE_UNSUPPORTED,NONE,Движок валидации правил,positional/ordinal access,YES,NO,Добавить поддержку возможности в rules engine: Exact disjunctive/cross-instance semantics are not expressible.,No safe exact evaluator expression.,FIX_NOW_CODE,YES,ENGINE_CAPABILITY_GAPS,P1,"Можно закрывать сейчас. Нормативное правило уже найдено; пробел связан не с документами, а с отсутствующей возможностью rules_engine.",Реализовать capability: positional/ordinal access; добавить положительные и отрицательные тесты.,Использовать таблицу/пункт из поля source; дополнительных внешних документов не требуется.,Исходный реестр уже помечает can_fix_without_external_docs=YES для этой категории.
HIGH,ENGINE_CAPABILITY_GAPS,OP22,P.SP.02,P.SP.02.PRC.019,P.SP.02.TRN.037,P.SP.02.OPR.080,P.SP.02.MSG.042,REQ 20,"Таблица 60/44, п.20 (R.IP.SP.02.002)",,R.IP.SP.02.002,ipcdo:TrademarkApplicationDetails,ipcdo:TrademarkApplicationDetails,ipcdo:TrademarkApplicationDetails,Классифицировано как ENGINE_UNSUPPORTED,NONE,Движок валидации правил,disjunction,YES,NO,Добавить поддержку возможности в rules engine: Exact disjunctive/cross-instance semantics are not expressible.,No safe exact evaluator expression.,FIX_NOW_CODE,YES,ENGINE_CAPABILITY_GAPS,P1,"Можно закрывать сейчас. Нормативное правило уже найдено; пробел связан не с документами, а с отсутствующей возможностью rules_engine.",Реализовать capability: disjunction; добавить положительные и отрицательные тесты.,Использовать таблицу/пункт из поля source; дополнительных внешних документов не требуется.,Исходный реестр уже помечает can_fix_without_external_docs=YES для этой категории.
HIGH,ENGINE_CAPABILITY_GAPS,OP22,P.SP.02,P.SP.02.PRC.019,P.SP.02.TRN.037,P.SP.02.OPR.080,P.SP.02.MSG.042,REQ 26,"Таблица 60/44, п.26 (R.IP.SP.02.002)",,R.IP.SP.02.002,ipcdo:TrademarkApplicationDetails,ipcdo:TrademarkApplicationDetails,ipcdo:TrademarkApplicationDetails,Классифицировано как ENGINE_UNSUPPORTED,NONE,Движок валидации правил,disjunction,YES,NO,Добавить поддержку возможности в rules engine: Exact disjunctive/cross-instance semantics are not expressible.,No safe exact evaluator expression.,FIX_NOW_CODE,YES,ENGINE_CAPABILITY_GAPS,P1,"Можно закрывать сейчас. Нормативное правило уже найдено; пробел связан не с документами, а с отсутствующей возможностью rules_engine.",Реализовать capability: disjunction; добавить положительные и отрицательные тесты.,Использовать таблицу/пункт из поля source; дополнительных внешних документов не требуется.,Исходный реестр уже помечает can_fix_without_external_docs=YES для этой категории.
MEDIUM,CLASSIFIERS_AND_REFERENCE_DATA,OP22,P.SP.02,P.SP.02.PRC.020,P.SP.02.TRN.038,P.SP.02.OPR.088,P.SP.02.MSG.043,REQ 2,"Таблица 61, п.2 (R.IP.SP.02.002)",,R.IP.SP.02.002,ipcdo:TrademarkApplicationDetails,ipsdo:IPDocKindCode,ipcdo:TrademarkApplicationDetails/ipsdo:IPDocKindCode,Классифицировано как EXTERNAL,national patent-office classifier and prior/allocated role assignment,Решение Коллегии ЕЭК №92 / реестр Союза,NONE,NO,NO,Подключить машиночитаемый справочник/классификатор ЕЭК,Document-kind classifier and prior/allocated role selection are external.,NEEDS_REFERENCE_DATA,NO,CLASSIFIERS_AND_REFERENCE_DATA,P2,"Правило в PDF есть, но полная офлайн-проверка зависит от официального справочника/классификатора. Одного текста регламента недостаточно, если нужно определить наличие кода или допустимое значение.","Получить официальный машиночитаемый классификатор/справочник, зафиксировать его версию/дату, сохранить локальный снимок и подключить его к валидатору.",Точная нормативная таблица указана в source; страницу нужно фиксировать при подключении соответствующего справочника.,Для R.IP.SP.02.002 структура и QName уже подтверждены; незакрытая часть — именно reference data.
MEDIUM,CLASSIFIERS_AND_REFERENCE_DATA,OP22,P.SP.02,P.SP.02.PRC.020,P.SP.02.TRN.038,P.SP.02.OPR.088,P.SP.02.MSG.043,REQ 3,"Таблица 61, п.3 (R.IP.SP.02.002)",,R.IP.SP.02.002,ipcdo:TrademarkApplicationDetails,ipsdo:IPDocKindCode,ipcdo:TrademarkApplicationDetails/ipsdo:IPDocKindCode,Классифицировано как EXTERNAL,national patent-office classifier and prior/allocated role assignment,Решение Коллегии ЕЭК №92 / реестр Союза,NONE,NO,NO,Подключить машиночитаемый справочник/классификатор ЕЭК,Document-kind classifier and prior/allocated role selection are external.,NEEDS_REFERENCE_DATA,NO,CLASSIFIERS_AND_REFERENCE_DATA,P2,"Правило в PDF есть, но полная офлайн-проверка зависит от официального справочника/классификатора. Одного текста регламента недостаточно, если нужно определить наличие кода или допустимое значение.","Получить официальный машиночитаемый классификатор/справочник, зафиксировать его версию/дату, сохранить локальный снимок и подключить его к валидатору.",Точная нормативная таблица указана в source; страницу нужно фиксировать при подключении соответствующего справочника.,Для R.IP.SP.02.002 структура и QName уже подтверждены; незакрытая часть — именно reference data.
MEDIUM,CLASSIFIERS_AND_REFERENCE_DATA,OP22,P.SP.02,P.SP.02.PRC.020,P.SP.02.TRN.038,P.SP.02.OPR.088,P.SP.02.MSG.043,REQ 4,"Таблица 61, п.4 (R.IP.SP.02.002)",,R.IP.SP.02.002,ipcdo:TrademarkApplicationDetails,ipsdo:IPDocKindCode,ipcdo:TrademarkApplicationDetails/ipsdo:IPDocKindCode,Классифицировано как EXTERNAL,national patent-office classifier and prior/allocated role assignment,Решение Коллегии ЕЭК №92 / реестр Союза,NONE,NO,NO,Подключить машиночитаемый справочник/классификатор ЕЭК,Document-kind classifier and prior/allocated role selection are external.,NEEDS_REFERENCE_DATA,NO,CLASSIFIERS_AND_REFERENCE_DATA,P2,"Правило в PDF есть, но полная офлайн-проверка зависит от официального справочника/классификатора. Одного текста регламента недостаточно, если нужно определить наличие кода или допустимое значение.","Получить официальный машиночитаемый классификатор/справочник, зафиксировать его версию/дату, сохранить локальный снимок и подключить его к валидатору.",Точная нормативная таблица указана в source; страницу нужно фиксировать при подключении соответствующего справочника.,Для R.IP.SP.02.002 структура и QName уже подтверждены; незакрытая часть — именно reference data.
MEDIUM,CLASSIFIERS_AND_REFERENCE_DATA,OP22,P.SP.02,P.SP.02.PRC.020,P.SP.02.TRN.038,P.SP.02.OPR.088,P.SP.02.MSG.043,REQ 5,"Таблица 61, п.5 (R.IP.SP.02.002)",,R.IP.SP.02.002,ipcdo:TrademarkApplicationDetails,ipsdo:IPDocKindCode,ipcdo:TrademarkApplicationDetails/ipsdo:IPDocKindCode,Классифицировано как EXTERNAL,national patent-office classifier and prior/allocated role assignment,Решение Коллегии ЕЭК №92 / реестр Союза,NONE,NO,NO,Подключить машиночитаемый справочник/классификатор ЕЭК,Document-kind classifier and prior/allocated role selection are external.,NEEDS_REFERENCE_DATA,NO,CLASSIFIERS_AND_REFERENCE_DATA,P2,"Правило в PDF есть, но полная офлайн-проверка зависит от официального справочника/классификатора. Одного текста регламента недостаточно, если нужно определить наличие кода или допустимое значение.","Получить официальный машиночитаемый классификатор/справочник, зафиксировать его версию/дату, сохранить локальный снимок и подключить его к валидатору.",Точная нормативная таблица указана в source; страницу нужно фиксировать при подключении соответствующего справочника.,Для R.IP.SP.02.002 структура и QName уже подтверждены; незакрытая часть — именно reference data.
MEDIUM,SEMANTIC_CLARIFICATIONS,OP22,P.SP.02,P.SP.02.PRC.020,P.SP.02.TRN.038,P.SP.02.OPR.088,P.SP.02.MSG.043,REQ 13,"Таблица 61/44, п.13 (R.IP.SP.02.002)",,R.IP.SP.02.002,ipcdo:IPPartyDetails,ipsdo:IPPartyKindCode,ipcdo:TrademarkApplicationDetails/ipcdo:IPPartyDetails/ipsdo:IPPartyKindCode,Классифицировано как AMBIGUOUS,Ambiguous normative definition in isolation; IPPartyKindCode AP is enforced as part of requirement 14.,Нормативный источник / XSD,NONE,NO,NO,Уточнить нормативную формулировку сферы действия требования,Ambiguous normative definition in isolation; IPPartyKindCode AP is enforced as part of requirement 14.,NEEDS_NORMATIVE_CLARIFICATION,NO,SEMANTIC_CLARIFICATIONS,P2,"Не закрывать догадкой. Формулировка IPPartyKindCode=AP без явного repeated-owner scope конфликтует с последующими правилами, где допускаются отдельные экземпляры PA и RE.","Официально подтвердить область действия REQ 13: это условие для конкретного экземпляра заявителя, а не глобальный запрет других IPPartyDetails. Зафиксировать разъяснение/исправленную редакцию.",ОП_22.pdf: пример блока REQ 13–22 — PDF 515–518; точная таблица конкретной строки указана в source,REQ 13 требует AP; REQ 14 требует ровно один экземпляр IPPartyDetails с AP; REQ 21 и 22 отдельно разрешают PA и RE. Глобальная трактовка REQ 13 поэтому противоречива.
HIGH,ENGINE_CAPABILITY_GAPS,OP22,P.SP.02,P.SP.02.PRC.020,P.SP.02.TRN.038,P.SP.02.OPR.088,P.SP.02.MSG.043,REQ 16,"Таблица 61/44, п.16 (R.IP.SP.02.002)",,R.IP.SP.02.002,ipcdo:TrademarkApplicationDetails,ipcdo:TrademarkApplicationDetails,ipcdo:TrademarkApplicationDetails,Классифицировано как ENGINE_UNSUPPORTED,NONE,Движок валидации правил,positional/ordinal access,YES,NO,Добавить поддержку возможности в rules engine: Ordinal positional indexing of repeated sibling children is unsupported.,"Requires ordinal positional indexing of multiple IPSubjectName instances within a repeatable parent, which is unsupported by the engine.",FIX_NOW_CODE,YES,ENGINE_CAPABILITY_GAPS,P1,"Можно закрывать сейчас. Нормативное правило уже найдено; пробел связан не с документами, а с отсутствующей возможностью rules_engine.",Реализовать capability: positional/ordinal access; добавить положительные и отрицательные тесты.,Использовать таблицу/пункт из поля source; дополнительных внешних документов не требуется.,Исходный реестр уже помечает can_fix_without_external_docs=YES для этой категории.
HIGH,ENGINE_CAPABILITY_GAPS,OP22,P.SP.02,P.SP.02.PRC.020,P.SP.02.TRN.038,P.SP.02.OPR.088,P.SP.02.MSG.043,REQ 17,"Таблица 61/44, п.17 (R.IP.SP.02.002)",,R.IP.SP.02.002,ipcdo:TrademarkApplicationDetails,ipcdo:TrademarkApplicationDetails,ipcdo:TrademarkApplicationDetails,Классифицировано как ENGINE_UNSUPPORTED,NONE,Движок валидации правил,positional/ordinal access,YES,NO,Добавить поддержку возможности в rules engine: Ordinal positional indexing of repeated sibling children is unsupported.,"Requires ordinal positional indexing of multiple IPSubjectName instances within a repeatable parent, which is unsupported by the engine.",FIX_NOW_CODE,YES,ENGINE_CAPABILITY_GAPS,P1,"Можно закрывать сейчас. Нормативное правило уже найдено; пробел связан не с документами, а с отсутствующей возможностью rules_engine.",Реализовать capability: positional/ordinal access; добавить положительные и отрицательные тесты.,Использовать таблицу/пункт из поля source; дополнительных внешних документов не требуется.,Исходный реестр уже помечает can_fix_without_external_docs=YES для этой категории.
HIGH,ENGINE_CAPABILITY_GAPS,OP22,P.SP.02,P.SP.02.PRC.020,P.SP.02.TRN.038,P.SP.02.OPR.088,P.SP.02.MSG.043,REQ 18,"Таблица 61/44, п.18 (R.IP.SP.02.002)",,R.IP.SP.02.002,ipcdo:TrademarkApplicationDetails,ipcdo:TrademarkApplicationDetails,ipcdo:TrademarkApplicationDetails,Классифицировано как ENGINE_UNSUPPORTED,NONE,Движок валидации правил,positional/ordinal access,YES,NO,Добавить поддержку возможности в rules engine: Ordinal positional indexing of repeated sibling children is unsupported.,"Requires ordinal positional indexing of multiple IPSubjectName instances within a repeatable parent, which is unsupported by the engine.",FIX_NOW_CODE,YES,ENGINE_CAPABILITY_GAPS,P1,"Можно закрывать сейчас. Нормативное правило уже найдено; пробел связан не с документами, а с отсутствующей возможностью rules_engine.",Реализовать capability: positional/ordinal access; добавить положительные и отрицательные тесты.,Использовать таблицу/пункт из поля source; дополнительных внешних документов не требуется.,Исходный реестр уже помечает can_fix_without_external_docs=YES для этой категории.
HIGH,ENGINE_CAPABILITY_GAPS,OP22,P.SP.02,P.SP.02.PRC.020,P.SP.02.TRN.038,P.SP.02.OPR.088,P.SP.02.MSG.043,REQ 19,"Таблица 61/44, п.19 (R.IP.SP.02.002)",,R.IP.SP.02.002,ipcdo:TrademarkApplicationDetails,ipcdo:TrademarkApplicationDetails,ipcdo:TrademarkApplicationDetails,Классифицировано как ENGINE_UNSUPPORTED,NONE,Движок валидации правил,positional/ordinal access,YES,NO,Добавить поддержку возможности в rules engine: Ordinal positional indexing of repeated sibling children is unsupported.,"Requires ordinal positional indexing of multiple IPSubjectName instances within a repeatable parent, which is unsupported by the engine.",FIX_NOW_CODE,YES,ENGINE_CAPABILITY_GAPS,P1,"Можно закрывать сейчас. Нормативное правило уже найдено; пробел связан не с документами, а с отсутствующей возможностью rules_engine.",Реализовать capability: positional/ordinal access; добавить положительные и отрицательные тесты.,Использовать таблицу/пункт из поля source; дополнительных внешних документов не требуется.,Исходный реестр уже помечает can_fix_without_external_docs=YES для этой категории.
HIGH,ENGINE_CAPABILITY_GAPS,OP22,P.SP.02,P.SP.02.PRC.020,P.SP.02.TRN.038,P.SP.02.OPR.088,P.SP.02.MSG.043,REQ 20,"Таблица 61/44, п.20 (R.IP.SP.02.002)",,R.IP.SP.02.002,ipcdo:TrademarkApplicationDetails,ipcdo:TrademarkApplicationDetails,ipcdo:TrademarkApplicationDetails,Классифицировано как ENGINE_UNSUPPORTED,NONE,Движок валидации правил,positional/ordinal access,YES,NO,Добавить поддержку возможности в rules engine: Ordinal positional indexing of repeated sibling children is unsupported.,"Requires ordinal positional indexing of multiple IPSubjectName instances within a repeatable parent, which is unsupported by the engine.",FIX_NOW_CODE,YES,ENGINE_CAPABILITY_GAPS,P1,"Можно закрывать сейчас. Нормативное правило уже найдено; пробел связан не с документами, а с отсутствующей возможностью rules_engine.",Реализовать capability: positional/ordinal access; добавить положительные и отрицательные тесты.,Использовать таблицу/пункт из поля source; дополнительных внешних документов не требуется.,Исходный реестр уже помечает can_fix_without_external_docs=YES для этой категории.
MEDIUM,CLASSIFIERS_AND_REFERENCE_DATA,OP22,P.SP.02,P.SP.02.PRC.020,P.SP.02.TRN.038,P.SP.02.OPR.088,P.SP.02.MSG.043,REQ 31,"Таблица 61, п.31 (R.IP.SP.02.002)",,R.IP.SP.02.002,ipcdo:TrademarkApplicationDetails,ipsdo:TrademarkApplicationId,ipcdo:TrademarkApplicationDetails/ipsdo:TrademarkApplicationId,Классифицировано как EXTERNAL,national patent-office application information resource and prior/allocated role assignment,Решение Коллегии ЕЭК №92 / реестр Союза,NONE,NO,NO,Подключить машиночитаемый справочник/классификатор ЕЭК,Both role-specific resource existence/absence checks are external and require identifying the two instances.,NEEDS_REFERENCE_DATA,NO,CLASSIFIERS_AND_REFERENCE_DATA,P2,"Правило в PDF есть, но полная офлайн-проверка зависит от официального справочника/классификатора. Одного текста регламента недостаточно, если нужно определить наличие кода или допустимое значение.","Получить официальный машиночитаемый классификатор/справочник, зафиксировать его версию/дату, сохранить локальный снимок и подключить его к валидатору.",Точная нормативная таблица указана в source; страницу нужно фиксировать при подключении соответствующего справочника.,Для R.IP.SP.02.002 структура и QName уже подтверждены; незакрытая часть — именно reference data.
MEDIUM,CLASSIFIERS_AND_REFERENCE_DATA,OP22,P.SP.02,P.SP.02.PRC.021,P.SP.02.TRN.039,P.SP.02.OPR.096,P.SP.02.MSG.044,REQ 2,"Таблица 62, п.2 (R.IP.SP.02.002)",,R.IP.SP.02.002,ipcdo:TrademarkApplicationDetails,ipcdo:TrademarkApplicationDetails,ipcdo:TrademarkApplicationDetails,Классифицировано как EXTERNAL,classifier/resource,Решение Коллегии ЕЭК №92 / реестр Союза,NONE,NO,NO,Подключить машиночитаемый справочник/классификатор ЕЭК,External classifier/resource semantics are not executable.,NEEDS_REFERENCE_DATA,NO,CLASSIFIERS_AND_REFERENCE_DATA,P2,"Правило в PDF есть, но полная офлайн-проверка зависит от официального справочника/классификатора. Одного текста регламента недостаточно, если нужно определить наличие кода или допустимое значение.","Получить официальный машиночитаемый классификатор/справочник, зафиксировать его версию/дату, сохранить локальный снимок и подключить его к валидатору.",Точная нормативная таблица указана в source; страницу нужно фиксировать при подключении соответствующего справочника.,Для R.IP.SP.02.002 структура и QName уже подтверждены; незакрытая часть — именно reference data.
MEDIUM,CLASSIFIERS_AND_REFERENCE_DATA,OP22,P.SP.02,P.SP.02.PRC.021,P.SP.02.TRN.039,P.SP.02.OPR.096,P.SP.02.MSG.044,REQ 3,"Таблица 62, п.3 (R.IP.SP.02.002)",,R.IP.SP.02.002,ipcdo:TrademarkApplicationDetails,ipcdo:TrademarkApplicationDetails,ipcdo:TrademarkApplicationDetails,Классифицировано как EXTERNAL,classifier/resource,Решение Коллегии ЕЭК №92 / реестр Союза,NONE,NO,NO,Подключить машиночитаемый справочник/классификатор ЕЭК,External classifier/resource semantics are not executable.,NEEDS_REFERENCE_DATA,NO,CLASSIFIERS_AND_REFERENCE_DATA,P2,"Правило в PDF есть, но полная офлайн-проверка зависит от официального справочника/классификатора. Одного текста регламента недостаточно, если нужно определить наличие кода или допустимое значение.","Получить официальный машиночитаемый классификатор/справочник, зафиксировать его версию/дату, сохранить локальный снимок и подключить его к валидатору.",Точная нормативная таблица указана в source; страницу нужно фиксировать при подключении соответствующего справочника.,Для R.IP.SP.02.002 структура и QName уже подтверждены; незакрытая часть — именно reference data.
MEDIUM,CLASSIFIERS_AND_REFERENCE_DATA,OP22,P.SP.02,P.SP.02.PRC.021,P.SP.02.TRN.039,P.SP.02.OPR.096,P.SP.02.MSG.044,REQ 4,"Таблица 62, п.4 (R.IP.SP.02.002)",,R.IP.SP.02.002,ipcdo:TrademarkApplicationDetails,ipsdo:TrademarkApplicationId,ipcdo:TrademarkApplicationDetails/ipsdo:TrademarkApplicationId,Классифицировано как EXTERNAL,patent-office resource status/end-state correlation,Решение Коллегии ЕЭК №92 / реестр Союза,NONE,NO,NO,Подключить машиночитаемый справочник/классификатор ЕЭК,External patent-office resource semantics are required; REQ4 remains completely unmapped.,NEEDS_REFERENCE_DATA,NO,CLASSIFIERS_AND_REFERENCE_DATA,P2,"Правило в PDF есть, но полная офлайн-проверка зависит от официального справочника/классификатора. Одного текста регламента недостаточно, если нужно определить наличие кода или допустимое значение.","Получить официальный машиночитаемый классификатор/справочник, зафиксировать его версию/дату, сохранить локальный снимок и подключить его к валидатору.",Точная нормативная таблица указана в source; страницу нужно фиксировать при подключении соответствующего справочника.,Для R.IP.SP.02.002 структура и QName уже подтверждены; незакрытая часть — именно reference data.
MEDIUM,SEMANTIC_CLARIFICATIONS,OP22,P.SP.02,P.SP.02.PRC.021,P.SP.02.TRN.039,P.SP.02.OPR.096,P.SP.02.MSG.044,REQ 13,"Таблица 58/44, п.13 (R.IP.SP.02.002)",,R.IP.SP.02.002,ipcdo:IPPartyDetails,ipsdo:IPPartyKindCode,ipcdo:TrademarkApplicationDetails/ipcdo:IPPartyDetails/ipsdo:IPPartyKindCode,Классифицировано как AMBIGUOUS,Normative owner scope is ambiguous.,Нормативный источник / XSD,NONE,NO,NO,Уточнить нормативную формулировку сферы действия требования,Normative owner scope is ambiguous.,NEEDS_NORMATIVE_CLARIFICATION,NO,SEMANTIC_CLARIFICATIONS,P2,"Не закрывать догадкой. Формулировка IPPartyKindCode=AP без явного repeated-owner scope конфликтует с последующими правилами, где допускаются отдельные экземпляры PA и RE.","Официально подтвердить область действия REQ 13: это условие для конкретного экземпляра заявителя, а не глобальный запрет других IPPartyDetails. Зафиксировать разъяснение/исправленную редакцию.",ОП_22.pdf: пример блока REQ 13–22 — PDF 515–518; точная таблица конкретной строки указана в source,REQ 13 требует AP; REQ 14 требует ровно один экземпляр IPPartyDetails с AP; REQ 21 и 22 отдельно разрешают PA и RE. Глобальная трактовка REQ 13 поэтому противоречива.
HIGH,ENGINE_CAPABILITY_GAPS,OP22,P.SP.02,P.SP.02.PRC.021,P.SP.02.TRN.039,P.SP.02.OPR.096,P.SP.02.MSG.044,REQ 16,"Таблица 58/44, п.16 (R.IP.SP.02.002)",,R.IP.SP.02.002,ipcdo:TrademarkApplicationDetails,ipcdo:TrademarkApplicationDetails,ipcdo:TrademarkApplicationDetails,Классифицировано как ENGINE_UNSUPPORTED,NONE,Движок валидации правил,disjunction,YES,NO,Добавить поддержку возможности в rules engine: Exact disjunctive/cross-instance semantics are not expressible.,No safe exact evaluator expression.,FIX_NOW_CODE,YES,ENGINE_CAPABILITY_GAPS,P1,"Можно закрывать сейчас. Нормативное правило уже найдено; пробел связан не с документами, а с отсутствующей возможностью rules_engine.",Реализовать capability: disjunction; добавить положительные и отрицательные тесты.,Использовать таблицу/пункт из поля source; дополнительных внешних документов не требуется.,Исходный реестр уже помечает can_fix_without_external_docs=YES для этой категории.
HIGH,ENGINE_CAPABILITY_GAPS,OP22,P.SP.02,P.SP.02.PRC.021,P.SP.02.TRN.039,P.SP.02.OPR.096,P.SP.02.MSG.044,REQ 17,"Таблица 58/44, п.17 (R.IP.SP.02.002)",,R.IP.SP.02.002,ipcdo:TrademarkApplicationDetails,ipcdo:TrademarkApplicationDetails,ipcdo:TrademarkApplicationDetails,Классифицировано как ENGINE_UNSUPPORTED,NONE,Движок валидации правил,disjunction,YES,NO,Добавить поддержку возможности в rules engine: Exact disjunctive/cross-instance semantics are not expressible.,No safe exact evaluator expression.,FIX_NOW_CODE,YES,ENGINE_CAPABILITY_GAPS,P1,"Можно закрывать сейчас. Нормативное правило уже найдено; пробел связан не с документами, а с отсутствующей возможностью rules_engine.",Реализовать capability: disjunction; добавить положительные и отрицательные тесты.,Использовать таблицу/пункт из поля source; дополнительных внешних документов не требуется.,Исходный реестр уже помечает can_fix_without_external_docs=YES для этой категории.
HIGH,ENGINE_CAPABILITY_GAPS,OP22,P.SP.02,P.SP.02.PRC.021,P.SP.02.TRN.039,P.SP.02.OPR.096,P.SP.02.MSG.044,REQ 18,"Таблица 58/44, п.18 (R.IP.SP.02.002)",,R.IP.SP.02.002,ipcdo:TrademarkApplicationDetails,ipcdo:TrademarkApplicationDetails,ipcdo:TrademarkApplicationDetails,Классифицировано как ENGINE_UNSUPPORTED,NONE,Движок валидации правил,positional/ordinal access,YES,NO,Добавить поддержку возможности в rules engine: Exact disjunctive/cross-instance semantics are not expressible.,No safe exact evaluator expression.,FIX_NOW_CODE,YES,ENGINE_CAPABILITY_GAPS,P1,"Можно закрывать сейчас. Нормативное правило уже найдено; пробел связан не с документами, а с отсутствующей возможностью rules_engine.",Реализовать capability: positional/ordinal access; добавить положительные и отрицательные тесты.,Использовать таблицу/пункт из поля source; дополнительных внешних документов не требуется.,Исходный реестр уже помечает can_fix_without_external_docs=YES для этой категории.
HIGH,ENGINE_CAPABILITY_GAPS,OP22,P.SP.02,P.SP.02.PRC.021,P.SP.02.TRN.039,P.SP.02.OPR.096,P.SP.02.MSG.044,REQ 19,"Таблица 58/44, п.19 (R.IP.SP.02.002)",,R.IP.SP.02.002,ipcdo:TrademarkApplicationDetails,ipcdo:TrademarkApplicationDetails,ipcdo:TrademarkApplicationDetails,Классифицировано как ENGINE_UNSUPPORTED,NONE,Движок валидации правил,positional/ordinal access,YES,NO,Добавить поддержку возможности в rules engine: Exact disjunctive/cross-instance semantics are not expressible.,No safe exact evaluator expression.,FIX_NOW_CODE,YES,ENGINE_CAPABILITY_GAPS,P1,"Можно закрывать сейчас. Нормативное правило уже найдено; пробел связан не с документами, а с отсутствующей возможностью rules_engine.",Реализовать capability: positional/ordinal access; добавить положительные и отрицательные тесты.,Использовать таблицу/пункт из поля source; дополнительных внешних документов не требуется.,Исходный реестр уже помечает can_fix_without_external_docs=YES для этой категории.
HIGH,ENGINE_CAPABILITY_GAPS,OP22,P.SP.02,P.SP.02.PRC.021,P.SP.02.TRN.039,P.SP.02.OPR.096,P.SP.02.MSG.044,REQ 20,"Таблица 58/44, п.20 (R.IP.SP.02.002)",,R.IP.SP.02.002,ipcdo:TrademarkApplicationDetails,ipcdo:TrademarkApplicationDetails,ipcdo:TrademarkApplicationDetails,Классифицировано как ENGINE_UNSUPPORTED,NONE,Движок валидации правил,disjunction,YES,NO,Добавить поддержку возможности в rules engine: Exact disjunctive/cross-instance semantics are not expressible.,No safe exact evaluator expression.,FIX_NOW_CODE,YES,ENGINE_CAPABILITY_GAPS,P1,"Можно закрывать сейчас. Нормативное правило уже найдено; пробел связан не с документами, а с отсутствующей возможностью rules_engine.",Реализовать capability: disjunction; добавить положительные и отрицательные тесты.,Использовать таблицу/пункт из поля source; дополнительных внешних документов не требуется.,Исходный реестр уже помечает can_fix_without_external_docs=YES для этой категории.
HIGH,ENGINE_CAPABILITY_GAPS,OP22,P.SP.02,P.SP.02.PRC.021,P.SP.02.TRN.039,P.SP.02.OPR.096,P.SP.02.MSG.044,REQ 26,"Таблица 58/44, п.26 (R.IP.SP.02.002)",,R.IP.SP.02.002,ipcdo:TrademarkApplicationDetails,ipcdo:TrademarkApplicationDetails,ipcdo:TrademarkApplicationDetails,Классифицировано как ENGINE_UNSUPPORTED,NONE,Движок валидации правил,disjunction,YES,NO,Добавить поддержку возможности в rules engine: Exact disjunctive/cross-instance semantics are not expressible.,No safe exact evaluator expression.,FIX_NOW_CODE,YES,ENGINE_CAPABILITY_GAPS,P1,"Можно закрывать сейчас. Нормативное правило уже найдено; пробел связан не с документами, а с отсутствующей возможностью rules_engine.",Реализовать capability: disjunction; добавить положительные и отрицательные тесты.,Использовать таблицу/пункт из поля source; дополнительных внешних документов не требуется.,Исходный реестр уже помечает can_fix_without_external_docs=YES для этой категории.
MEDIUM,CLASSIFIERS_AND_REFERENCE_DATA,OP22,P.SP.02,P.SP.02.PRC.022,P.SP.02.TRN.040,P.SP.02.OPR.104,P.SP.02.MSG.045,REQ 2,"Таблица 63, п.2 (R.IP.SP.02.002)",,R.IP.SP.02.002,ipcdo:TrademarkApplicationDetails,ipsdo:TrademarkApplicationId,ipcdo:TrademarkApplicationDetails/ipsdo:TrademarkApplicationId,Классифицировано как EXTERNAL,national patent-office application information resource,Решение Коллегии ЕЭК №92 / реестр Союза,NONE,NO,NO,Подключить машиночитаемый справочник/классификатор ЕЭК,"Requires external national patent-office resource check matching application id, status, and start date.",NEEDS_REFERENCE_DATA,NO,CLASSIFIERS_AND_REFERENCE_DATA,P2,"Правило в PDF есть, но полная офлайн-проверка зависит от официального справочника/классификатора. Одного текста регламента недостаточно, если нужно определить наличие кода или допустимое значение.","Получить официальный машиночитаемый классификатор/справочник, зафиксировать его версию/дату, сохранить локальный снимок и подключить его к валидатору.",Точная нормативная таблица указана в source; страницу нужно фиксировать при подключении соответствующего справочника.,Для R.IP.SP.02.002 структура и QName уже подтверждены; незакрытая часть — именно reference data.
MEDIUM,CLASSIFIERS_AND_REFERENCE_DATA,OP22,P.SP.02,P.SP.02.PRC.022,P.SP.02.TRN.040,P.SP.02.OPR.104,P.SP.02.MSG.045,REQ 4,"Таблица 63, п.4 (R.IP.SP.02.002)",,R.IP.SP.02.002,ipcdo:TrademarkApplicationDetails,ipsdo:IPDocKindCode,ipcdo:TrademarkApplicationDetails/ipsdo:IPDocKindCode,Классифицировано как EXTERNAL,national patent-office document kind classifier,Решение Коллегии ЕЭК №92 / реестр Союза,NONE,NO,NO,Подключить машиночитаемый справочник/классификатор ЕЭК,Classifier lookup decides IPDocKindCode vs IPDocKindName presence for amendment document kinds.,NEEDS_REFERENCE_DATA,NO,CLASSIFIERS_AND_REFERENCE_DATA,P2,"Правило в PDF есть, но полная офлайн-проверка зависит от официального справочника/классификатора. Одного текста регламента недостаточно, если нужно определить наличие кода или допустимое значение.","Получить официальный машиночитаемый классификатор/справочник, зафиксировать его версию/дату, сохранить локальный снимок и подключить его к валидатору.",Точная нормативная таблица указана в source; страницу нужно фиксировать при подключении соответствующего справочника.,Для R.IP.SP.02.002 структура и QName уже подтверждены; незакрытая часть — именно reference data.
MEDIUM,CLASSIFIERS_AND_REFERENCE_DATA,OP22,P.SP.02,P.SP.02.PRC.022,P.SP.02.TRN.040,P.SP.02.OPR.104,P.SP.02.MSG.045,REQ 5,"Таблица 63, п.5 (R.IP.SP.02.002)",,R.IP.SP.02.002,ipcdo:TrademarkApplicationDetails,ipsdo:IPDocKindCode,ipcdo:TrademarkApplicationDetails/ipsdo:IPDocKindCode,Классифицировано как EXTERNAL,national patent-office document kind classifier,Решение Коллегии ЕЭК №92 / реестр Союза,NONE,NO,NO,Подключить машиночитаемый справочник/классификатор ЕЭК,Classifier absence fallback requires specific IPDocKindName for amendment document kinds.,NEEDS_REFERENCE_DATA,NO,CLASSIFIERS_AND_REFERENCE_DATA,P2,"Правило в PDF есть, но полная офлайн-проверка зависит от официального справочника/классификатора. Одного текста регламента недостаточно, если нужно определить наличие кода или допустимое значение.","Получить официальный машиночитаемый классификатор/справочник, зафиксировать его версию/дату, сохранить локальный снимок и подключить его к валидатору.",Точная нормативная таблица указана в source; страницу нужно фиксировать при подключении соответствующего справочника.,Для R.IP.SP.02.002 структура и QName уже подтверждены; незакрытая часть — именно reference data.
MEDIUM,SEMANTIC_CLARIFICATIONS,OP22,P.SP.02,P.SP.02.PRC.022,P.SP.02.TRN.040,P.SP.02.OPR.104,P.SP.02.MSG.045,REQ 13,"Таблица 63/44, п.13 (R.IP.SP.02.002)",,R.IP.SP.02.002,ipcdo:TrademarkApplicationDetails,ipcdo:TrademarkApplicationDetails,ipcdo:TrademarkApplicationDetails,Классифицировано как AMBIGUOUS,"Table 44 globally says IPPartyKindCode is AP, whereas REQ21-22 recognize PA and RE party instances.",Нормативный источник / XSD,NONE,NO,NO,Уточнить нормативную формулировку сферы действия требования,"Table 44 globally says IPPartyKindCode is AP, whereas REQ21-22 recognize PA and RE party instances.",NEEDS_NORMATIVE_CLARIFICATION,NO,SEMANTIC_CLARIFICATIONS,P2,"Не закрывать догадкой. Формулировка IPPartyKindCode=AP без явного repeated-owner scope конфликтует с последующими правилами, где допускаются отдельные экземпляры PA и RE.","Официально подтвердить область действия REQ 13: это условие для конкретного экземпляра заявителя, а не глобальный запрет других IPPartyDetails. Зафиксировать разъяснение/исправленную редакцию.",ОП_22.pdf: пример блока REQ 13–22 — PDF 515–518; точная таблица конкретной строки указана в source,REQ 13 требует AP; REQ 14 требует ровно один экземпляр IPPartyDetails с AP; REQ 21 и 22 отдельно разрешают PA и RE. Глобальная трактовка REQ 13 поэтому противоречива.
HIGH,ENGINE_CAPABILITY_GAPS,OP22,P.SP.02,P.SP.02.PRC.022,P.SP.02.TRN.040,P.SP.02.OPR.104,P.SP.02.MSG.045,REQ 16,"Таблица 63/44, п.16 (R.IP.SP.02.002)",,R.IP.SP.02.002,ipcdo:TrademarkApplicationDetails,ipcdo:TrademarkApplicationDetails,ipcdo:TrademarkApplicationDetails,Классифицировано как ENGINE_UNSUPPORTED,NONE,Движок валидации правил,positional/ordinal access,YES,NO,Добавить поддержку возможности в rules engine: Nested ordinal/second instance semantics unsupported.,Filtered/nested cardinality and correlation over repeated names and addresses.,FIX_NOW_CODE,YES,ENGINE_CAPABILITY_GAPS,P1,"Можно закрывать сейчас. Нормативное правило уже найдено; пробел связан не с документами, а с отсутствующей возможностью rules_engine.",Реализовать capability: positional/ordinal access; добавить положительные и отрицательные тесты.,Использовать таблицу/пункт из поля source; дополнительных внешних документов не требуется.,Исходный реестр уже помечает can_fix_without_external_docs=YES для этой категории.
HIGH,ENGINE_CAPABILITY_GAPS,OP22,P.SP.02,P.SP.02.PRC.022,P.SP.02.TRN.040,P.SP.02.OPR.104,P.SP.02.MSG.045,REQ 17,"Таблица 63/44, п.17 (R.IP.SP.02.002)",,R.IP.SP.02.002,ipcdo:TrademarkApplicationDetails,ipcdo:TrademarkApplicationDetails,ipcdo:TrademarkApplicationDetails,Классифицировано как ENGINE_UNSUPPORTED,NONE,Движок валидации правил,positional/ordinal access,YES,NO,Добавить поддержку возможности в rules engine: Nested ordinal/second instance semantics unsupported.,Filtered/nested cardinality and correlation over repeated names and addresses.,FIX_NOW_CODE,YES,ENGINE_CAPABILITY_GAPS,P1,"Можно закрывать сейчас. Нормативное правило уже найдено; пробел связан не с документами, а с отсутствующей возможностью rules_engine.",Реализовать capability: positional/ordinal access; добавить положительные и отрицательные тесты.,Использовать таблицу/пункт из поля source; дополнительных внешних документов не требуется.,Исходный реестр уже помечает can_fix_without_external_docs=YES для этой категории.
HIGH,ENGINE_CAPABILITY_GAPS,OP22,P.SP.02,P.SP.02.PRC.022,P.SP.02.TRN.040,P.SP.02.OPR.104,P.SP.02.MSG.045,REQ 18,"Таблица 63/44, п.18 (R.IP.SP.02.002)",,R.IP.SP.02.002,ipcdo:TrademarkApplicationDetails,ipcdo:TrademarkApplicationDetails,ipcdo:TrademarkApplicationDetails,Классифицировано как ENGINE_UNSUPPORTED,NONE,Движок валидации правил,positional/ordinal access,YES,NO,Добавить поддержку возможности в rules engine: Nested ordinal/second instance semantics unsupported.,Filtered/nested cardinality and correlation over repeated names and addresses.,FIX_NOW_CODE,YES,ENGINE_CAPABILITY_GAPS,P1,"Можно закрывать сейчас. Нормативное правило уже найдено; пробел связан не с документами, а с отсутствующей возможностью rules_engine.",Реализовать capability: positional/ordinal access; добавить положительные и отрицательные тесты.,Использовать таблицу/пункт из поля source; дополнительных внешних документов не требуется.,Исходный реестр уже помечает can_fix_without_external_docs=YES для этой категории.
HIGH,ENGINE_CAPABILITY_GAPS,OP22,P.SP.02,P.SP.02.PRC.022,P.SP.02.TRN.040,P.SP.02.OPR.104,P.SP.02.MSG.045,REQ 19,"Таблица 63/44, п.19 (R.IP.SP.02.002)",,R.IP.SP.02.002,ipcdo:TrademarkApplicationDetails,ipcdo:TrademarkApplicationDetails,ipcdo:TrademarkApplicationDetails,Классифицировано как ENGINE_UNSUPPORTED,NONE,Движок валидации правил,positional/ordinal access,YES,NO,Добавить поддержку возможности в rules engine: Nested ordinal/second instance semantics unsupported.,Filtered/nested cardinality and correlation over repeated names and addresses.,FIX_NOW_CODE,YES,ENGINE_CAPABILITY_GAPS,P1,"Можно закрывать сейчас. Нормативное правило уже найдено; пробел связан не с документами, а с отсутствующей возможностью rules_engine.",Реализовать capability: positional/ordinal access; добавить положительные и отрицательные тесты.,Использовать таблицу/пункт из поля source; дополнительных внешних документов не требуется.,Исходный реестр уже помечает can_fix_without_external_docs=YES для этой категории.
HIGH,ENGINE_CAPABILITY_GAPS,OP22,P.SP.02,P.SP.02.PRC.022,P.SP.02.TRN.040,P.SP.02.OPR.104,P.SP.02.MSG.045,REQ 20,"Таблица 63/44, п.20 (R.IP.SP.02.002)",,R.IP.SP.02.002,ipcdo:TrademarkApplicationDetails,ipcdo:TrademarkApplicationDetails,ipcdo:TrademarkApplicationDetails,Классифицировано как ENGINE_UNSUPPORTED,NONE,Движок валидации правил,positional/ordinal access,YES,NO,Добавить поддержку возможности в rules engine: Nested ordinal/second instance semantics unsupported.,Filtered/nested cardinality and correlation over repeated names and addresses.,FIX_NOW_CODE,YES,ENGINE_CAPABILITY_GAPS,P1,"Можно закрывать сейчас. Нормативное правило уже найдено; пробел связан не с документами, а с отсутствующей возможностью rules_engine.",Реализовать capability: positional/ordinal access; добавить положительные и отрицательные тесты.,Использовать таблицу/пункт из поля source; дополнительных внешних документов не требуется.,Исходный реестр уже помечает can_fix_without_external_docs=YES для этой категории.
HIGH,ENGINE_CAPABILITY_GAPS,OP22,P.SP.02,P.SP.02.PRC.022,P.SP.02.TRN.040,P.SP.02.OPR.104,P.SP.02.MSG.045,REQ 26,"Таблица 63/44, п.26 (R.IP.SP.02.002)",,R.IP.SP.02.002,ipcdo:TrademarkApplicationDetails,ipcdo:TrademarkApplicationDetails,ipcdo:TrademarkApplicationDetails,Классифицировано как ENGINE_UNSUPPORTED,NONE,Движок валидации правил,disjunction,YES,NO,Добавить поддержку возможности в rules engine: Exact disjunctive code-or-name semantics unsupported.,TrademarkKindCode or TrademarkKindName must be in normative set; cannot be safely replaced with AND.,FIX_NOW_CODE,YES,ENGINE_CAPABILITY_GAPS,P1,"Можно закрывать сейчас. Нормативное правило уже найдено; пробел связан не с документами, а с отсутствующей возможностью rules_engine.",Реализовать capability: disjunction; добавить положительные и отрицательные тесты.,Использовать таблицу/пункт из поля source; дополнительных внешних документов не требуется.,Исходный реестр уже помечает can_fix_without_external_docs=YES для этой категории.
HIGH,ENGINE_CAPABILITY_GAPS,OP22,P.SP.02,P.SP.02.PRC.022,P.SP.02.TRN.040,P.SP.02.OPR.104,P.SP.02.MSG.045,REQ 30,"Таблица 63, п.30 (R.IP.SP.02.002)",,R.IP.SP.02.002,ipcdo:TrademarkApplicationDetails,ipsdo:IPPartyKindCode,ipcdo:TrademarkApplicationDetails/ipcdo:IPPartyDetails/ipsdo:IPPartyKindCode,Классифицировано как ENGINE_UNSUPPORTED,NONE,Движок валидации правил,conditional filtering of repeated instances,YES,NO,Добавить поддержку возможности в rules engine: Cross-collection filtering and correlation unsupported.,Conditional cross-collection correlation: application doc kind + AS party requires AccompanyingDocumentsDetails with matching doc kind.,FIX_NOW_CODE,YES,ENGINE_CAPABILITY_GAPS,P1,"Можно закрывать сейчас. Нормативное правило уже найдено; пробел связан не с документами, а с отсутствующей возможностью rules_engine.",Реализовать capability: conditional filtering of repeated instances; добавить положительные и отрицательные тесты.,Использовать таблицу/пункт из поля source; дополнительных внешних документов не требуется.,Исходный реестр уже помечает can_fix_without_external_docs=YES для этой категории.
LOW,CLASSIFIERS_AND_REFERENCE_DATA,OP22,P.SP.02,P.SP.02.PRC.023,P.SP.02.TRN.041,P.SP.02.OPR.112,P.SP.02.MSG.046,REQ 1,"Таблица 64, п.1",,R.IP.SP.02.007,ipcdo:UnifiedRegisterRecordsDetails,ipsdo:IPDocKindCode,ipcdo:UnifiedRegisterRecordsDetails/ipsdo:IPDocKindCode,Классифицировано как SAFE_PARTIAL,classifier of document/material kinds,Решение Коллегии ЕЭК №92 / реестр Союза,NONE,NO,NO,Расширить валидацию после получения эталонного реестра,,NEEDS_REFERENCE_DATA,NO,CLASSIFIERS_AND_REFERENCE_DATA,P2,"Правило в PDF есть, но полная офлайн-проверка зависит от официального справочника/классификатора. Одного текста регламента недостаточно, если нужно определить наличие кода или допустимое значение.","Получить официальный машиночитаемый классификатор/справочник, зафиксировать его версию/дату, сохранить локальный снимок и подключить его к валидатору.",Точная нормативная таблица указана в source; страницу нужно фиксировать при подключении соответствующего справочника.,Для R.IP.SP.02.002 структура и QName уже подтверждены; незакрытая часть — именно reference data.
LOW,CLASSIFIERS_AND_REFERENCE_DATA,OP22,P.SP.02,P.SP.02.PRC.023,P.SP.02.TRN.041,P.SP.02.OPR.112,P.SP.02.MSG.046,REQ 2,"Таблица 64, п.2",,R.IP.SP.02.007,ipcdo:UnifiedRegisterRecordsDetails,ipsdo:IPDocKindCode,ipcdo:UnifiedRegisterRecordsDetails/ipsdo:IPDocKindCode,Классифицировано как SAFE_PARTIAL,classifier of document/material kinds,Решение Коллегии ЕЭК №92 / реестр Союза,NONE,NO,NO,Расширить валидацию после получения эталонного реестра,,NEEDS_REFERENCE_DATA,NO,CLASSIFIERS_AND_REFERENCE_DATA,P2,"Правило в PDF есть, но полная офлайн-проверка зависит от официального справочника/классификатора. Одного текста регламента недостаточно, если нужно определить наличие кода или допустимое значение.","Получить официальный машиночитаемый классификатор/справочник, зафиксировать его версию/дату, сохранить локальный снимок и подключить его к валидатору.",Точная нормативная таблица указана в source; страницу нужно фиксировать при подключении соответствующего справочника.,Для R.IP.SP.02.002 структура и QName уже подтверждены; незакрытая часть — именно reference data.
LOW,CLASSIFIERS_AND_REFERENCE_DATA,OP22,P.SP.02,P.SP.02.PRC.023,P.SP.02.TRN.041,P.SP.02.OPR.112,P.SP.02.MSG.046,REQ 3,"Таблица 64, п.3",,R.IP.SP.02.007,ipcdo:UnifiedRegisterRecordsDetails,ipsdo:TrademarkId,ipcdo:UnifiedRegisterRecordsDetails/ipsdo:TrademarkId,Классифицировано как SAFE_PARTIAL,national patent-office information resource,Решение Коллегии ЕЭК №92 / реестр Союза,NONE,NO,NO,Расширить валидацию после получения эталонного реестра,,NEEDS_REFERENCE_DATA,NO,CLASSIFIERS_AND_REFERENCE_DATA,P2,"Правило в PDF есть, но полная офлайн-проверка зависит от официального справочника/классификатора. Одного текста регламента недостаточно, если нужно определить наличие кода или допустимое значение.","Получить официальный машиночитаемый классификатор/справочник, зафиксировать его версию/дату, сохранить локальный снимок и подключить его к валидатору.",Точная нормативная таблица указана в source; страницу нужно фиксировать при подключении соответствующего справочника.,Для R.IP.SP.02.002 структура и QName уже подтверждены; незакрытая часть — именно reference data.
LOW,CLASSIFIERS_AND_REFERENCE_DATA,OP22,P.SP.02,P.SP.02.PRC.024,P.SP.02.TRN.042,P.SP.02.OPR.120,P.SP.02.MSG.047,REQ 1,"Таблица 65, п.1 (R.IP.SP.02.007)",,R.IP.SP.02.007,ipcdo:UnifiedRegisterRecordsDetails,ipsdo:TrademarkId,ipcdo:UnifiedRegisterRecordsDetails/ipsdo:TrademarkId,Классифицировано как SAFE_PARTIAL,National patent authority external register containing trademark records,Решение Коллегии ЕЭК №92 / реестр Союза,NONE,NO,NO,Расширить валидацию после получения эталонного реестра,Governed register record TrademarkId is required locally; verification of active registration status and equality in external registry remains external.,NEEDS_REFERENCE_DATA,NO,CLASSIFIERS_AND_REFERENCE_DATA,P2,"Правило в PDF есть, но полная офлайн-проверка зависит от официального справочника/классификатора. Одного текста регламента недостаточно, если нужно определить наличие кода или допустимое значение.","Получить официальный машиночитаемый классификатор/справочник, зафиксировать его версию/дату, сохранить локальный снимок и подключить его к валидатору.",Точная нормативная таблица указана в source; страницу нужно фиксировать при подключении соответствующего справочника.,Для R.IP.SP.02.002 структура и QName уже подтверждены; незакрытая часть — именно reference data.
LOW,CLASSIFIERS_AND_REFERENCE_DATA,OP22,P.SP.02,P.SP.02.PRC.024,P.SP.02.TRN.042,P.SP.02.OPR.120,P.SP.02.MSG.047,REQ 4,"Таблица 65, п.4 (R.IP.SP.02.007)",,R.IP.SP.02.007,ipcdo:UnifiedRegisterRecordsDetails,ipsdo:IPDocKindCode,ipcdo:UnifiedRegisterRecordsDetails/ipsdo:IPDocKindCode,Классифицировано как SAFE_PARTIAL,"Classifier of IP document, information, and material kinds",Решение Коллегии ЕЭК №92 / реестр Союза,NONE,NO,NO,Расширить валидацию после получения эталонного реестра,"If IPDocKindCode is present, IPDocKindName is forbidden; classifier membership is safe partial remainder.",NEEDS_REFERENCE_DATA,NO,CLASSIFIERS_AND_REFERENCE_DATA,P2,"Правило в PDF есть, но полная офлайн-проверка зависит от официального справочника/классификатора. Одного текста регламента недостаточно, если нужно определить наличие кода или допустимое значение.","Получить официальный машиночитаемый классификатор/справочник, зафиксировать его версию/дату, сохранить локальный снимок и подключить его к валидатору.",Точная нормативная таблица указана в source; страницу нужно фиксировать при подключении соответствующего справочника.,Для R.IP.SP.02.002 структура и QName уже подтверждены; незакрытая часть — именно reference data.
LOW,CLASSIFIERS_AND_REFERENCE_DATA,OP22,P.SP.02,P.SP.02.PRC.024,P.SP.02.TRN.042,P.SP.02.OPR.120,P.SP.02.MSG.047,REQ 5,"Таблица 65, п.5 (R.IP.SP.02.007)",,R.IP.SP.02.007,ipcdo:UnifiedRegisterRecordsDetails,ipsdo:IPDocKindCode,ipcdo:UnifiedRegisterRecordsDetails/ipsdo:IPDocKindCode,Классифицировано как SAFE_PARTIAL,"Classifier of IP document, information, and material kinds",Решение Коллегии ЕЭК №92 / реестр Союза,NONE,NO,NO,Расширить валидацию после получения эталонного реестра,"If IPDocKindCode is absent, IPDocKindName must equal exact normative string; classifier absence is safe partial remainder.",NEEDS_REFERENCE_DATA,NO,CLASSIFIERS_AND_REFERENCE_DATA,P2,"Правило в PDF есть, но полная офлайн-проверка зависит от официального справочника/классификатора. Одного текста регламента недостаточно, если нужно определить наличие кода или допустимое значение.","Получить официальный машиночитаемый классификатор/справочник, зафиксировать его версию/дату, сохранить локальный снимок и подключить его к валидатору.",Точная нормативная таблица указана в source; страницу нужно фиксировать при подключении соответствующего справочника.,Для R.IP.SP.02.002 структура и QName уже подтверждены; незакрытая часть — именно reference data.
HIGH,ENGINE_CAPABILITY_GAPS,OP22,P.SP.02,P.SP.02.PRC.024,P.SP.02.TRN.042,P.SP.02.OPR.120,P.SP.02.MSG.047,REQ 18,"Таблица 65/49, п.18 (R.IP.SP.02.007)",,R.IP.SP.02.007,ipcdo:UnifiedRegisterRecordsDetails,ipsdo:CollectiveMarkIndicator,ipcdo:UnifiedRegisterRecordsDetails/ipcdo:TrademarkDetails/ipsdo:CollectiveMarkIndicator,Классифицировано как ENGINE_UNSUPPORTED,NONE,Движок валидации правил,conditional filtering of repeated instances,YES,NO,Добавить поддержку возможности в rules engine: Cross-collection conditional dependency unsupported by engine.,Conditional cross-collection dependency: CollectiveMarkIndicator == 1 requires IPPartyDetails with kind UE.,FIX_NOW_CODE,YES,ENGINE_CAPABILITY_GAPS,P1,"Можно закрывать сейчас. Нормативное правило уже найдено; пробел связан не с документами, а с отсутствующей возможностью rules_engine.",Реализовать capability: conditional filtering of repeated instances; добавить положительные и отрицательные тесты.,Использовать таблицу/пункт из поля source; дополнительных внешних документов не требуется.,Исходный реестр уже помечает can_fix_without_external_docs=YES для этой категории.
HIGH,ENGINE_CAPABILITY_GAPS,OP22,P.SP.02,P.SP.02.PRC.024,P.SP.02.TRN.042,P.SP.02.OPR.120,P.SP.02.MSG.047,REQ 19,"Таблица 65/49, п.19 (R.IP.SP.02.007)",,R.IP.SP.02.007,ipcdo:UnifiedRegisterRecordsDetails,ipsdo:CollectiveMarkIndicator,ipcdo:UnifiedRegisterRecordsDetails/ipcdo:TrademarkDetails/ipsdo:CollectiveMarkIndicator,Классифицировано как ENGINE_UNSUPPORTED,NONE,Движок валидации правил,conditional filtering of repeated instances,YES,NO,Добавить поддержку возможности в rules engine: Cross-collection conditional dependency unsupported by engine.,Conditional cross-collection dependency: CollectiveMarkIndicator == 1 requires AccompanyingDocumentsDetails with charter doc kind.,FIX_NOW_CODE,YES,ENGINE_CAPABILITY_GAPS,P1,"Можно закрывать сейчас. Нормативное правило уже найдено; пробел связан не с документами, а с отсутствующей возможностью rules_engine.",Реализовать capability: conditional filtering of repeated instances; добавить положительные и отрицательные тесты.,Использовать таблицу/пункт из поля source; дополнительных внешних документов не требуется.,Исходный реестр уже помечает can_fix_without_external_docs=YES для этой категории.
LOW,CLASSIFIERS_AND_REFERENCE_DATA,OP22,P.SP.02,P.SP.02.PRC.025,P.SP.02.TRN.043,P.SP.02.OPR.128,P.SP.02.MSG.048,REQ 1,"Таблица 66, п.1 (R.IP.SP.02.007)",,R.IP.SP.02.007,ipcdo:UnifiedRegisterRecordsDetails,ipsdo:TrademarkId,ipcdo:UnifiedRegisterRecordsDetails/ipsdo:TrademarkId,Классифицировано как SAFE_PARTIAL,National patent authority external register containing trademark records,Решение Коллегии ЕЭК №92 / реестр Союза,NONE,NO,NO,Расширить валидацию после получения эталонного реестра,Governed register record TrademarkId is required locally; verification of active registration status and equality in external registry remains external.,NEEDS_REFERENCE_DATA,NO,CLASSIFIERS_AND_REFERENCE_DATA,P2,"Правило в PDF есть, но полная офлайн-проверка зависит от официального справочника/классификатора. Одного текста регламента недостаточно, если нужно определить наличие кода или допустимое значение.","Получить официальный машиночитаемый классификатор/справочник, зафиксировать его версию/дату, сохранить локальный снимок и подключить его к валидатору.",Точная нормативная таблица указана в source; страницу нужно фиксировать при подключении соответствующего справочника.,Для R.IP.SP.02.002 структура и QName уже подтверждены; незакрытая часть — именно reference data.
LOW,CLASSIFIERS_AND_REFERENCE_DATA,OP22,P.SP.02,P.SP.02.PRC.025,P.SP.02.TRN.043,P.SP.02.OPR.128,P.SP.02.MSG.048,REQ 4,"Таблица 66, п.4 (R.IP.SP.02.007)",,R.IP.SP.02.007,ipcdo:UnifiedRegisterRecordsDetails,ipsdo:IPDocKindCode,ipcdo:UnifiedRegisterRecordsDetails/ipsdo:IPDocKindCode,Классифицировано как SAFE_PARTIAL,"Classifier of IP document, information, and material kinds",Решение Коллегии ЕЭК №92 / реестр Союза,NONE,NO,NO,Расширить валидацию после получения эталонного реестра,"If IPDocKindCode is present, IPDocKindName is forbidden; classifier membership is safe partial remainder.",NEEDS_REFERENCE_DATA,NO,CLASSIFIERS_AND_REFERENCE_DATA,P2,"Правило в PDF есть, но полная офлайн-проверка зависит от официального справочника/классификатора. Одного текста регламента недостаточно, если нужно определить наличие кода или допустимое значение.","Получить официальный машиночитаемый классификатор/справочник, зафиксировать его версию/дату, сохранить локальный снимок и подключить его к валидатору.",Точная нормативная таблица указана в source; страницу нужно фиксировать при подключении соответствующего справочника.,Для R.IP.SP.02.002 структура и QName уже подтверждены; незакрытая часть — именно reference data.
LOW,CLASSIFIERS_AND_REFERENCE_DATA,OP22,P.SP.02,P.SP.02.PRC.025,P.SP.02.TRN.043,P.SP.02.OPR.128,P.SP.02.MSG.048,REQ 5,"Таблица 66, п.5 (R.IP.SP.02.007)",,R.IP.SP.02.007,ipcdo:UnifiedRegisterRecordsDetails,ipsdo:IPDocKindCode,ipcdo:UnifiedRegisterRecordsDetails/ipsdo:IPDocKindCode,Классифицировано как SAFE_PARTIAL,"Classifier of IP document, information, and material kinds",Решение Коллегии ЕЭК №92 / реестр Союза,NONE,NO,NO,Расширить валидацию после получения эталонного реестра,"If IPDocKindCode is absent, IPDocKindName must equal exact normative string; classifier absence is safe partial remainder.",NEEDS_REFERENCE_DATA,NO,CLASSIFIERS_AND_REFERENCE_DATA,P2,"Правило в PDF есть, но полная офлайн-проверка зависит от официального справочника/классификатора. Одного текста регламента недостаточно, если нужно определить наличие кода или допустимое значение.","Получить официальный машиночитаемый классификатор/справочник, зафиксировать его версию/дату, сохранить локальный снимок и подключить его к валидатору.",Точная нормативная таблица указана в source; страницу нужно фиксировать при подключении соответствующего справочника.,Для R.IP.SP.02.002 структура и QName уже подтверждены; незакрытая часть — именно reference data.
HIGH,ENGINE_CAPABILITY_GAPS,OP22,P.SP.02,P.SP.02.PRC.025,P.SP.02.TRN.043,P.SP.02.OPR.128,P.SP.02.MSG.048,REQ 18,"Таблица 66/49, п.18 (R.IP.SP.02.007)",,R.IP.SP.02.007,ipcdo:UnifiedRegisterRecordsDetails,ipsdo:CollectiveMarkIndicator,ipcdo:UnifiedRegisterRecordsDetails/ipcdo:TrademarkDetails/ipsdo:CollectiveMarkIndicator,Классифицировано как ENGINE_UNSUPPORTED,NONE,Движок валидации правил,conditional filtering of repeated instances,YES,NO,Добавить поддержку возможности в rules engine: Cross-collection conditional dependency unsupported by engine.,Conditional cross-collection dependency: CollectiveMarkIndicator == 1 requires IPPartyDetails with kind UE.,FIX_NOW_CODE,YES,ENGINE_CAPABILITY_GAPS,P1,"Можно закрывать сейчас. Нормативное правило уже найдено; пробел связан не с документами, а с отсутствующей возможностью rules_engine.",Реализовать capability: conditional filtering of repeated instances; добавить положительные и отрицательные тесты.,Использовать таблицу/пункт из поля source; дополнительных внешних документов не требуется.,Исходный реестр уже помечает can_fix_without_external_docs=YES для этой категории.
HIGH,ENGINE_CAPABILITY_GAPS,OP22,P.SP.02,P.SP.02.PRC.025,P.SP.02.TRN.043,P.SP.02.OPR.128,P.SP.02.MSG.048,REQ 19,"Таблица 66/49, п.19 (R.IP.SP.02.007)",,R.IP.SP.02.007,ipcdo:UnifiedRegisterRecordsDetails,ipsdo:CollectiveMarkIndicator,ipcdo:UnifiedRegisterRecordsDetails/ipcdo:TrademarkDetails/ipsdo:CollectiveMarkIndicator,Классифицировано как ENGINE_UNSUPPORTED,NONE,Движок валидации правил,conditional filtering of repeated instances,YES,NO,Добавить поддержку возможности в rules engine: Cross-collection conditional dependency unsupported by engine.,Conditional cross-collection dependency: CollectiveMarkIndicator == 1 requires AccompanyingDocumentsDetails with charter doc kind.,FIX_NOW_CODE,YES,ENGINE_CAPABILITY_GAPS,P1,"Можно закрывать сейчас. Нормативное правило уже найдено; пробел связан не с документами, а с отсутствующей возможностью rules_engine.",Реализовать capability: conditional filtering of repeated instances; добавить положительные и отрицательные тесты.,Использовать таблицу/пункт из поля source; дополнительных внешних документов не требуется.,Исходный реестр уже помечает can_fix_without_external_docs=YES для этой категории.
LOW,CLASSIFIERS_AND_REFERENCE_DATA,OP22,P.SP.02,P.SP.02.PRC.026,P.SP.02.TRN.044,P.SP.02.OPR.136,P.SP.02.MSG.049,REQ 1,"Таблица 67, п.1 (R.IP.SP.02.007)",,R.IP.SP.02.007,ipcdo:UnifiedRegisterRecordsDetails,ipsdo:TrademarkId,ipcdo:UnifiedRegisterRecordsDetails/ipsdo:TrademarkId,Классифицировано как SAFE_PARTIAL,National patent authority external register containing trademark records,Решение Коллегии ЕЭК №92 / реестр Союза,NONE,NO,NO,Расширить валидацию после получения эталонного реестра,Local TrademarkId presence is executable; external resource status and equality checks remain outside local XML validation.,NEEDS_REFERENCE_DATA,NO,CLASSIFIERS_AND_REFERENCE_DATA,P2,"Правило в PDF есть, но полная офлайн-проверка зависит от официального справочника/классификатора. Одного текста регламента недостаточно, если нужно определить наличие кода или допустимое значение.","Получить официальный машиночитаемый классификатор/справочник, зафиксировать его версию/дату, сохранить локальный снимок и подключить его к валидатору.",Точная нормативная таблица указана в source; страницу нужно фиксировать при подключении соответствующего справочника.,Для R.IP.SP.02.002 структура и QName уже подтверждены; незакрытая часть — именно reference data.
HIGH,ENGINE_CAPABILITY_GAPS,OP22,P.SP.02,P.SP.02.PRC.026,P.SP.02.TRN.044,P.SP.02.OPR.136,P.SP.02.MSG.049,REQ 18,"Таблица 67, п.18 (R.IP.SP.02.007)",,R.IP.SP.02.007,ipcdo:UnifiedRegisterRecordsDetails,ipsdo:CollectiveMarkIndicator,ipcdo:UnifiedRegisterRecordsDetails/ipcdo:TrademarkDetails/ipsdo:CollectiveMarkIndicator,Классифицировано как ENGINE_UNSUPPORTED,NONE,Движок валидации правил,conditional filtering of repeated instances,YES,NO,Добавить поддержку возможности в rules engine: Cross-collection conditional dependency unsupported by engine.,Conditional cross-collection dependency: CollectiveMarkIndicator == 1 requires IPPartyDetails with kind UE.,FIX_NOW_CODE,YES,ENGINE_CAPABILITY_GAPS,P1,"Можно закрывать сейчас. Нормативное правило уже найдено; пробел связан не с документами, а с отсутствующей возможностью rules_engine.",Реализовать capability: conditional filtering of repeated instances; добавить положительные и отрицательные тесты.,Использовать таблицу/пункт из поля source; дополнительных внешних документов не требуется.,Исходный реестр уже помечает can_fix_without_external_docs=YES для этой категории.
HIGH,ENGINE_CAPABILITY_GAPS,OP22,P.SP.02,P.SP.02.PRC.026,P.SP.02.TRN.044,P.SP.02.OPR.136,P.SP.02.MSG.049,REQ 19,"Таблица 67, п.19 (R.IP.SP.02.007)",,R.IP.SP.02.007,ipcdo:UnifiedRegisterRecordsDetails,ipsdo:CollectiveMarkIndicator,ipcdo:UnifiedRegisterRecordsDetails/ipcdo:TrademarkDetails/ipsdo:CollectiveMarkIndicator,Классифицировано как ENGINE_UNSUPPORTED,NONE,Движок валидации правил,conditional filtering of repeated instances,YES,NO,Добавить поддержку возможности в rules engine: Cross-collection conditional dependency unsupported by engine.,Conditional cross-collection dependency: CollectiveMarkIndicator == 1 requires AccompanyingDocumentsDetails with charter doc kind.,FIX_NOW_CODE,YES,ENGINE_CAPABILITY_GAPS,P1,"Можно закрывать сейчас. Нормативное правило уже найдено; пробел связан не с документами, а с отсутствующей возможностью rules_engine.",Реализовать capability: conditional filtering of repeated instances; добавить положительные и отрицательные тесты.,Использовать таблицу/пункт из поля source; дополнительных внешних документов не требуется.,Исходный реестр уже помечает can_fix_without_external_docs=YES для этой категории.
LOW,CLASSIFIERS_AND_REFERENCE_DATA,OP22,P.SP.02,P.SP.02.PRC.026,P.SP.02.TRN.044,P.SP.02.OPR.136,P.SP.02.MSG.049,REQ 21,"Таблица 67, п.21 (R.IP.SP.02.007)",,R.IP.SP.02.007,ipcdo:UnifiedRegisterRecordsDetails,ipsdo:IPDocKindCode,ipcdo:UnifiedRegisterRecordsDetails/ipsdo:IPDocKindCode,Классифицировано как SAFE_PARTIAL,"Classifier of document kinds, information and materials",Решение Коллегии ЕЭК №92 / реестр Союза,NONE,NO,NO,Расширить валидацию после получения эталонного реестра,"When direct same-record IPDocKindCode is present, direct IPDocKindName is forbidden; classifier validity remains external.",NEEDS_REFERENCE_DATA,NO,CLASSIFIERS_AND_REFERENCE_DATA,P2,"Правило в PDF есть, но полная офлайн-проверка зависит от официального справочника/классификатора. Одного текста регламента недостаточно, если нужно определить наличие кода или допустимое значение.","Получить официальный машиночитаемый классификатор/справочник, зафиксировать его версию/дату, сохранить локальный снимок и подключить его к валидатору.",Точная нормативная таблица указана в source; страницу нужно фиксировать при подключении соответствующего справочника.,Для R.IP.SP.02.002 структура и QName уже подтверждены; незакрытая часть — именно reference data.
LOW,CLASSIFIERS_AND_REFERENCE_DATA,OP22,P.SP.02,P.SP.02.PRC.026,P.SP.02.TRN.044,P.SP.02.OPR.136,P.SP.02.MSG.049,REQ 22,"Таблица 67, п.22 (R.IP.SP.02.007)",,R.IP.SP.02.007,ipcdo:UnifiedRegisterRecordsDetails,ipsdo:IPDocKindCode,ipcdo:UnifiedRegisterRecordsDetails/ipsdo:IPDocKindCode,Классифицировано как SAFE_PARTIAL,"Classifier of document kinds, information and materials",Решение Коллегии ЕЭК №92 / реестр Союза,NONE,NO,NO,Расширить валидацию после получения эталонного реестра,"When direct same-record IPDocKindCode is absent, direct IPDocKindName must equal the exact normative fallback literal; classifier branch predicate remains external.",NEEDS_REFERENCE_DATA,NO,CLASSIFIERS_AND_REFERENCE_DATA,P2,"Правило в PDF есть, но полная офлайн-проверка зависит от официального справочника/классификатора. Одного текста регламента недостаточно, если нужно определить наличие кода или допустимое значение.","Получить официальный машиночитаемый классификатор/справочник, зафиксировать его версию/дату, сохранить локальный снимок и подключить его к валидатору.",Точная нормативная таблица указана в source; страницу нужно фиксировать при подключении соответствующего справочника.,Для R.IP.SP.02.002 структура и QName уже подтверждены; незакрытая часть — именно reference data.
LOW,CLASSIFIERS_AND_REFERENCE_DATA,OP22,P.SP.02,P.SP.02.PRC.027,P.SP.02.TRN.045,P.SP.02.OPR.144,P.SP.02.MSG.050,REQ 1,"Таблица 68, п.1 (R.IP.SP.02.007)",,R.IP.SP.02.007,ipcdo:UnifiedRegisterRecordsDetails,ipsdo:TrademarkId,ipcdo:UnifiedRegisterRecordsDetails/ipsdo:TrademarkId,Классифицировано как SAFE_PARTIAL,National patent authority external register containing trademark records,Решение Коллегии ЕЭК №92 / реестр Союза,NONE,NO,NO,Расширить валидацию после получения эталонного реестра,Governed register record TrademarkId is required locally; verification of active registration status and equality in external registry remains external.,NEEDS_REFERENCE_DATA,NO,CLASSIFIERS_AND_REFERENCE_DATA,P2,"Правило в PDF есть, но полная офлайн-проверка зависит от официального справочника/классификатора. Одного текста регламента недостаточно, если нужно определить наличие кода или допустимое значение.","Получить официальный машиночитаемый классификатор/справочник, зафиксировать его версию/дату, сохранить локальный снимок и подключить его к валидатору.",Точная нормативная таблица указана в source; страницу нужно фиксировать при подключении соответствующего справочника.,Для R.IP.SP.02.002 структура и QName уже подтверждены; незакрытая часть — именно reference data.
LOW,CLASSIFIERS_AND_REFERENCE_DATA,OP22,P.SP.02,P.SP.02.PRC.027,P.SP.02.TRN.045,P.SP.02.OPR.144,P.SP.02.MSG.050,REQ 4,"Таблица 68, п.4 (R.IP.SP.02.007)",,R.IP.SP.02.007,ipcdo:UnifiedRegisterRecordsDetails,ipsdo:IPDocKindCode,ipcdo:UnifiedRegisterRecordsDetails/ipsdo:IPDocKindCode,Классифицировано как SAFE_PARTIAL,"Classifier of IP document, information, and material kinds",Решение Коллегии ЕЭК №92 / реестр Союза,NONE,NO,NO,Расширить валидацию после получения эталонного реестра,"If IPDocKindCode is present, IPDocKindName is forbidden; classifier membership is safe partial remainder.",NEEDS_REFERENCE_DATA,NO,CLASSIFIERS_AND_REFERENCE_DATA,P2,"Правило в PDF есть, но полная офлайн-проверка зависит от официального справочника/классификатора. Одного текста регламента недостаточно, если нужно определить наличие кода или допустимое значение.","Получить официальный машиночитаемый классификатор/справочник, зафиксировать его версию/дату, сохранить локальный снимок и подключить его к валидатору.",Точная нормативная таблица указана в source; страницу нужно фиксировать при подключении соответствующего справочника.,Для R.IP.SP.02.002 структура и QName уже подтверждены; незакрытая часть — именно reference data.
LOW,CLASSIFIERS_AND_REFERENCE_DATA,OP22,P.SP.02,P.SP.02.PRC.027,P.SP.02.TRN.045,P.SP.02.OPR.144,P.SP.02.MSG.050,REQ 5,"Таблица 68, п.5 (R.IP.SP.02.007)",,R.IP.SP.02.007,ipcdo:UnifiedRegisterRecordsDetails,ipsdo:IPDocKindCode,ipcdo:UnifiedRegisterRecordsDetails/ipsdo:IPDocKindCode,Классифицировано как SAFE_PARTIAL,"Classifier of IP document, information, and material kinds",Решение Коллегии ЕЭК №92 / реестр Союза,NONE,NO,NO,Расширить валидацию после получения эталонного реестра,"If IPDocKindCode is absent, IPDocKindName must equal exact normative string; classifier absence is safe partial remainder.",NEEDS_REFERENCE_DATA,NO,CLASSIFIERS_AND_REFERENCE_DATA,P2,"Правило в PDF есть, но полная офлайн-проверка зависит от официального справочника/классификатора. Одного текста регламента недостаточно, если нужно определить наличие кода или допустимое значение.","Получить официальный машиночитаемый классификатор/справочник, зафиксировать его версию/дату, сохранить локальный снимок и подключить его к валидатору.",Точная нормативная таблица указана в source; страницу нужно фиксировать при подключении соответствующего справочника.,Для R.IP.SP.02.002 структура и QName уже подтверждены; незакрытая часть — именно reference data.
HIGH,ENGINE_CAPABILITY_GAPS,OP22,P.SP.02,P.SP.02.PRC.027,P.SP.02.TRN.045,P.SP.02.OPR.144,P.SP.02.MSG.050,REQ 18,"Таблица 68/49, п.18 (R.IP.SP.02.007)",,R.IP.SP.02.007,ipcdo:UnifiedRegisterRecordsDetails,ipsdo:CollectiveMarkIndicator,ipcdo:UnifiedRegisterRecordsDetails/ipcdo:TrademarkDetails/ipsdo:CollectiveMarkIndicator,Классифицировано как ENGINE_UNSUPPORTED,NONE,Движок валидации правил,conditional filtering of repeated instances,YES,NO,Добавить поддержку возможности в rules engine: Cross-collection conditional dependency unsupported by engine.,Conditional cross-collection dependency: CollectiveMarkIndicator == 1 requires IPPartyDetails with kind UE.,FIX_NOW_CODE,YES,ENGINE_CAPABILITY_GAPS,P1,"Можно закрывать сейчас. Нормативное правило уже найдено; пробел связан не с документами, а с отсутствующей возможностью rules_engine.",Реализовать capability: conditional filtering of repeated instances; добавить положительные и отрицательные тесты.,Использовать таблицу/пункт из поля source; дополнительных внешних документов не требуется.,Исходный реестр уже помечает can_fix_without_external_docs=YES для этой категории.
HIGH,ENGINE_CAPABILITY_GAPS,OP22,P.SP.02,P.SP.02.PRC.027,P.SP.02.TRN.045,P.SP.02.OPR.144,P.SP.02.MSG.050,REQ 19,"Таблица 68/49, п.19 (R.IP.SP.02.007)",,R.IP.SP.02.007,ipcdo:UnifiedRegisterRecordsDetails,ipsdo:CollectiveMarkIndicator,ipcdo:UnifiedRegisterRecordsDetails/ipcdo:TrademarkDetails/ipsdo:CollectiveMarkIndicator,Классифицировано как ENGINE_UNSUPPORTED,NONE,Движок валидации правил,conditional filtering of repeated instances,YES,NO,Добавить поддержку возможности в rules engine: Cross-collection conditional dependency unsupported by engine.,Conditional cross-collection dependency: CollectiveMarkIndicator == 1 requires AccompanyingDocumentsDetails with charter doc kind.,FIX_NOW_CODE,YES,ENGINE_CAPABILITY_GAPS,P1,"Можно закрывать сейчас. Нормативное правило уже найдено; пробел связан не с документами, а с отсутствующей возможностью rules_engine.",Реализовать capability: conditional filtering of repeated instances; добавить положительные и отрицательные тесты.,Использовать таблицу/пункт из поля source; дополнительных внешних документов не требуется.,Исходный реестр уже помечает can_fix_without_external_docs=YES для этой категории.
LOW,CLASSIFIERS_AND_REFERENCE_DATA,OP22,P.SP.02,P.SP.02.PRC.028,P.SP.02.TRN.046,P.SP.02.OPR.151,P.SP.02.MSG.051,REQ 1,"Таблица 69, п.1 (R.IP.SP.02.007)",,R.IP.SP.02.007,ipcdo:UnifiedRegisterRecordsDetails,ipsdo:TrademarkId,ipcdo:UnifiedRegisterRecordsDetails/ipsdo:TrademarkId,Классифицировано как SAFE_PARTIAL,Filing office external register containing trademark records,Решение Коллегии ЕЭК №92 / реестр Союза,NONE,NO,NO,Расширить валидацию после получения эталонного реестра,Governed register record TrademarkId is required locally; verification of active registration status and equality in filing office external registry remains external.,NEEDS_REFERENCE_DATA,NO,CLASSIFIERS_AND_REFERENCE_DATA,P2,"Правило в PDF есть, но полная офлайн-проверка зависит от официального справочника/классификатора. Одного текста регламента недостаточно, если нужно определить наличие кода или допустимое значение.","Получить официальный машиночитаемый классификатор/справочник, зафиксировать его версию/дату, сохранить локальный снимок и подключить его к валидатору.",Точная нормативная таблица указана в source; страницу нужно фиксировать при подключении соответствующего справочника.,Для R.IP.SP.02.002 структура и QName уже подтверждены; незакрытая часть — именно reference data.
LOW,CLASSIFIERS_AND_REFERENCE_DATA,OP22,P.SP.02,P.SP.02.PRC.028,P.SP.02.TRN.046,P.SP.02.OPR.151,P.SP.02.MSG.051,REQ 3,"Таблица 69, п.3 (R.IP.SP.02.007)",,R.IP.SP.02.007,ipcdo:UnifiedRegisterRecordsDetails,ipsdo:IPDocKindCode,ipcdo:UnifiedRegisterRecordsDetails/ipsdo:IPDocKindCode,Классифицировано как SAFE_PARTIAL,"Classifier of IP document, information, and material kinds",Решение Коллегии ЕЭК №92 / реестр Союза,NONE,NO,NO,Расширить валидацию после получения эталонного реестра,"If IPDocKindCode is present, IPDocKindName is forbidden; classifier membership is safe partial remainder.",NEEDS_REFERENCE_DATA,NO,CLASSIFIERS_AND_REFERENCE_DATA,P2,"Правило в PDF есть, но полная офлайн-проверка зависит от официального справочника/классификатора. Одного текста регламента недостаточно, если нужно определить наличие кода или допустимое значение.","Получить официальный машиночитаемый классификатор/справочник, зафиксировать его версию/дату, сохранить локальный снимок и подключить его к валидатору.",Точная нормативная таблица указана в source; страницу нужно фиксировать при подключении соответствующего справочника.,Для R.IP.SP.02.002 структура и QName уже подтверждены; незакрытая часть — именно reference data.
LOW,CLASSIFIERS_AND_REFERENCE_DATA,OP22,P.SP.02,P.SP.02.PRC.028,P.SP.02.TRN.046,P.SP.02.OPR.151,P.SP.02.MSG.051,REQ 4,"Таблица 69, п.4 (R.IP.SP.02.007)",,R.IP.SP.02.007,ipcdo:UnifiedRegisterRecordsDetails,ipsdo:IPDocKindCode,ipcdo:UnifiedRegisterRecordsDetails/ipsdo:IPDocKindCode,Классифицировано как SAFE_PARTIAL,"Classifier of IP document, information, and material kinds",Решение Коллегии ЕЭК №92 / реестр Союза,NONE,NO,NO,Расширить валидацию после получения эталонного реестра,"If IPDocKindCode is absent, IPDocKindName must equal one of two exact normative strings; classifier absence is safe partial remainder.",NEEDS_REFERENCE_DATA,NO,CLASSIFIERS_AND_REFERENCE_DATA,P2,"Правило в PDF есть, но полная офлайн-проверка зависит от официального справочника/классификатора. Одного текста регламента недостаточно, если нужно определить наличие кода или допустимое значение.","Получить официальный машиночитаемый классификатор/справочник, зафиксировать его версию/дату, сохранить локальный снимок и подключить его к валидатору.",Точная нормативная таблица указана в source; страницу нужно фиксировать при подключении соответствующего справочника.,Для R.IP.SP.02.002 структура и QName уже подтверждены; незакрытая часть — именно reference data.
HIGH,ENGINE_CAPABILITY_GAPS,OP22,P.SP.02,P.SP.02.PRC.028,P.SP.02.TRN.046,P.SP.02.OPR.151,P.SP.02.MSG.051,REQ 18,"Таблица 69/49, п.18 (R.IP.SP.02.007)",,R.IP.SP.02.007,ipcdo:UnifiedRegisterRecordsDetails,ipsdo:CollectiveMarkIndicator,ipcdo:UnifiedRegisterRecordsDetails/ipcdo:TrademarkDetails/ipsdo:CollectiveMarkIndicator,Классифицировано как ENGINE_UNSUPPORTED,NONE,Движок валидации правил,conditional filtering of repeated instances,YES,NO,Добавить поддержку возможности в rules engine: Cross-collection conditional dependency unsupported by engine.,Conditional cross-collection dependency: CollectiveMarkIndicator == 1 requires IPPartyDetails with kind UE.,FIX_NOW_CODE,YES,ENGINE_CAPABILITY_GAPS,P1,"Можно закрывать сейчас. Нормативное правило уже найдено; пробел связан не с документами, а с отсутствующей возможностью rules_engine.",Реализовать capability: conditional filtering of repeated instances; добавить положительные и отрицательные тесты.,Использовать таблицу/пункт из поля source; дополнительных внешних документов не требуется.,Исходный реестр уже помечает can_fix_without_external_docs=YES для этой категории.
HIGH,ENGINE_CAPABILITY_GAPS,OP22,P.SP.02,P.SP.02.PRC.028,P.SP.02.TRN.046,P.SP.02.OPR.151,P.SP.02.MSG.051,REQ 19,"Таблица 69/49, п.19 (R.IP.SP.02.007)",,R.IP.SP.02.007,ipcdo:UnifiedRegisterRecordsDetails,ipsdo:CollectiveMarkIndicator,ipcdo:UnifiedRegisterRecordsDetails/ipcdo:TrademarkDetails/ipsdo:CollectiveMarkIndicator,Классифицировано как ENGINE_UNSUPPORTED,NONE,Движок валидации правил,conditional filtering of repeated instances,YES,NO,Добавить поддержку возможности в rules engine: Cross-collection conditional dependency unsupported by engine.,Conditional cross-collection dependency: CollectiveMarkIndicator == 1 requires AccompanyingDocumentsDetails with charter doc kind.,FIX_NOW_CODE,YES,ENGINE_CAPABILITY_GAPS,P1,"Можно закрывать сейчас. Нормативное правило уже найдено; пробел связан не с документами, а с отсутствующей возможностью rules_engine.",Реализовать capability: conditional filtering of repeated instances; добавить положительные и отрицательные тесты.,Использовать таблицу/пункт из поля source; дополнительных внешних документов не требуется.,Исходный реестр уже помечает can_fix_without_external_docs=YES для этой категории.
HIGH,ENGINE_CAPABILITY_GAPS,OP22,P.SP.02,P.SP.02.PRC.029,P.SP.02.TRN.047,P.SP.02.OPR.155,P.SP.02.MSG.052,REQ 3,"Таблица 70, п.3 (R.IP.SP.02.007)",,R.IP.SP.02.007,ipcdo:UnifiedRegisterRecordsDetails,ipcdo:UnifiedRegisterRecordsDetails,ipcdo:UnifiedRegisterRecordsDetails,Классифицировано как ENGINE_UNSUPPORTED,NONE,Движок валидации правил,cardinality after predicate,YES,NO,Добавить поддержку возможности в rules engine: Cross-record conditional cardinality based on nested repeated GoodsBaseDetails.,Requires data-dependent creation of a second record from nested goods state; current rules engine cannot express this cross-record obligation.,FIX_NOW_CODE,YES,ENGINE_CAPABILITY_GAPS,P1,"Можно закрывать сейчас. Нормативное правило уже найдено; пробел связан не с документами, а с отсутствующей возможностью rules_engine.",Реализовать capability: cardinality after predicate; добавить положительные и отрицательные тесты.,Использовать таблицу/пункт из поля source; дополнительных внешних документов не требуется.,Исходный реестр уже помечает can_fix_without_external_docs=YES для этой категории.
LOW,CLASSIFIERS_AND_REFERENCE_DATA,OP22,P.SP.02,P.SP.02.PRC.029,P.SP.02.TRN.047,P.SP.02.OPR.155,P.SP.02.MSG.052,REQ 5,"Таблица 70, п.5 (R.IP.SP.02.007)",,R.IP.SP.02.007,ipcdo:UnifiedRegisterRecordsDetails,ipsdo:TrademarkId,ipcdo:UnifiedRegisterRecordsDetails/ipsdo:TrademarkId,Классифицировано как SAFE_PARTIAL,National patent authority external register,Решение Коллегии ЕЭК №92 / реестр Союза,NONE,NO,NO,Расширить валидацию после получения эталонного реестра,Cancellation-record TrademarkId is enforceable locally; matching active external-registry record remains external.,NEEDS_REFERENCE_DATA,NO,CLASSIFIERS_AND_REFERENCE_DATA,P2,"Правило в PDF есть, но полная офлайн-проверка зависит от официального справочника/классификатора. Одного текста регламента недостаточно, если нужно определить наличие кода или допустимое значение.","Получить официальный машиночитаемый классификатор/справочник, зафиксировать его версию/дату, сохранить локальный снимок и подключить его к валидатору.",Точная нормативная таблица указана в source; страницу нужно фиксировать при подключении соответствующего справочника.,Для R.IP.SP.02.002 структура и QName уже подтверждены; незакрытая часть — именно reference data.
HIGH,ENGINE_CAPABILITY_GAPS,OP22,P.SP.02,P.SP.02.PRC.029,P.SP.02.TRN.047,P.SP.02.OPR.155,P.SP.02.MSG.052,REQ 18,"Таблица 70/49, п.18 (R.IP.SP.02.007)",,R.IP.SP.02.007,ipcdo:UnifiedRegisterRecordsDetails,ipcdo:UnifiedRegisterRecordsDetails,ipcdo:UnifiedRegisterRecordsDetails,Классифицировано как ENGINE_UNSUPPORTED,NONE,Движок валидации правил,conditional filtering of repeated instances,YES,NO,Добавить поддержку возможности в rules engine: Typed/semantic constraint not representable by current structured rules.,Inherited Table 49 requirement remains engine-unsupported under the authoritative classification.,FIX_NOW_CODE,YES,ENGINE_CAPABILITY_GAPS,P1,"Можно закрывать сейчас. Нормативное правило уже найдено; пробел связан не с документами, а с отсутствующей возможностью rules_engine.",Реализовать capability: conditional filtering of repeated instances; добавить положительные и отрицательные тесты.,Использовать таблицу/пункт из поля source; дополнительных внешних документов не требуется.,Исходный реестр уже помечает can_fix_without_external_docs=YES для этой категории.
HIGH,ENGINE_CAPABILITY_GAPS,OP22,P.SP.02,P.SP.02.PRC.029,P.SP.02.TRN.047,P.SP.02.OPR.155,P.SP.02.MSG.052,REQ 19,"Таблица 70/49, п.19 (R.IP.SP.02.007)",,R.IP.SP.02.007,ipcdo:UnifiedRegisterRecordsDetails,ipcdo:UnifiedRegisterRecordsDetails,ipcdo:UnifiedRegisterRecordsDetails,Классифицировано как ENGINE_UNSUPPORTED,NONE,Движок валидации правил,conditional filtering of repeated instances,YES,NO,Добавить поддержку возможности в rules engine: Typed/semantic constraint not representable by current structured rules.,Inherited Table 49 requirement remains engine-unsupported under the authoritative classification.,FIX_NOW_CODE,YES,ENGINE_CAPABILITY_GAPS,P1,"Можно закрывать сейчас. Нормативное правило уже найдено; пробел связан не с документами, а с отсутствующей возможностью rules_engine.",Реализовать capability: conditional filtering of repeated instances; добавить положительные и отрицательные тесты.,Использовать таблицу/пункт из поля source; дополнительных внешних документов не требуется.,Исходный реестр уже помечает can_fix_without_external_docs=YES для этой категории.
LOW,CLASSIFIERS_AND_REFERENCE_DATA,OP22,P.SP.02,P.SP.02.PRC.029,P.SP.02.TRN.047,P.SP.02.OPR.155,P.SP.02.MSG.052,REQ 20,"Таблица 70, п.20 (R.IP.SP.02.007)",,R.IP.SP.02.007,ipcdo:UnifiedRegisterRecordsDetails,ipsdo:TrademarkId,ipcdo:UnifiedRegisterRecordsDetails/ipsdo:TrademarkId,Классифицировано как SAFE_PARTIAL,National patent authority external register,Решение Коллегии ЕЭК №92 / реестр Союза,NONE,NO,NO,Расширить валидацию после получения эталонного реестра,New-registration TrademarkId is enforceable locally; external uniqueness check remains external.,NEEDS_REFERENCE_DATA,NO,CLASSIFIERS_AND_REFERENCE_DATA,P2,"Правило в PDF есть, но полная офлайн-проверка зависит от официального справочника/классификатора. Одного текста регламента недостаточно, если нужно определить наличие кода или допустимое значение.","Получить официальный машиночитаемый классификатор/справочник, зафиксировать его версию/дату, сохранить локальный снимок и подключить его к валидатору.",Точная нормативная таблица указана в source; страницу нужно фиксировать при подключении соответствующего справочника.,Для R.IP.SP.02.002 структура и QName уже подтверждены; незакрытая часть — именно reference data.
HIGH,ENGINE_CAPABILITY_GAPS,OP22,P.SP.02,P.SP.02.PRC.029,P.SP.02.TRN.047,P.SP.02.OPR.155,P.SP.02.MSG.052,REQ 21,"Таблица 70, п.21 (R.IP.SP.02.007)",,R.IP.SP.02.007,ipcdo:UnifiedRegisterRecordsDetails,ipcdo:UnifiedRegisterRecordsDetails,ipcdo:UnifiedRegisterRecordsDetails,Классифицировано как ENGINE_UNSUPPORTED,NONE,Движок валидации правил,typed date comparison,YES,NO,Добавить поддержку возможности в rules engine: Typed cross-record date comparison.,Cross-record typed/date relationship is not representable by current rules engine.,FIX_NOW_CODE,YES,ENGINE_CAPABILITY_GAPS,P1,"Можно закрывать сейчас. Нормативное правило уже найдено; пробел связан не с документами, а с отсутствующей возможностью rules_engine.",Реализовать capability: typed date comparison; добавить положительные и отрицательные тесты.,Использовать таблицу/пункт из поля source; дополнительных внешних документов не требуется.,Исходный реестр уже помечает can_fix_without_external_docs=YES для этой категории.
HIGH,ENGINE_CAPABILITY_GAPS,OP22,P.SP.02,P.SP.02.PRC.029,P.SP.02.TRN.047,P.SP.02.OPR.155,P.SP.02.MSG.052,REQ 22,"Таблица 70, п.22 (R.IP.SP.02.007)",,R.IP.SP.02.007,ipcdo:UnifiedRegisterRecordsDetails,ipcdo:UnifiedRegisterRecordsDetails,ipcdo:UnifiedRegisterRecordsDetails,Классифицировано как ENGINE_UNSUPPORTED,NONE,Движок валидации правил,typed date comparison,YES,NO,Добавить поддержку возможности в rules engine: Typed cross-record date comparison.,Cross-record typed/date relationship is not representable by current rules engine.,FIX_NOW_CODE,YES,ENGINE_CAPABILITY_GAPS,P1,"Можно закрывать сейчас. Нормативное правило уже найдено; пробел связан не с документами, а с отсутствующей возможностью rules_engine.",Реализовать capability: typed date comparison; добавить положительные и отрицательные тесты.,Использовать таблицу/пункт из поля source; дополнительных внешних документов не требуется.,Исходный реестр уже помечает can_fix_without_external_docs=YES для этой категории.
HIGH,ENGINE_CAPABILITY_GAPS,OP22,P.SP.02,P.SP.02.PRC.029,P.SP.02.TRN.047,P.SP.02.OPR.155,P.SP.02.MSG.052,REQ 24,"Таблица 70, п.24 (R.IP.SP.02.007)",,R.IP.SP.02.007,ipcdo:UnifiedRegisterRecordsDetails,ipcdo:UnifiedRegisterRecordsDetails,ipcdo:UnifiedRegisterRecordsDetails,Классифицировано как ENGINE_UNSUPPORTED,NONE,Движок валидации правил,cross-instance equality,YES,NO,Добавить поддержку возможности в rules engine: Cross-record value equality.,Cross-record equality is not representable by current rules engine.,FIX_NOW_CODE,YES,ENGINE_CAPABILITY_GAPS,P1,"Можно закрывать сейчас. Нормативное правило уже найдено; пробел связан не с документами, а с отсутствующей возможностью rules_engine.",Реализовать capability: cross-instance equality; добавить положительные и отрицательные тесты.,Использовать таблицу/пункт из поля source; дополнительных внешних документов не требуется.,Исходный реестр уже помечает can_fix_without_external_docs=YES для этой категории.
LOW,CLASSIFIERS_AND_REFERENCE_DATA,OP22,P.SP.02,P.SP.02.PRC.029,P.SP.02.TRN.047,P.SP.02.OPR.155,P.SP.02.MSG.052,REQ 25,"Таблица 70, п.25 (R.IP.SP.02.007)",,R.IP.SP.02.007,ipcdo:UnifiedRegisterRecordsDetails,ipsdo:IPDocKindCode,ipcdo:UnifiedRegisterRecordsDetails/ipsdo:IPDocKindCode,Классифицировано как SAFE_PARTIAL,"Classifier of IP document, information, and material kinds",Решение Коллегии ЕЭК №92 / реестр Союза,NONE,NO,NO,Расширить валидацию после получения эталонного реестра,status-04 cancellation document-kind local branch is enforceable; classifier membership/absence remains external.,NEEDS_REFERENCE_DATA,NO,CLASSIFIERS_AND_REFERENCE_DATA,P2,"Правило в PDF есть, но полная офлайн-проверка зависит от официального справочника/классификатора. Одного текста регламента недостаточно, если нужно определить наличие кода или допустимое значение.","Получить официальный машиночитаемый классификатор/справочник, зафиксировать его версию/дату, сохранить локальный снимок и подключить его к валидатору.",Точная нормативная таблица указана в source; страницу нужно фиксировать при подключении соответствующего справочника.,Для R.IP.SP.02.002 структура и QName уже подтверждены; незакрытая часть — именно reference data.
LOW,CLASSIFIERS_AND_REFERENCE_DATA,OP22,P.SP.02,P.SP.02.PRC.029,P.SP.02.TRN.047,P.SP.02.OPR.155,P.SP.02.MSG.052,REQ 26,"Таблица 70, п.26 (R.IP.SP.02.007)",,R.IP.SP.02.007,ipcdo:UnifiedRegisterRecordsDetails,ipsdo:IPDocKindCode,ipcdo:UnifiedRegisterRecordsDetails/ipsdo:IPDocKindCode,Классифицировано как SAFE_PARTIAL,"Classifier of IP document, information, and material kinds",Решение Коллегии ЕЭК №92 / реестр Союза,NONE,NO,NO,Расширить валидацию после получения эталонного реестра,status-04 cancellation document-kind local branch is enforceable; classifier membership/absence remains external.,NEEDS_REFERENCE_DATA,NO,CLASSIFIERS_AND_REFERENCE_DATA,P2,"Правило в PDF есть, но полная офлайн-проверка зависит от официального справочника/классификатора. Одного текста регламента недостаточно, если нужно определить наличие кода или допустимое значение.","Получить официальный машиночитаемый классификатор/справочник, зафиксировать его версию/дату, сохранить локальный снимок и подключить его к валидатору.",Точная нормативная таблица указана в source; страницу нужно фиксировать при подключении соответствующего справочника.,Для R.IP.SP.02.002 структура и QName уже подтверждены; незакрытая часть — именно reference data.
LOW,CLASSIFIERS_AND_REFERENCE_DATA,OP22,P.SP.02,P.SP.02.PRC.029,P.SP.02.TRN.047,P.SP.02.OPR.155,P.SP.02.MSG.052,REQ 27,"Таблица 70, п.27 (R.IP.SP.02.007)",,R.IP.SP.02.007,ipcdo:UnifiedRegisterRecordsDetails,ipsdo:IPDocKindCode,ipcdo:UnifiedRegisterRecordsDetails/ipsdo:IPDocKindCode,Классифицировано как SAFE_PARTIAL,"Classifier of IP document, information, and material kinds",Решение Коллегии ЕЭК №92 / реестр Союза,NONE,NO,NO,Расширить валидацию после получения эталонного реестра,status-01 new-registration document-kind local branch is enforceable; classifier membership/absence remains external.,NEEDS_REFERENCE_DATA,NO,CLASSIFIERS_AND_REFERENCE_DATA,P2,"Правило в PDF есть, но полная офлайн-проверка зависит от официального справочника/классификатора. Одного текста регламента недостаточно, если нужно определить наличие кода или допустимое значение.","Получить официальный машиночитаемый классификатор/справочник, зафиксировать его версию/дату, сохранить локальный снимок и подключить его к валидатору.",Точная нормативная таблица указана в source; страницу нужно фиксировать при подключении соответствующего справочника.,Для R.IP.SP.02.002 структура и QName уже подтверждены; незакрытая часть — именно reference data.
LOW,CLASSIFIERS_AND_REFERENCE_DATA,OP22,P.SP.02,P.SP.02.PRC.029,P.SP.02.TRN.047,P.SP.02.OPR.155,P.SP.02.MSG.052,REQ 28,"Таблица 70, п.28 (R.IP.SP.02.007)",,R.IP.SP.02.007,ipcdo:UnifiedRegisterRecordsDetails,ipsdo:IPDocKindCode,ipcdo:UnifiedRegisterRecordsDetails/ipsdo:IPDocKindCode,Классифицировано как SAFE_PARTIAL,"Classifier of IP document, information, and material kinds",Решение Коллегии ЕЭК №92 / реестр Союза,NONE,NO,NO,Расширить валидацию после получения эталонного реестра,status-01 new-registration document-kind local branch is enforceable; classifier membership/absence remains external.,NEEDS_REFERENCE_DATA,NO,CLASSIFIERS_AND_REFERENCE_DATA,P2,"Правило в PDF есть, но полная офлайн-проверка зависит от официального справочника/классификатора. Одного текста регламента недостаточно, если нужно определить наличие кода или допустимое значение.","Получить официальный машиночитаемый классификатор/справочник, зафиксировать его версию/дату, сохранить локальный снимок и подключить его к валидатору.",Точная нормативная таблица указана в source; страницу нужно фиксировать при подключении соответствующего справочника.,Для R.IP.SP.02.002 структура и QName уже подтверждены; незакрытая часть — именно reference data.
LOW,CLASSIFIERS_AND_REFERENCE_DATA,OP22,P.SP.02,P.SP.02.PRC.030,P.SP.02.TRN.048,P.SP.02.OPR.163,P.SP.02.MSG.053,REQ 1,"Таблица 71, п.1 (R.IP.SP.02.007)",,R.IP.SP.02.007,ipcdo:UnifiedRegisterRecordsDetails,ipsdo:TrademarkId,ipcdo:UnifiedRegisterRecordsDetails/ipsdo:TrademarkId,Классифицировано как SAFE_PARTIAL,National patent office external registry,Решение Коллегии ЕЭК №92 / реестр Союза,NONE,NO,NO,Расширить валидацию после получения эталонного реестра,"TrademarkId is required locally; external registry active status (StatusCode in 01, 03; EndDateTime empty; matching TrademarkId) is safe partial remainder.",NEEDS_REFERENCE_DATA,NO,CLASSIFIERS_AND_REFERENCE_DATA,P2,"Правило в PDF есть, но полная офлайн-проверка зависит от официального справочника/классификатора. Одного текста регламента недостаточно, если нужно определить наличие кода или допустимое значение.","Получить официальный машиночитаемый классификатор/справочник, зафиксировать его версию/дату, сохранить локальный снимок и подключить его к валидатору.",Точная нормативная таблица указана в source; страницу нужно фиксировать при подключении соответствующего справочника.,Для R.IP.SP.02.002 структура и QName уже подтверждены; незакрытая часть — именно reference data.
LOW,CLASSIFIERS_AND_REFERENCE_DATA,OP22,P.SP.02,P.SP.02.PRC.030,P.SP.02.TRN.048,P.SP.02.OPR.163,P.SP.02.MSG.053,REQ 4,"Таблица 71, п.4 (R.IP.SP.02.007)",,R.IP.SP.02.007,ipcdo:UnifiedRegisterRecordsDetails,ipsdo:IPDocKindCode,ipcdo:UnifiedRegisterRecordsDetails/ipsdo:IPDocKindCode,Классифицировано как SAFE_PARTIAL,"Classifier of IP document, information, and material kinds",Решение Коллегии ЕЭК №92 / реестр Союза,NONE,NO,NO,Расширить валидацию после получения эталонного реестра,"If IPDocKindCode is present, IPDocKindName is forbidden; classifier membership is safe partial remainder.",NEEDS_REFERENCE_DATA,NO,CLASSIFIERS_AND_REFERENCE_DATA,P2,"Правило в PDF есть, но полная офлайн-проверка зависит от официального справочника/классификатора. Одного текста регламента недостаточно, если нужно определить наличие кода или допустимое значение.","Получить официальный машиночитаемый классификатор/справочник, зафиксировать его версию/дату, сохранить локальный снимок и подключить его к валидатору.",Точная нормативная таблица указана в source; страницу нужно фиксировать при подключении соответствующего справочника.,Для R.IP.SP.02.002 структура и QName уже подтверждены; незакрытая часть — именно reference data.
LOW,CLASSIFIERS_AND_REFERENCE_DATA,OP22,P.SP.02,P.SP.02.PRC.030,P.SP.02.TRN.048,P.SP.02.OPR.163,P.SP.02.MSG.053,REQ 5,"Таблица 71, п.5 (R.IP.SP.02.007)",,R.IP.SP.02.007,ipcdo:UnifiedRegisterRecordsDetails,ipsdo:IPDocKindCode,ipcdo:UnifiedRegisterRecordsDetails/ipsdo:IPDocKindCode,Классифицировано как SAFE_PARTIAL,"Classifier of IP document, information, and material kinds",Решение Коллегии ЕЭК №92 / реестр Союза,NONE,NO,NO,Расширить валидацию после получения эталонного реестра,"If IPDocKindCode is absent, IPDocKindName must equal exact normative string; classifier absence is safe partial remainder.",NEEDS_REFERENCE_DATA,NO,CLASSIFIERS_AND_REFERENCE_DATA,P2,"Правило в PDF есть, но полная офлайн-проверка зависит от официального справочника/классификатора. Одного текста регламента недостаточно, если нужно определить наличие кода или допустимое значение.","Получить официальный машиночитаемый классификатор/справочник, зафиксировать его версию/дату, сохранить локальный снимок и подключить его к валидатору.",Точная нормативная таблица указана в source; страницу нужно фиксировать при подключении соответствующего справочника.,Для R.IP.SP.02.002 структура и QName уже подтверждены; незакрытая часть — именно reference data.
HIGH,ENGINE_CAPABILITY_GAPS,OP22,P.SP.02,P.SP.02.PRC.030,P.SP.02.TRN.048,P.SP.02.OPR.163,P.SP.02.MSG.053,REQ 18,"Таблица 71/49, п.18 (R.IP.SP.02.007)",,R.IP.SP.02.007,ipcdo:UnifiedRegisterRecordsDetails,ipcdo:UnifiedRegisterRecordsDetails,ipcdo:UnifiedRegisterRecordsDetails,Классифицировано как ENGINE_UNSUPPORTED,NONE,Движок валидации правил,conditional filtering of repeated instances,YES,NO,Добавить поддержку возможности в rules engine: CROSS_COLLECTION_CONDITIONAL_PRESENCE,"Conditional cross-collection dependency: if CollectiveMarkIndicator == 1, IPPartyDetails with kind UE required.",FIX_NOW_CODE,YES,ENGINE_CAPABILITY_GAPS,P1,"Можно закрывать сейчас. Нормативное правило уже найдено; пробел связан не с документами, а с отсутствующей возможностью rules_engine.",Реализовать capability: conditional filtering of repeated instances; добавить положительные и отрицательные тесты.,Использовать таблицу/пункт из поля source; дополнительных внешних документов не требуется.,Исходный реестр уже помечает can_fix_without_external_docs=YES для этой категории.
HIGH,ENGINE_CAPABILITY_GAPS,OP22,P.SP.02,P.SP.02.PRC.030,P.SP.02.TRN.048,P.SP.02.OPR.163,P.SP.02.MSG.053,REQ 19,"Таблица 71/49, п.19 (R.IP.SP.02.007)",,R.IP.SP.02.007,ipcdo:UnifiedRegisterRecordsDetails,ipcdo:UnifiedRegisterRecordsDetails,ipcdo:UnifiedRegisterRecordsDetails,Классифицировано как ENGINE_UNSUPPORTED,NONE,Движок валидации правил,conditional filtering of repeated instances,YES,NO,Добавить поддержку возможности в rules engine: CROSS_COLLECTION_CONDITIONAL_PRESENCE,"Conditional cross-collection dependency: if CollectiveMarkIndicator == 1, AccompanyingDocumentsDetails with charter document kind required.",FIX_NOW_CODE,YES,ENGINE_CAPABILITY_GAPS,P1,"Можно закрывать сейчас. Нормативное правило уже найдено; пробел связан не с документами, а с отсутствующей возможностью rules_engine.",Реализовать capability: conditional filtering of repeated instances; добавить положительные и отрицательные тесты.,Использовать таблицу/пункт из поля source; дополнительных внешних документов не требуется.,Исходный реестр уже помечает can_fix_without_external_docs=YES для этой категории.
MEDIUM,EXTERNAL_INFORMATION_SYSTEMS,OP22,P.SP.02,P.SP.02.PRC.030,P.SP.02.TRN.048,P.SP.02.OPR.163,P.SP.02.MSG.053,REQ 21,"Таблица 71, п.21 (R.IP.SP.02.007)",,R.IP.SP.02.007,ipcdo:UnifiedRegisterRecordsDetails,csdo:DocValidityDate,ipcdo:UnifiedRegisterRecordsDetails/csdo:DocValidityDate,Классифицировано как EXTERNAL,NONE,Реестр национального патентного ведомства,NONE,NO,NO,Подключить машиночитаемый реестр национального патентного ведомства,External resource check: national patent office register contains matching TrademarkId and exactly one fewer DocValidityDate than in the message.,NEEDS_EXTERNAL_REGISTRY,NO,EXTERNAL_INFORMATION_SYSTEMS,P3,Локальным кодом и PDF это полностью не закрывается: правило сравнивает сообщение с фактическими данными внешнего реестра.,"Получить официальный доступ/выгрузку или согласованный локальный снимок реестра, определить ключи сопоставления и дату актуальности данных.",ОП_22.pdf: REQ 21 — PDF 575; REQ 22–23 — PDF 576,"Требования прямо сравнивают сообщение с записью Единого реестра ТЗ Союза: количество и значения DocValidityDate, а также новое максимальное значение."
MEDIUM,EXTERNAL_INFORMATION_SYSTEMS,OP22,P.SP.02,P.SP.02.PRC.030,P.SP.02.TRN.048,P.SP.02.OPR.163,P.SP.02.MSG.053,REQ 22,"Таблица 71, п.22 (R.IP.SP.02.007)",,R.IP.SP.02.007,ipcdo:UnifiedRegisterRecordsDetails,csdo:DocValidityDate,ipcdo:UnifiedRegisterRecordsDetails/csdo:DocValidityDate,Классифицировано как EXTERNAL,NONE,Реестр национального патентного ведомства,NONE,NO,NO,Подключить машиночитаемый реестр национального патентного ведомства,External resource check: all DocValidityDate values except one must match between external register and message.,NEEDS_EXTERNAL_REGISTRY,NO,EXTERNAL_INFORMATION_SYSTEMS,P3,Локальным кодом и PDF это полностью не закрывается: правило сравнивает сообщение с фактическими данными внешнего реестра.,"Получить официальный доступ/выгрузку или согласованный локальный снимок реестра, определить ключи сопоставления и дату актуальности данных.",ОП_22.pdf: REQ 21 — PDF 575; REQ 22–23 — PDF 576,"Требования прямо сравнивают сообщение с записью Единого реестра ТЗ Союза: количество и значения DocValidityDate, а также новое максимальное значение."
MEDIUM,EXTERNAL_INFORMATION_SYSTEMS,OP22,P.SP.02,P.SP.02.PRC.030,P.SP.02.TRN.048,P.SP.02.OPR.163,P.SP.02.MSG.053,REQ 23,"Таблица 71, п.23 (R.IP.SP.02.007)",,R.IP.SP.02.007,ipcdo:UnifiedRegisterRecordsDetails,csdo:DocValidityDate,ipcdo:UnifiedRegisterRecordsDetails/csdo:DocValidityDate,Классифицировано как EXTERNAL,NONE,Реестр национального патентного ведомства,NONE,NO,NO,Подключить машиночитаемый реестр национального патентного ведомства,External resource check: the new DocValidityDate value in message (not matching external register) must be strictly greater than all other DocValidityDate values.,NEEDS_EXTERNAL_REGISTRY,NO,EXTERNAL_INFORMATION_SYSTEMS,P3,Локальным кодом и PDF это полностью не закрывается: правило сравнивает сообщение с фактическими данными внешнего реестра.,"Получить официальный доступ/выгрузку или согласованный локальный снимок реестра, определить ключи сопоставления и дату актуальности данных.",ОП_22.pdf: REQ 21 — PDF 575; REQ 22–23 — PDF 576,"Требования прямо сравнивают сообщение с записью Единого реестра ТЗ Союза: количество и значения DocValidityDate, а также новое максимальное значение."
LOW,CLASSIFIERS_AND_REFERENCE_DATA,OP22,P.SP.02,P.SP.02.PRC.033,P.SP.02.TRN.049,P.SP.02.OPR.176,P.SP.02.MSG.054,REQ 4,"Таблица 72, п.4 (R.IP.SP.03.003)",,R.IP.SP.03.003,IPDutyDetails,ipsdo:IPLegalActionKindCode,ipsdo:IPLegalActionKindCode,Классифицировано как SAFE_PARTIAL,Union unified classifier for IP legal action kinds,Решение Коллегии ЕЭК №92 / реестр Союза,NONE,NO,NO,Расширить валидацию после получения эталонного реестра,The locally observable code-present branch is executable; classifier availability and code membership require the external Union classifier.,NEEDS_REFERENCE_DATA,NO,CLASSIFIERS_AND_REFERENCE_DATA,P2,"Правило в PDF есть, но полная офлайн-проверка зависит от официального справочника/классификатора. Одного текста регламента недостаточно, если нужно определить наличие кода или допустимое значение.","Получить официальный машиночитаемый классификатор/справочник, зафиксировать его версию/дату, сохранить локальный снимок и подключить его к валидатору.",Точная нормативная таблица указана в source; страницу нужно фиксировать при подключении соответствующего справочника.,Для R.IP.SP.02.002 структура и QName уже подтверждены; незакрытая часть — именно reference data.
LOW,CLASSIFIERS_AND_REFERENCE_DATA,OP22,P.SP.02,P.SP.02.PRC.033,P.SP.02.TRN.049,P.SP.02.OPR.176,P.SP.02.MSG.054,REQ 5,"Таблица 72, п.5 (R.IP.SP.03.003)",,R.IP.SP.03.003,IPDutyDetails,ipsdo:IPLegalActionKindCode,ipsdo:IPLegalActionKindCode,Классифицировано как SAFE_PARTIAL,Union unified classifier for IP legal action kinds,Решение Коллегии ЕЭК №92 / реестр Союза,NONE,NO,NO,Расширить валидацию после получения эталонного реестра,"The locally observable code-absent branch is executable, including required name and membership in the four Table 72 literals; classifier absence itself is external.",NEEDS_REFERENCE_DATA,NO,CLASSIFIERS_AND_REFERENCE_DATA,P2,"Правило в PDF есть, но полная офлайн-проверка зависит от официального справочника/классификатора. Одного текста регламента недостаточно, если нужно определить наличие кода или допустимое значение.","Получить официальный машиночитаемый классификатор/справочник, зафиксировать его версию/дату, сохранить локальный снимок и подключить его к валидатору.",Точная нормативная таблица указана в source; страницу нужно фиксировать при подключении соответствующего справочника.,Для R.IP.SP.02.002 структура и QName уже подтверждены; незакрытая часть — именно reference data.
LOW,CLASSIFIERS_AND_REFERENCE_DATA,OP22,P.SP.02,P.SP.02.PRC.033,P.SP.02.TRN.049,P.SP.02.OPR.177,P.SP.02.MSG.055,REQ 4,"Таблица 73/72, п.4 (R.IP.SP.03.003)",,R.IP.SP.03.003,IPDutyDetails,ipsdo:IPLegalActionKindCode,ipsdo:IPLegalActionKindCode,Классифицировано как SAFE_PARTIAL,Union unified classifier for IP legal action kinds,Решение Коллегии ЕЭК №92 / реестр Союза,NONE,NO,NO,Расширить валидацию после получения эталонного реестра,"Local conditional predicate mapped: if IPLegalActionKindCode is present, IPLegalActionKindName is forbidden. External classifier availability and code validation remain unmapped remainder.",NEEDS_REFERENCE_DATA,NO,CLASSIFIERS_AND_REFERENCE_DATA,P2,"Правило в PDF есть, но полная офлайн-проверка зависит от официального справочника/классификатора. Одного текста регламента недостаточно, если нужно определить наличие кода или допустимое значение.","Получить официальный машиночитаемый классификатор/справочник, зафиксировать его версию/дату, сохранить локальный снимок и подключить его к валидатору.",Точная нормативная таблица указана в source; страницу нужно фиксировать при подключении соответствующего справочника.,Для R.IP.SP.02.002 структура и QName уже подтверждены; незакрытая часть — именно reference data.
LOW,CLASSIFIERS_AND_REFERENCE_DATA,OP22,P.SP.02,P.SP.02.PRC.033,P.SP.02.TRN.049,P.SP.02.OPR.177,P.SP.02.MSG.055,REQ 5,"Таблица 73/72, п.5 (R.IP.SP.03.003)",,R.IP.SP.03.003,IPDutyDetails,ipsdo:IPLegalActionKindCode,ipsdo:IPLegalActionKindCode,Классифицировано как SAFE_PARTIAL,Union unified classifier for IP legal action kinds,Решение Коллегии ЕЭК №92 / реестр Союза,NONE,NO,NO,Расширить валидацию после получения эталонного реестра,"Local conditional predicate mapped: if IPLegalActionKindCode is absent, IPLegalActionKindName is required. External classifier absence check and 4-value set comparison remain unmapped remainder.",NEEDS_REFERENCE_DATA,NO,CLASSIFIERS_AND_REFERENCE_DATA,P2,"Правило в PDF есть, но полная офлайн-проверка зависит от официального справочника/классификатора. Одного текста регламента недостаточно, если нужно определить наличие кода или допустимое значение.","Получить официальный машиночитаемый классификатор/справочник, зафиксировать его версию/дату, сохранить локальный снимок и подключить его к валидатору.",Точная нормативная таблица указана в source; страницу нужно фиксировать при подключении соответствующего справочника.,Для R.IP.SP.02.002 структура и QName уже подтверждены; незакрытая часть — именно reference data.
HIGH,ENGINE_CAPABILITY_GAPS,OP22,P.SP.02,P.SP.02.PRC.033,P.SP.02.TRN.049,P.SP.02.OPR.177,P.SP.02.MSG.055,REQ 7,"Таблица 73, п.7 (R.IP.SP.03.003)",,R.IP.SP.03.003,IPDutyDetails,ipcdo:IPPaymentDetails,ipcdo:IPPaymentDetails,Классифицировано как ENGINE_UNSUPPORTED,NONE,Движок валидации правил,cardinality after predicate,YES,NO,Добавить поддержку возможности в rules engine: INCLUSIVE_OR_SIBLING_CARDINALITY_NOT_SUPPORTED,"Normative requirement mandates IPPaymentDetails presence AND inclusive OR between BankAccountDetails and PaymentSystemAccountDetails (at least one must be present, both permitted). Engine lacks inclus",FIX_NOW_CODE,YES,ENGINE_CAPABILITY_GAPS,P1,"Можно закрывать сейчас. Нормативное правило уже найдено; пробел связан не с документами, а с отсутствующей возможностью rules_engine.",Реализовать capability: cardinality after predicate; добавить положительные и отрицательные тесты.,Использовать таблицу/пункт из поля source; дополнительных внешних документов не требуется.,Исходный реестр уже помечает can_fix_without_external_docs=YES для этой категории.
LOW,CLASSIFIERS_AND_REFERENCE_DATA,OP22,P.SP.02,P.SP.02.PRC.035,P.SP.02.TRN.050,P.SP.02.OPR.183,P.SP.02.MSG.056,REQ 19,"Table 74, п.19",,R.IP.SP.03.003,ipcdo:IPPaymentDetails,ipcdo:IPPaymentDetails; ipcdo:AccompanyingDocumentsDetails,ipcdo:IPPaymentDetails; ipcdo:AccompanyingDocumentsDetails,Классифицировано как SAFE_PARTIAL,Классификация: SAFE_PARTIAL,Нормативный источник / XSD,NONE,NO,NO,Расширить валидацию после получения эталонного реестра,,NEEDS_REFERENCE_DATA,NO,CLASSIFIERS_AND_REFERENCE_DATA,P2,"Правило в PDF есть, но полная офлайн-проверка зависит от официального справочника/классификатора. Одного текста регламента недостаточно, если нужно определить наличие кода или допустимое значение.","Получить официальный машиночитаемый классификатор/справочник, зафиксировать его версию/дату, сохранить локальный снимок и подключить его к валидатору.",Точная нормативная таблица указана в source; страницу нужно фиксировать при подключении соответствующего справочника.,Для R.IP.SP.02.002 структура и QName уже подтверждены; незакрытая часть — именно reference data.
MEDIUM,EXTERNAL_INFORMATION_SYSTEMS,OP22,P.SP.02,P.SP.02.PRC.035,P.SP.02.TRN.050,P.SP.02.OPR.183,P.SP.02.MSG.056,REQ 4,"Table 74, п.4",,R.IP.SP.03.003,ipcdo:PatentAuthorityDetails,ipsdo:IPDocKindCode,ipcdo:PatentAuthorityDetails/ipsdo:IPDocKindCode,Классифицировано как EXTERNAL,Классификация: EXTERNAL,Нормативный источник / XSD,NONE,NO,NO,Интегрировать сетевой сервис верификации реестра Союза,,NEEDS_REFERENCE_DATA,NO,CLASSIFIERS_AND_REFERENCE_DATA,P2,Категория в исходном GAP была слишком грубой: это не проверка внешнего реестра по сети. Таблица 74 наследует требования 1–6 таблицы 72; REQ 4–5 зависят от наличия справочника видов юридически значимых действий в ресурсах НСИ Союза.,Официальный машиночитаемый справочник видов юридически значимых действий либо подтвержденный локальный снимок/метаданные о его включении в ресурсы НСИ Союза. После этого проверять code/name офлайн.,ОП_22.pdf: табл. 72 — PDF 801–802; табл. 74 наследует REQ 1–6 — PDF 804,"Таблица 72 REQ 4–5 прямо формулирует ветвление 'при включении справочника / при отсутствии справочника'; таблица 74 указывает, что REQ 1–6 совпадают с таблицей 72."
MEDIUM,EXTERNAL_INFORMATION_SYSTEMS,OP22,P.SP.02,P.SP.02.PRC.035,P.SP.02.TRN.050,P.SP.02.OPR.183,P.SP.02.MSG.056,REQ 5,"Table 74, п.5",,R.IP.SP.03.003,ipcdo:PatentAuthorityDetails,ipsdo:IPDocKindName,ipcdo:PatentAuthorityDetails/ipsdo:IPDocKindName,Классифицировано как EXTERNAL,Классификация: EXTERNAL,Нормативный источник / XSD,NONE,NO,NO,Интегрировать сетевой сервис верификации реестра Союза,,NEEDS_REFERENCE_DATA,NO,CLASSIFIERS_AND_REFERENCE_DATA,P2,Категория в исходном GAP была слишком грубой: это не проверка внешнего реестра по сети. Таблица 74 наследует требования 1–6 таблицы 72; REQ 4–5 зависят от наличия справочника видов юридически значимых действий в ресурсах НСИ Союза.,Официальный машиночитаемый справочник видов юридически значимых действий либо подтвержденный локальный снимок/метаданные о его включении в ресурсы НСИ Союза. После этого проверять code/name офлайн.,ОП_22.pdf: табл. 72 — PDF 801–802; табл. 74 наследует REQ 1–6 — PDF 804,"Таблица 72 REQ 4–5 прямо формулирует ветвление 'при включении справочника / при отсутствии справочника'; таблица 74 указывает, что REQ 1–6 совпадают с таблицей 72."
MEDIUM,CLASSIFIERS_AND_REFERENCE_DATA,OP22,P.SP.02,P.SP.02.PRC.035,P.SP.02.TRN.050,P.SP.02.OPR.184,P.SP.02.MSG.057,REQ 4,"Таблица 75/74/72, п.4 (R.IP.SP.03.003)",,R.IP.SP.03.003,IPDutyDetails,ipsdo:IPLegalActionKindCode,ipsdo:IPLegalActionKindCode,Классифицировано как EXTERNAL,Inclusion of legal action classifier in Union unified NSI resources,Решение Коллегии ЕЭК №92 / реестр Союза,NONE,NO,NO,Подключить машиночитаемый справочник/классификатор ЕЭК,External dependency: applies upon inclusion of legal action classifier in Union unified NSI resources.,NEEDS_REFERENCE_DATA,NO,CLASSIFIERS_AND_REFERENCE_DATA,P2,"Правило в PDF есть, но полная офлайн-проверка зависит от официального справочника/классификатора. Одного текста регламента недостаточно, если нужно определить наличие кода или допустимое значение.","Получить официальный машиночитаемый классификатор/справочник, зафиксировать его версию/дату, сохранить локальный снимок и подключить его к валидатору.",Точная нормативная таблица указана в source; страницу нужно фиксировать при подключении соответствующего справочника.,Для R.IP.SP.02.002 структура и QName уже подтверждены; незакрытая часть — именно reference data.
MEDIUM,CLASSIFIERS_AND_REFERENCE_DATA,OP22,P.SP.02,P.SP.02.PRC.035,P.SP.02.TRN.050,P.SP.02.OPR.184,P.SP.02.MSG.057,REQ 5,"Таблица 75/74/72, п.5 (R.IP.SP.03.003)",,R.IP.SP.03.003,IPDutyDetails,ipsdo:IPLegalActionKindCode,ipsdo:IPLegalActionKindCode,Классифицировано как EXTERNAL,Absence of legal action classifier in Union unified NSI resources,Решение Коллегии ЕЭК №92 / реестр Союза,NONE,NO,NO,Подключить машиночитаемый справочник/классификатор ЕЭК,External dependency: applies upon absence of legal action classifier in Union unified NSI resources.,NEEDS_REFERENCE_DATA,NO,CLASSIFIERS_AND_REFERENCE_DATA,P2,"Правило в PDF есть, но полная офлайн-проверка зависит от официального справочника/классификатора. Одного текста регламента недостаточно, если нужно определить наличие кода или допустимое значение.","Получить официальный машиночитаемый классификатор/справочник, зафиксировать его версию/дату, сохранить локальный снимок и подключить его к валидатору.",Точная нормативная таблица указана в source; страницу нужно фиксировать при подключении соответствующего справочника.,Для R.IP.SP.02.002 структура и QName уже подтверждены; незакрытая часть — именно reference data.
LOW,CLASSIFIERS_AND_REFERENCE_DATA,OP22,P.SP.02,P.SP.02.PRC.035,P.SP.02.TRN.050,P.SP.02.OPR.184,P.SP.02.MSG.057,REQ 19,"Таблица 75/74, п.19 (R.IP.SP.03.003)",,R.IP.SP.03.003,ipcdo:AccompanyingDocumentsDetails,csdo:DocBinaryText,ipcdo:IPPaymentDetails/ipcdo:AccompanyingDocumentsDetails/csdo:DocBinaryText,Классифицировано как SAFE_PARTIAL,DocBinaryText is required and mediaTypeCode attribute must be one of allowed extensions. Payload size <= 5MB is unmapped.,Решение Коллегии ЕЭК №92 / реестр Союза,NONE,NO,NO,Расширить валидацию после получения эталонного реестра,DocBinaryText is required and mediaTypeCode attribute must be one of allowed extensions. Payload size <= 5MB is unmapped.,NEEDS_REFERENCE_DATA,NO,CLASSIFIERS_AND_REFERENCE_DATA,P2,"Правило в PDF есть, но полная офлайн-проверка зависит от официального справочника/классификатора. Одного текста регламента недостаточно, если нужно определить наличие кода или допустимое значение.","Получить официальный машиночитаемый классификатор/справочник, зафиксировать его версию/дату, сохранить локальный снимок и подключить его к валидатору.",Точная нормативная таблица указана в source; страницу нужно фиксировать при подключении соответствующего справочника.,Для R.IP.SP.02.002 структура и QName уже подтверждены; незакрытая часть — именно reference data.
LOW,CLASSIFIERS_AND_REFERENCE_DATA,OP22,P.SP.02,P.SP.02.PRC.035,P.SP.02.TRN.050,P.SP.02.OPR.184,P.SP.02.MSG.057,REQ 22,"Таблица 75, п.22 (R.IP.SP.03.003)",,R.IP.SP.03.003,IPDutyDetails,ipsdo:DutyPaymentIndicator,ipsdo:DutyPaymentIndicator,Классифицировано как SAFE_PARTIAL,NUMERIC_DECIMAL_COMPARISON_NOT_SUPPORTED,Решение Коллегии ЕЭК №92 / реестр Союза,NUMERIC_DECIMAL_COMPARISON_NOT_SUPPORTED,NO,NO,Расширить валидацию после получения эталонного реестра,"If DutyPaymentIndicator is 'false', PaymentAmount must be present. Numeric constraint PaymentAmount > 0 is unmapped due to engine gap.",NEEDS_REFERENCE_DATA,NO,CLASSIFIERS_AND_REFERENCE_DATA,P2,"Правило в PDF есть, но полная офлайн-проверка зависит от официального справочника/классификатора. Одного текста регламента недостаточно, если нужно определить наличие кода или допустимое значение.","Получить официальный машиночитаемый классификатор/справочник, зафиксировать его версию/дату, сохранить локальный снимок и подключить его к валидатору.",Точная нормативная таблица указана в source; страницу нужно фиксировать при подключении соответствующего справочника.,Для R.IP.SP.02.002 структура и QName уже подтверждены; незакрытая часть — именно reference data.
LOW,CLASSIFIERS_AND_REFERENCE_DATA,OP22,P.SP.02,P.SP.02.PRC.036,P.SP.02.TRN.051,P.SP.02.OPR.187,P.SP.02.MSG.059,REQ 4,"Таблица 78, п.4 (R.IP.SP.02.002)",,R.010,ipcdo:AccompanyingDocumentsDetails,csdo:DocBinaryText,ipcdo:TrademarkApplicationDetails/ipcdo:AccompanyingDocumentsDetails/csdo:DocBinaryText,Классифицировано как SAFE_PARTIAL,"Within each AccompanyingDocumentsDetails instance, DocBinaryText is required and mediaTypeCode attribute must be one of allowed extensions. Payload size <= 5MB is unmapped.",Решение Коллегии ЕЭК №92 / реестр Союза,NONE,NO,NO,Расширить валидацию после получения эталонного реестра,"Within each AccompanyingDocumentsDetails instance, DocBinaryText is required and mediaTypeCode attribute must be one of allowed extensions. Payload size <= 5MB is unmapped.",NEEDS_REFERENCE_DATA,NO,CLASSIFIERS_AND_REFERENCE_DATA,P2,"Правило в PDF есть, но полная офлайн-проверка зависит от официального справочника/классификатора. Одного текста регламента недостаточно, если нужно определить наличие кода или допустимое значение.","Получить официальный машиночитаемый классификатор/справочник, зафиксировать его версию/дату, сохранить локальный снимок и подключить его к валидатору.",Точная нормативная таблица указана в source; страницу нужно фиксировать при подключении соответствующего справочника.,Для R.IP.SP.02.002 структура и QName уже подтверждены; незакрытая часть — именно reference data.
MEDIUM,SEMANTIC_CLARIFICATIONS,OP22,P.SP.02,P.SP.02.PRC.036,P.SP.02.TRN.051,P.SP.02.OPR.187,P.SP.02.MSG.059,REQ 5,"Таблица 78, п.5 (R.IP.SP.02.002)",,R.010,NOT_APPLICABLE,NOT_APPLICABLE,NOT_APPLICABLE,Классифицировано как AMBIGUOUS,CLOSED_WORLD_NEGATIVE_CONSTRAINTS_NOT_SUPPORTED,Нормативный источник / XSD,CLOSED_WORLD_NEGATIVE_CONSTRAINTS_NOT_SUPPORTED,NO,NO,Уточнить нормативную формулировку сферы действия требования,"The requirement 'другие реквизиты не заполняются' does not specify which elements or scope are considered 'other' (e.g., within AccompanyingDocumentsDetails, within TrademarkApplicationDetails, or acr",NEEDS_NORMATIVE_CLARIFICATION,NO,SEMANTIC_CLARIFICATIONS,P2,"Не закрывать догадкой. Формулировка IPPartyKindCode=AP без явного repeated-owner scope конфликтует с последующими правилами, где допускаются отдельные экземпляры PA и RE.","Официально подтвердить область действия REQ 13: это условие для конкретного экземпляра заявителя, а не глобальный запрет других IPPartyDetails. Зафиксировать разъяснение/исправленную редакцию.",ОП_22.pdf: пример блока REQ 13–22 — PDF 515–518; точная таблица конкретной строки указана в source,REQ 13 требует AP; REQ 14 требует ровно один экземпляр IPPartyDetails с AP; REQ 21 и 22 отдельно разрешают PA и RE. Глобальная трактовка REQ 13 поэтому противоречива.
LOW,CLASSIFIERS_AND_REFERENCE_DATA,OP22,P.SP.02,P.SP.02.PRC.036,P.SP.02.TRN.051,P.SP.02.OPR.187,P.SP.02.MSG.059,REQ 4 (Таблица 79),"Таблица 79, п.4 (R.IP.SP.02.007)",,R.010,ipcdo:AccompanyingDocumentsDetails,csdo:DocBinaryText,ipcdo:UnifiedRegisterRecordsDetails/ipcdo:AccompanyingDocumentsDetails/csdo:DocBinaryText,Классифицировано как SAFE_PARTIAL,"Within each AccompanyingDocumentsDetails instance, DocBinaryText is required and mediaTypeCode attribute must be one of allowed extensions. Payload size <= 5MB is unmapped.",Решение Коллегии ЕЭК №92 / реестр Союза,NONE,NO,NO,Расширить валидацию после получения эталонного реестра,"Within each AccompanyingDocumentsDetails instance, DocBinaryText is required and mediaTypeCode attribute must be one of allowed extensions. Payload size <= 5MB is unmapped.",NEEDS_REFERENCE_DATA,NO,CLASSIFIERS_AND_REFERENCE_DATA,P2,"Правило в PDF есть, но полная офлайн-проверка зависит от официального справочника/классификатора. Одного текста регламента недостаточно, если нужно определить наличие кода или допустимое значение.","Получить официальный машиночитаемый классификатор/справочник, зафиксировать его версию/дату, сохранить локальный снимок и подключить его к валидатору.",Точная нормативная таблица указана в source; страницу нужно фиксировать при подключении соответствующего справочника.,Для R.IP.SP.02.002 структура и QName уже подтверждены; незакрытая часть — именно reference data.
MEDIUM,SEMANTIC_CLARIFICATIONS,OP22,P.SP.02,P.SP.02.PRC.036,P.SP.02.TRN.051,P.SP.02.OPR.187,P.SP.02.MSG.059,REQ 5 (Таблица 79),"Таблица 79, п.5 (R.IP.SP.02.007)",,R.010,NOT_APPLICABLE,NOT_APPLICABLE,NOT_APPLICABLE,Классифицировано как AMBIGUOUS,CLOSED_WORLD_NEGATIVE_CONSTRAINTS_NOT_SUPPORTED,Нормативный источник / XSD,CLOSED_WORLD_NEGATIVE_CONSTRAINTS_NOT_SUPPORTED,NO,NO,Уточнить нормативную формулировку сферы действия требования,"The requirement 'другие реквизиты не заполняются' does not specify which elements or scope are considered 'other' (e.g., within AccompanyingDocumentsDetails, within UnifiedRegisterRecordsDetails, or a",NEEDS_NORMATIVE_CLARIFICATION,NO,SEMANTIC_CLARIFICATIONS,P2,"Не закрывать догадкой. Формулировка IPPartyKindCode=AP без явного repeated-owner scope конфликтует с последующими правилами, где допускаются отдельные экземпляры PA и RE.","Официально подтвердить область действия REQ 13: это условие для конкретного экземпляра заявителя, а не глобальный запрет других IPPartyDetails. Зафиксировать разъяснение/исправленную редакцию.",ОП_22.pdf: пример блока REQ 13–22 — PDF 515–518; точная таблица конкретной строки указана в source,REQ 13 требует AP; REQ 14 требует ровно один экземпляр IPPartyDetails с AP; REQ 21 и 22 отдельно разрешают PA и RE. Глобальная трактовка REQ 13 поэтому противоречива.
MEDIUM,CLASSIFIERS_AND_REFERENCE_DATA,OP22,P.SP.02,P.SP.02.PRC.008,P.SP.02.TRN.052,P.SP.02.OPR.190,P.SP.02.MSG.061,REQ 2,"Таблица 80, п.2 (R.IP.SP.02.002)",,R.IP.SP.02.002,ipcdo:TrademarkApplicationDetails,ipsdo:IPDocKindCode,ipcdo:TrademarkApplicationDetails/ipsdo:IPDocKindCode,Классифицировано как EXTERNAL,classifier of document/material kinds,Решение Коллегии ЕЭК №92 / реестр Союза,NONE,NO,NO,Подключить машиночитаемый справочник/классификатор ЕЭК,External classifier/resource semantics are not executable.,NEEDS_REFERENCE_DATA,NO,CLASSIFIERS_AND_REFERENCE_DATA,P2,"Правило в PDF есть, но полная офлайн-проверка зависит от официального справочника/классификатора. Одного текста регламента недостаточно, если нужно определить наличие кода или допустимое значение.","Получить официальный машиночитаемый классификатор/справочник, зафиксировать его версию/дату, сохранить локальный снимок и подключить его к валидатору.",Точная нормативная таблица указана в source; страницу нужно фиксировать при подключении соответствующего справочника.,Для R.IP.SP.02.002 структура и QName уже подтверждены; незакрытая часть — именно reference data.
MEDIUM,CLASSIFIERS_AND_REFERENCE_DATA,OP22,P.SP.02,P.SP.02.PRC.008,P.SP.02.TRN.052,P.SP.02.OPR.190,P.SP.02.MSG.061,REQ 3,"Таблица 80, п.3 (R.IP.SP.02.002)",,R.IP.SP.02.002,ipcdo:TrademarkApplicationDetails,ipsdo:IPDocKindCode,ipcdo:TrademarkApplicationDetails/ipsdo:IPDocKindCode,Классифицировано как EXTERNAL,classifier of document/material kinds,Решение Коллегии ЕЭК №92 / реестр Союза,NONE,NO,NO,Подключить машиночитаемый справочник/классификатор ЕЭК,External classifier/resource semantics are not executable.,NEEDS_REFERENCE_DATA,NO,CLASSIFIERS_AND_REFERENCE_DATA,P2,"Правило в PDF есть, но полная офлайн-проверка зависит от официального справочника/классификатора. Одного текста регламента недостаточно, если нужно определить наличие кода или допустимое значение.","Получить официальный машиночитаемый классификатор/справочник, зафиксировать его версию/дату, сохранить локальный снимок и подключить его к валидатору.",Точная нормативная таблица указана в source; страницу нужно фиксировать при подключении соответствующего справочника.,Для R.IP.SP.02.002 структура и QName уже подтверждены; незакрытая часть — именно reference data.
LOW,CLASSIFIERS_AND_REFERENCE_DATA,OP22,P.SP.02,P.SP.02.PRC.008,P.SP.02.TRN.052,P.SP.02.OPR.190,P.SP.02.MSG.061,REQ 4,"Таблица 80, п.4 (R.IP.SP.02.002)",,R.IP.SP.02.002,ipcdo:TrademarkApplicationDetails,ipsdo:TrademarkApplicationId,ipcdo:TrademarkApplicationDetails/ipsdo:TrademarkApplicationId,Классифицировано как SAFE_PARTIAL,national patent-office application information resource,Решение Коллегии ЕЭК №92 / реестр Союза,NONE,NO,NO,Расширить валидацию после получения эталонного реестра,Local identifier presence is executable; external national patent office resource state/equality is not.,NEEDS_REFERENCE_DATA,NO,CLASSIFIERS_AND_REFERENCE_DATA,P2,"Правило в PDF есть, но полная офлайн-проверка зависит от официального справочника/классификатора. Одного текста регламента недостаточно, если нужно определить наличие кода или допустимое значение.","Получить официальный машиночитаемый классификатор/справочник, зафиксировать его версию/дату, сохранить локальный снимок и подключить его к валидатору.",Точная нормативная таблица указана в source; страницу нужно фиксировать при подключении соответствующего справочника.,Для R.IP.SP.02.002 структура и QName уже подтверждены; незакрытая часть — именно reference data.
MEDIUM,SEMANTIC_CLARIFICATIONS,OP22,P.SP.02,P.SP.02.PRC.008,P.SP.02.TRN.052,P.SP.02.OPR.190,P.SP.02.MSG.061,REQ 13,"Таблица 80/44, п.13 (R.IP.SP.02.002)",,R.IP.SP.02.002,ipcdo:TrademarkApplicationDetails,ipsdo:IPPartyKindCode,ipcdo:TrademarkApplicationDetails/ipcdo:IPPartyDetails/ipsdo:IPPartyKindCode,Классифицировано как AMBIGUOUS,Normative owner scope is ambiguous.,Нормативный источник / XSD,NONE,NO,NO,Уточнить нормативную формулировку сферы действия требования,Normative owner scope is ambiguous.,NEEDS_NORMATIVE_CLARIFICATION,NO,SEMANTIC_CLARIFICATIONS,P2,"Не закрывать догадкой. Формулировка IPPartyKindCode=AP без явного repeated-owner scope конфликтует с последующими правилами, где допускаются отдельные экземпляры PA и RE.","Официально подтвердить область действия REQ 13: это условие для конкретного экземпляра заявителя, а не глобальный запрет других IPPartyDetails. Зафиксировать разъяснение/исправленную редакцию.",ОП_22.pdf: пример блока REQ 13–22 — PDF 515–518; точная таблица конкретной строки указана в source,REQ 13 требует AP; REQ 14 требует ровно один экземпляр IPPartyDetails с AP; REQ 21 и 22 отдельно разрешают PA и RE. Глобальная трактовка REQ 13 поэтому противоречива.
HIGH,ENGINE_CAPABILITY_GAPS,OP22,P.SP.02,P.SP.02.PRC.008,P.SP.02.TRN.052,P.SP.02.OPR.190,P.SP.02.MSG.061,REQ 16,"Таблица 80/44, п.16 (R.IP.SP.02.002)",,R.IP.SP.02.002,ipcdo:TrademarkApplicationDetails,@nameRepresentationKindCode,ipcdo:TrademarkApplicationDetails/ipcdo:IPPartyDetails/ipsdo:IPSubjectName/@nameRepresentationKindCode,Классифицировано как ENGINE_UNSUPPORTED,NONE,Движок валидации правил,disjunction,YES,NO,Добавить поддержку возможности в rules engine: Conditional repeated/cross-collection correlation or disjunctive semantics is not expressible exactly.,No safe exact evaluator expression.,FIX_NOW_CODE,YES,ENGINE_CAPABILITY_GAPS,P1,"Можно закрывать сейчас. Нормативное правило уже найдено; пробел связан не с документами, а с отсутствующей возможностью rules_engine.",Реализовать capability: disjunction; добавить положительные и отрицательные тесты.,Использовать таблицу/пункт из поля source; дополнительных внешних документов не требуется.,Исходный реестр уже помечает can_fix_without_external_docs=YES для этой категории.
HIGH,ENGINE_CAPABILITY_GAPS,OP22,P.SP.02,P.SP.02.PRC.008,P.SP.02.TRN.052,P.SP.02.OPR.190,P.SP.02.MSG.061,REQ 17,"Таблица 80/44, п.17 (R.IP.SP.02.002)",,R.IP.SP.02.002,ipcdo:TrademarkApplicationDetails,@nameRepresentationKindCode,ipcdo:TrademarkApplicationDetails/ipcdo:IPPartyDetails/ccdo:SubjectAddressDetails/csdo:CityName/@nameRepresentationKindCode,Классифицировано как ENGINE_UNSUPPORTED,NONE,Движок валидации правил,disjunction,YES,NO,Добавить поддержку возможности в rules engine: Conditional repeated/cross-collection correlation or disjunctive semantics is not expressible exactly.,No safe exact evaluator expression.,FIX_NOW_CODE,YES,ENGINE_CAPABILITY_GAPS,P1,"Можно закрывать сейчас. Нормативное правило уже найдено; пробел связан не с документами, а с отсутствующей возможностью rules_engine.",Реализовать capability: disjunction; добавить положительные и отрицательные тесты.,Использовать таблицу/пункт из поля source; дополнительных внешних документов не требуется.,Исходный реестр уже помечает can_fix_without_external_docs=YES для этой категории.
HIGH,ENGINE_CAPABILITY_GAPS,OP22,P.SP.02,P.SP.02.PRC.008,P.SP.02.TRN.052,P.SP.02.OPR.190,P.SP.02.MSG.061,REQ 18,"Таблица 80/44, п.18 (R.IP.SP.02.002)",,R.IP.SP.02.002,ipcdo:TrademarkApplicationDetails,@nameRepresentationKindCode,ipcdo:TrademarkApplicationDetails/ipcdo:IPPartyDetails/ccdo:SubjectAddressDetails/csdo:StreetName/@nameRepresentationKindCode,Классифицировано как ENGINE_UNSUPPORTED,NONE,Движок валидации правил,positional/ordinal access,YES,NO,Добавить поддержку возможности в rules engine: Conditional repeated/cross-collection correlation or disjunctive semantics is not expressible exactly.,No safe exact evaluator expression.,FIX_NOW_CODE,YES,ENGINE_CAPABILITY_GAPS,P1,"Можно закрывать сейчас. Нормативное правило уже найдено; пробел связан не с документами, а с отсутствующей возможностью rules_engine.",Реализовать capability: positional/ordinal access; добавить положительные и отрицательные тесты.,Использовать таблицу/пункт из поля source; дополнительных внешних документов не требуется.,Исходный реестр уже помечает can_fix_without_external_docs=YES для этой категории.
HIGH,ENGINE_CAPABILITY_GAPS,OP22,P.SP.02,P.SP.02.PRC.008,P.SP.02.TRN.052,P.SP.02.OPR.190,P.SP.02.MSG.061,REQ 19,"Таблица 80/44, п.19 (R.IP.SP.02.002)",,R.IP.SP.02.002,ipcdo:TrademarkApplicationDetails,@nameRepresentationKindCode,ipcdo:TrademarkApplicationDetails/ipcdo:IPPartyDetails/ccdo:SubjectAddressDetails/csdo:BuildingNumberId/@nameRepresentationKindCode,Классифицировано как ENGINE_UNSUPPORTED,NONE,Движок валидации правил,positional/ordinal access,YES,NO,Добавить поддержку возможности в rules engine: Conditional repeated/cross-collection correlation or disjunctive semantics is not expressible exactly.,No safe exact evaluator expression.,FIX_NOW_CODE,YES,ENGINE_CAPABILITY_GAPS,P1,"Можно закрывать сейчас. Нормативное правило уже найдено; пробел связан не с документами, а с отсутствующей возможностью rules_engine.",Реализовать capability: positional/ordinal access; добавить положительные и отрицательные тесты.,Использовать таблицу/пункт из поля source; дополнительных внешних документов не требуется.,Исходный реестр уже помечает can_fix_without_external_docs=YES для этой категории.
HIGH,ENGINE_CAPABILITY_GAPS,OP22,P.SP.02,P.SP.02.PRC.008,P.SP.02.TRN.052,P.SP.02.OPR.190,P.SP.02.MSG.061,REQ 20,"Таблица 80/44, п.20 (R.IP.SP.02.002)",,R.IP.SP.02.002,ipcdo:TrademarkApplicationDetails,ccdo:CommunicationDetails,ipcdo:TrademarkApplicationDetails/ipcdo:IPPartyDetails/ccdo:CommunicationDetails,Классифицировано как ENGINE_UNSUPPORTED,NONE,Движок валидации правил,disjunction,YES,NO,Добавить поддержку возможности в rules engine: Conditional repeated/cross-collection correlation or disjunctive semantics is not expressible exactly.,No safe exact evaluator expression.,FIX_NOW_CODE,YES,ENGINE_CAPABILITY_GAPS,P1,"Можно закрывать сейчас. Нормативное правило уже найдено; пробел связан не с документами, а с отсутствующей возможностью rules_engine.",Реализовать capability: disjunction; добавить положительные и отрицательные тесты.,Использовать таблицу/пункт из поля source; дополнительных внешних документов не требуется.,Исходный реестр уже помечает can_fix_without_external_docs=YES для этой категории.
MEDIUM,CLASSIFIERS_AND_REFERENCE_DATA,OP22,P.SP.02,P.SP.02.PRC.009,P.SP.02.TRN.053,P.SP.02.OPR.194,P.SP.02.MSG.062,REQ 2,"Таблица 81, п.2 (R.IP.SP.02.002)",,R.IP.SP.02.002,ipcdo:TrademarkApplicationDetails,ipsdo:IPDocKindCode,ipcdo:TrademarkApplicationDetails/ipsdo:IPDocKindCode,Классифицировано как EXTERNAL,classifier of document kinds (Decision No. 92),Решение Коллегии ЕЭК №92 / реестр Союза,NONE,NO,NO,Подключить машиночитаемый справочник/классификатор ЕЭК,Classifier inclusion condition is external.,NEEDS_REFERENCE_DATA,NO,CLASSIFIERS_AND_REFERENCE_DATA,P2,"Правило в PDF есть, но полная офлайн-проверка зависит от официального справочника/классификатора. Одного текста регламента недостаточно, если нужно определить наличие кода или допустимое значение.","Получить официальный машиночитаемый классификатор/справочник, зафиксировать его версию/дату, сохранить локальный снимок и подключить его к валидатору.",Точная нормативная таблица указана в source; страницу нужно фиксировать при подключении соответствующего справочника.,Для R.IP.SP.02.002 структура и QName уже подтверждены; незакрытая часть — именно reference data.
MEDIUM,CLASSIFIERS_AND_REFERENCE_DATA,OP22,P.SP.02,P.SP.02.PRC.009,P.SP.02.TRN.053,P.SP.02.OPR.194,P.SP.02.MSG.062,REQ 3,"Таблица 81, п.3 (R.IP.SP.02.002)",,R.IP.SP.02.002,ipcdo:TrademarkApplicationDetails,ipsdo:IPDocKindCode,ipcdo:TrademarkApplicationDetails/ipsdo:IPDocKindCode,Классифицировано как EXTERNAL,classifier of document kinds (Decision No. 92),Решение Коллегии ЕЭК №92 / реестр Союза,NONE,NO,NO,Подключить машиночитаемый справочник/классификатор ЕЭК,Classifier absence condition is external.,NEEDS_REFERENCE_DATA,NO,CLASSIFIERS_AND_REFERENCE_DATA,P2,"Правило в PDF есть, но полная офлайн-проверка зависит от официального справочника/классификатора. Одного текста регламента недостаточно, если нужно определить наличие кода или допустимое значение.","Получить официальный машиночитаемый классификатор/справочник, зафиксировать его версию/дату, сохранить локальный снимок и подключить его к валидатору.",Точная нормативная таблица указана в source; страницу нужно фиксировать при подключении соответствующего справочника.,Для R.IP.SP.02.002 структура и QName уже подтверждены; незакрытая часть — именно reference data.
LOW,CLASSIFIERS_AND_REFERENCE_DATA,OP22,P.SP.02,P.SP.02.PRC.009,P.SP.02.TRN.053,P.SP.02.OPR.194,P.SP.02.MSG.062,REQ 4,"Таблица 81, п.4 (R.IP.SP.02.002)",,R.IP.SP.02.002,ipcdo:TrademarkApplicationDetails,ipsdo:TrademarkApplicationId,ipcdo:TrademarkApplicationDetails/ipsdo:TrademarkApplicationId,Классифицировано как SAFE_PARTIAL,national patent-office application information resource,Решение Коллегии ЕЭК №92 / реестр Союза,NONE,NO,NO,Расширить валидацию после получения эталонного реестра,Local identifier presence is executable; external national patent office resource state/equality is not.,NEEDS_REFERENCE_DATA,NO,CLASSIFIERS_AND_REFERENCE_DATA,P2,"Правило в PDF есть, но полная офлайн-проверка зависит от официального справочника/классификатора. Одного текста регламента недостаточно, если нужно определить наличие кода или допустимое значение.","Получить официальный машиночитаемый классификатор/справочник, зафиксировать его версию/дату, сохранить локальный снимок и подключить его к валидатору.",Точная нормативная таблица указана в source; страницу нужно фиксировать при подключении соответствующего справочника.,Для R.IP.SP.02.002 структура и QName уже подтверждены; незакрытая часть — именно reference data.
MEDIUM,SEMANTIC_CLARIFICATIONS,OP22,P.SP.02,P.SP.02.PRC.009,P.SP.02.TRN.053,P.SP.02.OPR.194,P.SP.02.MSG.062,REQ 13,"Таблица 81/44/34, п.13 (R.IP.SP.02.002)",,R.IP.SP.02.002,ipcdo:IPPartyDetails,ipsdo:IPPartyKindCode,ipcdo:TrademarkApplicationDetails/ipcdo:IPPartyDetails/ipsdo:IPPartyKindCode,Классифицировано как AMBIGUOUS,Inherited Table 81 -> Table 44 -> Table 34 rule 13.,Нормативный источник / XSD,NONE,NO,NO,Уточнить нормативную формулировку сферы действия требования,Inherited Table 81 -> Table 44 -> Table 34 rule 13.,NEEDS_NORMATIVE_CLARIFICATION,NO,SEMANTIC_CLARIFICATIONS,P2,"Не закрывать догадкой. Формулировка IPPartyKindCode=AP без явного repeated-owner scope конфликтует с последующими правилами, где допускаются отдельные экземпляры PA и RE.","Официально подтвердить область действия REQ 13: это условие для конкретного экземпляра заявителя, а не глобальный запрет других IPPartyDetails. Зафиксировать разъяснение/исправленную редакцию.",ОП_22.pdf: пример блока REQ 13–22 — PDF 515–518; точная таблица конкретной строки указана в source,REQ 13 требует AP; REQ 14 требует ровно один экземпляр IPPartyDetails с AP; REQ 21 и 22 отдельно разрешают PA и RE. Глобальная трактовка REQ 13 поэтому противоречива.
HIGH,ENGINE_CAPABILITY_GAPS,OP22,P.SP.02,P.SP.02.PRC.009,P.SP.02.TRN.053,P.SP.02.OPR.194,P.SP.02.MSG.062,REQ 18,"Таблица 81/44/34, п.18 (R.IP.SP.02.002)",,R.IP.SP.02.002,ipcdo:TrademarkApplicationDetails,ipcdo:TrademarkApplicationDetails,ipcdo:TrademarkApplicationDetails,Классифицировано как ENGINE_UNSUPPORTED,NONE,Движок валидации правил,positional/ordinal access,YES,NO,Добавить поддержку возможности в rules engine: Inherited Table 81 -> Table 44 -> Table 34 rule 18.,Inherited Table 81 -> Table 44 -> Table 34 rule 18.,FIX_NOW_CODE,YES,ENGINE_CAPABILITY_GAPS,P1,"Можно закрывать сейчас. Нормативное правило уже найдено; пробел связан не с документами, а с отсутствующей возможностью rules_engine.",Реализовать capability: positional/ordinal access; добавить положительные и отрицательные тесты.,Использовать таблицу/пункт из поля source; дополнительных внешних документов не требуется.,Исходный реестр уже помечает can_fix_without_external_docs=YES для этой категории.
HIGH,ENGINE_CAPABILITY_GAPS,OP22,P.SP.02,P.SP.02.PRC.009,P.SP.02.TRN.053,P.SP.02.OPR.194,P.SP.02.MSG.062,REQ 19,"Таблица 81/44/34, п.19 (R.IP.SP.02.002)",,R.IP.SP.02.002,ipcdo:TrademarkApplicationDetails,ipcdo:TrademarkApplicationDetails,ipcdo:TrademarkApplicationDetails,Классифицировано как ENGINE_UNSUPPORTED,NONE,Движок валидации правил,positional/ordinal access,YES,NO,Добавить поддержку возможности в rules engine: Inherited Table 81 -> Table 44 -> Table 34 rule 19.,Inherited Table 81 -> Table 44 -> Table 34 rule 19.,FIX_NOW_CODE,YES,ENGINE_CAPABILITY_GAPS,P1,"Можно закрывать сейчас. Нормативное правило уже найдено; пробел связан не с документами, а с отсутствующей возможностью rules_engine.",Реализовать capability: positional/ordinal access; добавить положительные и отрицательные тесты.,Использовать таблицу/пункт из поля source; дополнительных внешних документов не требуется.,Исходный реестр уже помечает can_fix_without_external_docs=YES для этой категории.
MEDIUM,CLASSIFIERS_AND_REFERENCE_DATA,OP22,P.SP.02,P.SP.02.PRC.034,P.SP.02.TRN.054,P.SP.02.OPR.198,P.SP.02.MSG.063,REQ 2,"Таблица 82, п.2 (R.IP.SP.02.002)",,R.IP.SP.02.002,ipcdo:TrademarkApplicationDetails,ipsdo:IPDocKindCode,ipcdo:TrademarkApplicationDetails/ipsdo:IPDocKindCode,Классифицировано как EXTERNAL,CLASSIFIER_DOCUMENT_KIND,Решение Коллегии ЕЭК №92 / реестр Союза,NONE,NO,NO,Подключить машиночитаемый справочник/классификатор ЕЭК,"Normative condition depends on whether the classifier includes a code value for document kind 'Уведомление о признании заявки на регистрацию товарного знака, знака обслуживания Евразийского экономичес",NEEDS_REFERENCE_DATA,NO,CLASSIFIERS_AND_REFERENCE_DATA,P2,"Правило в PDF есть, но полная офлайн-проверка зависит от официального справочника/классификатора. Одного текста регламента недостаточно, если нужно определить наличие кода или допустимое значение.","Получить официальный машиночитаемый классификатор/справочник, зафиксировать его версию/дату, сохранить локальный снимок и подключить его к валидатору.",Точная нормативная таблица указана в source; страницу нужно фиксировать при подключении соответствующего справочника.,Для R.IP.SP.02.002 структура и QName уже подтверждены; незакрытая часть — именно reference data.
MEDIUM,CLASSIFIERS_AND_REFERENCE_DATA,OP22,P.SP.02,P.SP.02.PRC.034,P.SP.02.TRN.054,P.SP.02.OPR.198,P.SP.02.MSG.063,REQ 3,"Таблица 82, п.3 (R.IP.SP.02.002)",,R.IP.SP.02.002,ipcdo:TrademarkApplicationDetails,ipsdo:IPDocKindCode,ipcdo:TrademarkApplicationDetails/ipsdo:IPDocKindCode,Классифицировано как EXTERNAL,CLASSIFIER_DOCUMENT_KIND,Решение Коллегии ЕЭК №92 / реестр Союза,NONE,NO,NO,Подключить машиночитаемый справочник/классификатор ЕЭК,"Normative condition depends on whether the classifier lacks a code value for document kind 'Уведомление о признании заявки на регистрацию товарного знака, знака обслуживания Евразийского экономическог",NEEDS_REFERENCE_DATA,NO,CLASSIFIERS_AND_REFERENCE_DATA,P2,"Правило в PDF есть, но полная офлайн-проверка зависит от официального справочника/классификатора. Одного текста регламента недостаточно, если нужно определить наличие кода или допустимое значение.","Получить официальный машиночитаемый классификатор/справочник, зафиксировать его версию/дату, сохранить локальный снимок и подключить его к валидатору.",Точная нормативная таблица указана в source; страницу нужно фиксировать при подключении соответствующего справочника.,Для R.IP.SP.02.002 структура и QName уже подтверждены; незакрытая часть — именно reference data.
LOW,CLASSIFIERS_AND_REFERENCE_DATA,OP22,P.SP.02,P.SP.02.PRC.034,P.SP.02.TRN.054,P.SP.02.OPR.198,P.SP.02.MSG.063,REQ 4,"Таблица 82, п.4 (R.IP.SP.02.002)",,R.IP.SP.02.002,ipcdo:TrademarkApplicationDetails,ipsdo:TrademarkApplicationId,ipcdo:TrademarkApplicationDetails/ipsdo:TrademarkApplicationId,Классифицировано как SAFE_PARTIAL,EXTERNAL_NATIONAL_PATENT_OFFICE_DATABASE,Решение Коллегии ЕЭК №92 / реестр Союза,NONE,NO,NO,Расширить валидацию после получения эталонного реестра,Presence of TrademarkApplicationId inside TrademarkApplicationDetails is required and safe to map locally. The remainder requires an external national patent office database query for StatusCode in (',NEEDS_REFERENCE_DATA,NO,CLASSIFIERS_AND_REFERENCE_DATA,P2,"Правило в PDF есть, но полная офлайн-проверка зависит от официального справочника/классификатора. Одного текста регламента недостаточно, если нужно определить наличие кода или допустимое значение.","Получить официальный машиночитаемый классификатор/справочник, зафиксировать его версию/дату, сохранить локальный снимок и подключить его к валидатору.",Точная нормативная таблица указана в source; страницу нужно фиксировать при подключении соответствующего справочника.,Для R.IP.SP.02.002 структура и QName уже подтверждены; незакрытая часть — именно reference data.
